Job tenure,Age,Car price,Funding amount,Loan duration,Monthly payment,Down payment,Credit event,Married,Homeowner,Default
34,55,4875,3087,36,0.04789473684210526,0,0,1,1,0
5,29,13000,13000,60,0.09166666666666666,0,0,0,0,1
14,38,17190,14190,60,0.08823529411764706,0,0,0,0,0
16,37,22773,23568,48,0.1100843712334271,0,0,1,1,0
1,61,7700,8526,48,0.1234042553191489,0,0,1,0,1
17,50,10250,5750,48,0.1101694915254237,0,0,0,1,0
8,45,8050,6050,48,0.06043478260869565,0,0,0,0,0
10,51,9950,9610,60,0.06974358974358974,0,0,0,0,0
1,28,3890,4306,36,0.07470588235294118,0,1,1,0,1
1,28,10790,11954,84,0.1108843537414966,0,0,0,0,1
6,36,15589,9366,48,0.08584589614740369,0,0,1,0,0
3,67,15990,15487,48,0.06,0,0,0,0,0
2,48,13400,11800,96,0.1808252427184466,0,0,0,0,0
5,39,25790,25901,60,0.09172126265634306,0,0,1,0,0
15,53,3400,3400,24,0.06772727272727273,0,1,1,1,0
1,30,18400,13169,36,0.5555555555555556,0,0,0,0,0
5,23,24250,20594,48,0.1633333333333333,0,0,0,0,0
3,22,9078,9909,60,0.09076923076923077,0,0,0,1,0
0,25,15990,17302,60,0.1584615384615385,0,0,0,0,0
44,60,13800,11808,72,0.07102040816326531,0,0,1,1,0
0,30,6990,5433,60,0.08169934640522876,0,0,1,0,1
8,32,16120,11448,60,0.05441860465116279,0,0,0,1,0
26,58,14990,10690,72,0.11,0,0,0,1,0
3,26,14140,4840,12,0.2985714285714286,1,0,1,1,0
10,61,8600,8600,36,0.1770034843205575,0,0,1,1,0
4,67,2986,2986,12,0.1953846153846154,0,0,1,0,0
44,61,19312,19312,72,0.1204,0,0,1,0,0
0,24,10990,10000,60,0.08357142857142857,0,0,0,0,0
5,51,13600,13600,48,0.02446428571428571,0,0,1,1,0
2,29,8200,7352,84,0.076103500761035,0,0,0,0,0
2,49,5950,5753,60,0.08917748917748917,0,0,1,0,0
9,71,22830,12330,36,0.06666666666666667,0,0,1,0,0
4,53,14900,13500,72,0.1085,0,0,1,0,0
14,41,16200,17569,60,0.09615384615384616,0,0,1,1,0
4,44,9289,9289,48,0.071,0,0,0,0,1
22,49,11000,10843,60,0.124282982791587,0,0,0,0,0
16,45,24000,25792,96,0.1048387096774194,0,0,1,1,1
25,58,18538,9273,60,0.05581395348837209,0,0,1,0,0
40,61,8400,8400,60,0.03422222222222222,0,0,1,0,0
6,36,17300,20403,84,0.06529382219989954,0,0,1,1,0
27,56,12049,13585,60,0.1363636363636364,0,0,1,1,0
21,40,6752,6752,36,0.05934455270150576,0,0,1,1,0
4,47,6990,7700,72,0.09968602825745683,0,0,1,0,0
15,52,27985,27985,72,0.1028235294117647,0,0,0,1,0
1,47,16500,14565,72,0.09043478260869565,0,0,0,0,0
1,22,8500,8500,48,0.05555555555555555,0,0,0,0,0
3,23,16250,13785,60,0.08555555555555555,0,0,0,0,0
3,49,6166,6841,60,0.09333333333333334,0,0,1,1,1
3,61,9710,9220,48,0.0625,0,0,1,0,0
0,30,7480,7978,36,0.1058823529411765,0,0,1,0,1
1,19,18990,20450,72,0.08064516129032258,0,0,0,0,1
2,22,13000,2500,12,0.122331217541835,1,0,0,0,0
30,58,35480,16000,60,0.0684964200477327,0,0,1,1,0
3,57,8900,4802,60,0.06206896551724138,1,0,0,0,0
1,28,6450,6404,36,0.1044133476856835,0,0,1,0,1
21,53,18990,18567,96,0.07890909090909091,0,0,1,1,0
12,46,5900,5750,60,0.04497816593886463,0,0,1,1,0
28,52,22990,15410,72,0.1335294117647059,1,0,1,1,0
15,56,11801,12500,60,0.05958188153310105,1,0,0,1,0
28,48,29139,9139,36,0.16875,1,0,1,1,0
7,71,11490,11490,72,0.1247619047619048,0,0,1,0,0
24,58,13500,11950,60,0.06265664160401002,0,0,0,0,0
4,23,19890,16747,48,0.1470588235294118,0,0,0,0,0
0,65,11490,7690,60,0.1490236382322713,0,0,0,0,0
0,22,14900,14900,60,0.2,0,0,0,0,0
9,36,19683,22848,72,0.08437892095357591,0,0,1,0,0
3,42,8899,6014,72,0.07615384615384616,0,0,0,0,0
7,27,12880,11292,48,0.1275,0,0,1,0,0
10,51,16900,17920,72,0.2092307692307692,0,0,1,0,0
0,53,13200,14383,36,0.1546153846153846,0,0,0,1,0
13,73,14950,10950,84,0.093125,0,0,1,0,0
2,27,8300,8300,72,0.07,0,0,0,0,0
1,50,17900,17900,60,0.1982352941176471,0,0,1,0,0
1,37,14700,7118,24,0.1275,1,0,1,1,0
10,74,7490,2490,12,0.1638461538461538,1,0,1,1,0
4,23,9000,8591,36,0.1946153846153846,0,0,0,0,0
0,34,16700,14886,60,0.1756410256410256,0,0,0,0,0
3,43,26179,29248,96,0.1433764135702746,0,0,1,0,0
16,63,7146,7146,36,0.1507142857142857,0,0,0,1,0
0,44,5839,6067,24,0.02547223812249571,0,0,1,0,0
16,38,14900,14900,48,0.07239130434782609,0,0,1,1,0
3,53,5690,5608,72,0.0525,0,0,0,0,1
4,37,28854,29000,72,0.1112280701754386,0,0,1,0,1
14,35,17960,14960,48,0.1,0,0,0,0,0
17,53,9800,9800,72,0.04131578947368421,0,0,1,1,0
0,33,8900,7400,60,0.07722222222222222,0,0,1,0,0
2,66,9500,11524,72,0.1521739130434783,0,1,0,1,1
8,47,9950,7950,48,0.04119973632168754,0,0,1,1,0
39,63,15990,13142,72,0.07933333333333334,0,0,1,1,0
4,46,10900,11942,72,0.09538461538461539,0,0,1,0,0
19,71,14850,10000,60,0.06,0,0,1,1,0
2,56,22129,17629,96,0.09545454545454546,0,0,1,1,0
23,85,10000,7500,36,0.151285930408472,0,0,1,0,0
9,34,19990,14190,60,0.121852970795569,0,0,1,0,0
1,43,11079,11079,72,0.1023890784982935,0,0,1,1,0
10,51,18500,20378,72,0.09571428571428571,0,0,1,0,0
5,41,12968,12968,48,0.1389277389277389,0,0,1,0,0
6,37,8990,8650,72,0.0421084519842472,0,0,0,0,0
1,29,13990,11990,84,0.07347826086956522,0,0,0,0,0
3,37,9990,8052,36,0.1205,0,0,1,0,0
8,25,5900,3315,48,0.018,1,0,1,0,0
1,40,15990,14990,60,0.127141568981064,0,0,1,0,1
3,22,6600,2764,24,0.08571428571428572,1,0,0,0,0
0,41,16379,15374,48,0.07770652583930593,0,1,0,0,1
0,38,7750,6712,36,0.1164705882352941,0,0,0,0,1
0,48,6090,6340,48,0.0746039856923863,0,0,1,0,1
6,28,20400,18900,60,0.1094444444444444,0,0,0,0,0
0,45,16300,16300,72,0.06912696226934728,0,0,1,1,0
4,51,7680,8897,72,0.0415625,0,0,1,0,0
2,23,17990,19713,72,0.1776,0,0,0,0,1
3,30,6012,6456,36,0.1727272727272727,0,0,0,0,0
0,42,9990,11381,60,0.064,0,0,0,1,0
8,30,11375,11375,96,0.07823529411764706,0,0,0,1,0
26,52,10990,10890,96,0.02129443326626425,0,0,1,1,0
4,34,13390,8615,48,0.07755102040816327,0,0,1,0,0
24,48,9490,10760,72,0.08,0,0,0,1,0
1,20,14800,18043,96,0.1546666666666667,0,0,0,0,1
7,29,3130,3130,36,0.0699619771863118,0,0,1,0,0
3,20,22586,22682,60,0.1814814814814815,0,0,0,0,1
31,47,12163,10163,48,0.087984496124031,0,0,1,1,0
26,44,5133,5133,36,0.08406113537117904,0,0,0,0,0
1,59,11650,5906,36,0.08894736842105264,0,0,1,0,0
5,31,16110,15870,96,0.07057163020465773,1,0,1,0,0
0,26,10540,10540,60,0.07559614408929477,0,0,0,0,1
1,41,12900,14292,84,0.1258064516129032,0,0,1,0,1
19,60,18000,16905,24,0.2246875,0,0,1,1,1
27,54,17800,20607,96,0.1030434782608696,0,0,0,1,0
22,45,17508,17508,72,0.04933333333333333,0,0,1,0,1
6,52,5844,6331,48,0.06863636363636363,0,0,0,0,0
27,50,18700,10200,96,0.03909090909090909,0,0,1,1,0
1,47,6243,6243,36,0.1268965517241379,0,0,1,0,0
10,52,715,715,8,0.0455,0,0,1,1,0
10,76,4764,4764,24,0.08333333333333333,0,0,0,0,1
2,58,12000,17159,84,0.0936,0,0,1,1,0
19,56,19160,15538,48,0.1041666666666667,0,0,1,1,0
38,55,15800,6315,48,0.03333333333333333,0,0,1,1,0
2,42,9680,10910,96,0.06691800188501414,0,0,1,1,1
4,59,6572,5000,36,0.4166666666666667,0,0,1,1,0
9,59,19990,22103,72,0.1717948717948718,0,0,1,0,1
15,42,11590,12611,60,0.08547486033519552,0,0,0,0,0
9,42,24349,24349,72,0.2126666666666667,0,0,0,0,0
42,59,18946,17046,60,0.1076923076923077,1,0,1,0,0
0,38,24880,27364,72,0.1162962962962963,0,0,1,0,1
1,49,14280,12280,60,0.04907115317209954,0,0,1,0,0
4,45,3490,3490,48,0.04184782608695652,0,0,0,1,0
5,22,20750,19050,60,0.1226666666666667,0,0,0,1,0
7,34,12500,11236,48,0.0652,0,0,0,0,0
0,31,12450,13800,72,0.1178571428571429,0,0,0,0,1
0,52,3990,4417,36,0.07065217391304347,0,0,0,0,1
8,32,14640,8122,24,0.07822222222222222,1,0,0,0,0
17,60,15600,16267,72,0.1539393939393939,0,0,1,1,0
16,46,15500,13000,96,0.05289588215600938,0,0,1,1,0
17,51,7436,8001,48,0.03252788104089219,0,0,1,1,0
7,72,7450,7756,48,0.1166666666666667,0,0,1,1,0
20,55,14990,14990,96,0.1718181818181818,0,0,1,1,0
2,66,29000,29000,60,0.1788359788359788,0,0,1,1,1
5,40,20849,20849,60,0.07176470588235294,0,0,0,0,0
15,57,26790,15790,48,0.098,0,0,1,1,0
27,52,4884,4884,24,0.1413333333333333,0,0,1,1,0
23,42,16700,12658,60,0.06133828996282528,0,0,1,1,0
2,24,2272,2417,24,0.08153846153846153,0,0,0,0,0
0,42,23900,20451,60,0.1087155963302752,0,0,0,0,0
7,43,7320,6558,72,0.09545454545454546,0,0,0,1,0
5,46,5950,5950,48,0.0685,0,0,0,0,0
0,59,2846,2846,48,0.05307692307692308,0,0,0,0,1
41,61,5572,4728,36,0.073,0,1,1,0,0
18,46,2500,2656,24,0.0456,0,0,1,1,0
0,25,16890,16153,60,0.1716666666666667,0,0,0,0,0
2,27,26228,21368,72,0.09619047619047619,0,0,0,0,0
2,24,7560,6592,60,0.07,0,0,0,0,0
2,47,11450,4000,36,0.09899328859060402,1,0,1,1,0
4,42,13800,13800,60,0.04406779661016949,0,0,1,1,0
6,58,11950,12709,96,0.1333333333333333,0,0,1,0,0
7,59,9990,9774,96,0.07,0,0,0,0,0
3,84,10800,5000,48,0.08,0,0,1,0,0
4,26,11650,12917,72,0.03412204234122043,0,0,1,0,1
1,23,13000,11248,48,0.16,0,0,0,0,0
15,78,12540,12240,48,0.1346153846153846,0,0,0,1,0
6,29,35010,29010,60,0.1355555555555556,0,0,1,0,0
1,20,16790,18821,60,0.2041666666666667,0,0,0,0,1
12,59,27219,20219,48,0.1,0,0,1,1,0
4,52,3927,4349,36,0.05157936825269892,0,0,1,1,0
6,52,9700,8576,36,0.1452941176470588,0,0,0,0,0
0,34,28650,26973,72,0.1325581395348837,0,0,1,0,1
0,60,13490,12147,36,0.1434294871794872,0,0,1,0,0
0,37,10120,11306,96,0.05910267471958585,0,0,0,0,0
25,64,8100,3600,24,0.05172413793103448,1,0,1,1,0
18,47,12844,12844,41,0.1088372093023256,0,0,1,1,1
6,38,12159,10659,60,0.09385474860335195,0,0,1,1,0
2,63,6990,5990,60,0.05405405405405406,0,0,0,0,0
17,56,14490,10814,48,0.0648508430609598,0,0,1,1,0
3,23,5950,6783,60,0.08714285714285715,0,0,0,0,0
36,56,21400,15925,60,0.1041666666666667,0,0,1,0,0
5,47,9900,8700,72,0.105,0,0,0,1,0
2,29,15000,14724,24,0.1844,0,0,0,1,0
0,44,11389,13738,84,0.1125869702719798,0,0,0,0,0
3,19,7990,4255,24,0.1430769230769231,1,0,0,0,0
0,42,4000,4250,24,0.05791139240506329,0,0,1,0,1
13,48,10360,10094,48,0.1036363636363636,0,0,0,0,0
5,50,10338,11242,60,0.1033333333333333,0,0,0,0,0
18,41,23490,20490,60,0.05997474747474747,0,0,1,0,0
1,39,22900,21802,72,0.1845588235294118,0,0,0,0,0
14,42,7922,8874,48,0.09238095238095238,0,0,1,1,0
1,62,7980,6480,36,0.08434782608695653,0,0,1,1,0
15,52,18500,17800,60,0.06633333333333333,0,0,1,0,0
1,37,18490,20058,60,0.1969230769230769,0,0,0,0,1
1,30,9200,9900,48,0.3125,0,0,0,0,0
12,36,25990,26120,72,0.08966666666666667,0,0,0,0,1
21,46,8914,8914,30,0.1036649214659686,0,0,0,0,0
4,25,7154,7749,60,0.07405405405405406,0,0,0,0,0
12,32,20016,23250,96,0.2472727272727273,0,0,0,0,1
24,43,23000,9000,12,0.2321212121212121,1,0,1,0,0
3,22,3990,4290,36,0.09142857142857143,0,0,0,1,1
36,52,15825,10260,36,0.0925,1,0,1,0,0
21,42,9016,9016,36,0.095,0,0,0,1,0
1,53,5981,6229,24,0.06388888888888888,0,0,1,1,0
42,59,16450,5600,24,0.09128205128205129,1,0,1,1,0
1,64,22610,18874,48,0.17,0,0,0,1,1
0,22,17890,19438,60,0.3104347826086957,0,0,0,0,1
0,19,13000,11615,60,0.1904347826086956,0,0,0,0,0
1,26,12490,13112,72,0.1658333333333333,0,0,1,0,0
8,54,8999,10364,60,0.09850746268656717,0,0,1,0,0
23,62,8480,8725,72,0.04380952380952381,0,0,1,0,1
4,22,20490,20490,60,0.132972972972973,0,0,0,0,0
6,69,12370,9718,72,0.05041459369817579,0,0,0,1,0
3,39,11450,10750,60,0.1071428571428571,0,0,0,1,0
0,26,11240,11240,60,0.1048,0,0,0,0,0
1,52,19350,22561,72,0.1361111111111111,0,0,0,0,1
4,50,17460,18490,60,0.12125,1,0,1,1,0
4,33,8970,10433,72,0.101875,0,0,0,0,0
2,65,7500,7499,96,0.062,0,0,1,0,0
1,41,23860,20990,84,0.09389830508474577,0,0,1,0,0
18,62,18200,20577,60,0.2514285714285714,0,0,1,1,0
0,27,3546,3809,36,0.1018181818181818,0,1,1,0,1
12,37,23000,15181,60,0.08634920634920636,0,0,1,1,0
32,60,22100,16000,48,0.05666666666666666,0,0,1,1,0
8,29,9990,9490,96,0.05404135338345865,0,0,0,0,1
24,50,10990,9390,60,0.1264285714285714,0,0,1,1,0
2,49,21145,25455,72,0.2733333333333333,0,0,0,1,0
5,29,4467,4817,48,0.09083333333333334,0,0,0,0,0
22,40,23049,17931,36,0.06090909090909091,0,0,0,1,0
3,21,11700,9200,48,0.1089473684210526,0,0,0,1,0
18,53,6300,6835,60,0.06916666666666667,0,0,0,1,1
25,71,6810,6810,72,0.07578947368421053,0,0,0,0,1
2,58,6340,6695,72,0.09581881533101046,0,0,0,0,0
14,60,11385,11485,96,0.1,0,0,0,1,0
18,56,10600,11171,48,0.168,0,0,1,1,0
9,38,8950,7939,48,0.05405405405405406,0,0,0,0,0
4,42,19400,21925,60,0.0884046052631579,0,0,0,0,1
29,57,13900,12514,60,0.05087719298245614,0,0,1,1,0
2,31,15900,17019,36,0.225,0,0,1,0,0
3,36,18470,20098,60,0.1131455399061033,0,0,1,0,0
19,36,19500,18200,60,0.05235294117647059,0,0,1,1,0
1,62,5900,4400,48,0.04208333333333333,0,0,1,0,0
22,57,4472,4472,36,0.03124260355029586,0,0,1,1,0
1,52,14000,4337,60,0.039,1,0,1,0,0
7,32,15680,17430,48,0.09444444444444444,0,0,1,0,0
4,35,12490,13838,84,0.1009076348104645,0,0,0,0,0
1,43,3400,3757,36,0.1054613935969868,0,0,0,0,0
0,26,5019,5548,36,0.1406779661016949,0,1,0,0,1
2,22,12500,12505,60,0.1166666666666667,0,0,1,0,0
4,23,13990,17022,96,0.1483870967741935,0,0,0,0,1
1,61,23115,23115,48,0.15,0,0,0,0,0
32,59,13700,12700,84,0.105,0,0,0,0,0
32,52,7700,8619,48,0.06925925925925926,0,0,1,0,0
16,54,11990,6847,36,0.1233453670276775,0,0,1,1,0
15,58,13490,13490,60,0.06300539083557952,0,0,1,1,0
9,56,11790,11790,72,0.09701492537313433,0,0,1,1,0
5,28,16250,12750,48,0.179902755267423,0,0,0,0,0
17,43,16800,11100,36,0.1443478260869565,0,0,1,0,0
20,82,7590,5090,24,0.04333333333333333,0,0,0,1,1
3,25,5750,6441,48,0.1175,0,0,0,0,1
6,28,14690,14690,60,0.0578125,0,0,0,0,0
28,64,13950,12450,60,0.138,0,0,1,1,0
9,49,19400,16900,48,0.1055,0,0,1,1,0
1,21,2350,2500,24,0.1294117647058824,0,0,0,0,1
15,53,7000,6471,48,0.1168,0,0,1,1,0
13,55,22640,25186,96,0.1873015873015873,0,0,1,0,0
15,78,4365,1550,12,0.0825,1,0,0,0,0
5,32,11490,11490,48,0.07157894736842105,0,0,1,0,0
4,56,9738,9738,36,0.1616666666666667,0,0,1,1,0
1,51,7790,2999,36,0.09,1,0,1,0,0
11,71,12790,12816,48,0.08333333333333333,0,0,1,1,0
10,71,2775,2804,12,0.1062068965517241,0,0,0,0,1
4,66,8816,8916,48,0.04901185770750988,0,0,0,1,0
20,59,21450,22560,96,0.108728943338438,0,0,0,0,1
28,46,16990,18789,72,0.085,0,0,0,0,0
12,34,17500,17500,60,0.06277173913043478,0,0,1,1,0
7,55,11390,11390,60,0.1153846153846154,0,0,1,1,0
3,27,13590,13700,60,0.125,0,0,0,0,1
3,48,9950,10533,72,0.1021170610211706,0,0,0,0,0
2,26,2000,2072,12,0.0838095238095238,0,0,0,0,0
0,32,14900,10900,48,0.1641666666666667,0,0,0,0,0
34,53,20245,20995,72,0.09083333333333334,0,0,0,1,0
1,48,8000,7063,60,0.1181818181818182,0,0,0,0,0
7,58,4643,4894,48,0.04782608695652174,0,0,1,1,0
10,40,8475,9652,60,0.09243243243243243,0,0,1,0,0
26,45,8900,6900,60,0.064,0,0,0,0,0
24,47,15030,15158,48,0.0895,0,0,1,1,0
19,39,22900,20300,72,0.05012853470437018,0,0,1,1,0
2,42,11990,17726,48,0.1365964712578258,0,0,1,1,0
0,21,4140,4397,24,0.1175,0,0,0,0,1
30,51,28780,27930,60,0.1254545454545455,0,0,0,0,0
0,23,25280,20280,36,0.1488058787507655,0,0,0,0,1
11,34,7990,9244,72,0.09784172661870504,0,0,1,0,1
15,44,7110,7110,48,0.3488888888888889,0,0,1,0,1
7,72,17700,16291,72,0.2189716312056738,0,0,0,0,1
6,69,5850,6292,24,0.12421875,0,0,1,0,0
9,73,20000,20411,24,0.1771428571428571,0,0,1,1,0
1,33,8000,6495,48,0.08052631578947368,0,0,0,0,1
4,28,17029,17029,60,0.0596969696969697,0,0,1,0,0
0,30,9690,10170,36,0.1662857142857143,0,0,0,0,0
1,42,7800,3040,36,0.05421686746987952,1,0,0,0,1
17,44,12000,12000,60,0.07150537634408602,0,0,1,1,0
5,58,18950,16133,60,0.06103448275862069,0,0,1,1,0
2,47,11490,10941,60,0.078714859437751,0,0,1,1,0
3,50,21475,21475,60,0.08888888888888889,0,0,1,1,0
0,45,21000,24093,60,0.1289905090595341,0,0,1,0,0
17,56,8390,8926,60,0.08888888888888889,0,0,1,0,0
12,37,9990,12131,96,0.05930232558139535,0,0,1,0,0
2,25,11300,8800,48,0.132,0,0,0,0,0
26,46,15300,17384,60,0.07511111111111111,0,0,1,1,0
7,57,15990,17518,84,0.1154545454545454,0,0,1,0,1
26,61,21300,18300,60,0.1283333333333333,0,0,0,1,0
2,38,11480,12522,60,0.05235109717868339,0,0,1,0,1
7,49,7980,6480,48,0.07945945945945945,0,0,1,0,1
8,50,6930,5430,36,0.03767441860465116,0,0,1,0,0
1,53,9950,6750,60,0.09071428571428572,0,0,0,0,0
9,37,20485,19485,60,0.1551297898640297,0,0,0,1,0
2,53,7990,8682,60,0.0761904761904762,0,0,1,1,0
10,39,14000,12000,36,0.09414225941422594,0,0,1,0,0
1,32,17000,18319,96,0.1238888888888889,0,0,0,0,1
48,64,13620,9000,12,0.09416195856873823,0,0,0,0,0
0,34,14160,14160,48,0.097,0,0,0,0,0
0,39,13990,13990,48,0.07766666666666666,0,0,0,0,0
3,20,15600,15165,60,0.2085714285714286,0,0,0,1,1
3,76,12990,14471,96,0.1515637530072173,0,0,0,0,1
0,18,19865,16446,72,0.1132616487455197,0,0,0,0,0
12,37,11100,11723,72,0.06828358208955224,0,0,1,0,0
0,21,8684,9259,48,0.08196721311475409,0,0,0,0,1
32,52,9979,8290,60,0.072,0,1,1,1,0
38,55,15900,5900,48,0.01594533029612756,1,0,1,1,0
7,34,13640,11640,72,0.08723747980613894,0,0,1,1,0
24,40,16100,15973,60,0.1210526315789474,0,0,0,0,0
10,51,27990,18990,36,0.177,0,0,0,0,0
0,32,14460,10762,60,0.08833333333333333,0,0,0,0,0
13,53,12500,12470,60,0.1357575757575758,0,0,1,0,0
2,23,8875,4649,36,0.08,0,0,0,0,0
24,52,5990,3490,36,0.04681818181818182,0,0,1,1,0
1,29,16800,14000,96,0.088,0,0,1,1,0
19,41,19921,21775,72,0.1563786008230453,0,0,1,1,0
14,31,8950,10206,60,0.07513513513513513,0,0,0,0,0
8,39,5039,5354,24,0.09583333333333334,0,0,0,0,0
0,50,5850,6356,60,0.09,0,0,0,0,0
1,27,3690,2009,24,0.07565217391304348,0,0,0,0,0
24,60,13040,16481,96,0.07142857142857142,0,0,1,1,0
11,61,14500,6490,36,0.183495145631068,1,0,1,1,0
6,27,12490,5925,48,0.07714285714285714,1,0,0,0,0
18,48,6017,6017,48,0.1029850746268657,0,0,0,1,0
7,60,12058,3698,24,0.1467889908256881,1,0,1,1,0
25,45,10206,11067,60,0.07797805642633229,0,0,1,1,0
8,57,15500,5860,60,0.04530201342281879,1,0,1,0,0
0,51,6950,8062,72,0.05837320574162679,0,0,1,1,1
9,29,7250,6250,36,0.1045714285714286,0,0,0,0,0
36,56,22749,19749,72,0.09090909090909091,0,0,0,1,0
9,54,13609,13609,72,0.04966666666666666,0,0,1,0,0
15,49,16771,14771,48,0.105531914893617,0,0,0,1,0
5,45,5249,5249,24,0.1621428571428571,0,0,0,0,0
9,36,16595,10595,60,0.03904630269523152,0,0,0,0,0
4,22,11990,8990,60,0.15,0,0,0,0,0
0,50,7990,7990,36,0.1448484848484848,0,0,0,0,0
2,22,26480,29039,60,0.25,0,0,0,0,1
22,51,6240,3483,36,0.03586206896551724,0,0,1,1,0
23,55,5205,5590,36,0.1620825147347741,0,0,1,0,0
11,32,20200,15338,48,0.07727272727272727,1,0,0,0,0
17,50,4503,3203,36,0.03098773402194965,0,0,1,1,0
1,59,14900,15818,72,0.1628205128205128,0,0,1,1,0
3,49,6000,4848,36,0.08347338935574229,0,0,0,1,0
0,56,5648,5648,36,0.1536363636363636,0,0,0,0,0
2,40,11490,10523,60,0.1376,0,0,0,0,1
0,19,9999,10882,60,0.09259259259259259,0,0,0,0,1
2,62,28930,26930,60,0.2153846153846154,0,0,0,1,1
19,42,16890,17652,96,0.1103092783505155,0,0,1,0,0
2,40,4700,5350,60,0.04774193548387097,0,0,0,0,1
28,62,7250,6000,48,0.06272727272727273,0,0,1,1,0
3,33,3618,3902,48,0.05028571428571429,0,0,0,0,0
3,22,17500,16796,60,0.08454545454545455,0,0,0,0,0
5,54,5900,6329,36,0.09321175278622088,0,0,0,0,1
29,56,10200,6000,48,0.04451612903225807,0,0,1,1,0
5,29,12990,12026,60,0.0975,0,0,0,0,1
3,42,9990,5575,96,0.04689655172413793,1,0,0,1,0
14,33,2501,2588,12,0.08538011695906433,0,0,0,1,0
14,43,6990,2647,24,0.07676902536715621,1,0,0,0,1
8,69,8021,8021,36,0.0948,0,0,1,1,0
13,37,17950,9000,36,0.144122383252818,0,0,1,0,0
0,25,11900,11900,72,0.1083995459704881,0,0,0,0,1
0,31,15869,15869,96,0.1666666666666667,0,0,0,0,0
16,52,17849,8446,48,0.06851851851851852,0,0,0,0,0
0,26,6880,7667,48,0.1239819004524887,0,0,0,0,1
2,18,6800,8294,96,0.1017119838872105,0,0,0,0,0
6,50,18158,20459,60,0.1618852459016394,0,0,1,1,1
1,29,30968,29107,72,0.2051612903225807,0,0,0,0,1
5,64,12900,14510,60,0.05722222222222222,0,0,1,1,0
0,51,24411,23927,48,0.06521739130434782,0,0,0,1,0
12,73,13002,8002,24,0.06896551724137931,0,0,1,1,0
0,25,6590,7399,48,0.1391666666666667,0,0,1,0,1
6,71,25990,15990,60,0.1304545454545455,0,0,1,1,0
5,69,7119,8310,60,0.102027027027027,0,0,0,0,0
9,43,10520,5340,24,0.1224489795918367,0,0,0,1,0
11,50,10105,10105,24,0.2472222222222222,0,1,1,1,1
6,29,19890,19890,60,0.1478571428571429,0,0,0,0,0
41,70,6200,6200,72,0.03703703703703703,0,0,0,1,1
4,41,16794,14273,36,0.03846153846153846,0,0,0,0,0
3,21,8990,8478,96,0.09727272727272727,0,0,0,0,0
30,54,23521,13957,48,0.11,0,0,0,0,0
17,48,8000,3273,60,0.0504,0,0,0,0,0
26,51,31000,16000,48,0.1071428571428571,1,0,1,0,0
9,55,6118,6705,48,0.06451612903225806,0,0,0,0,0
0,60,6415,2000,12,0.34,0,0,1,0,0
2,48,8845,10483,72,0.08875,0,0,1,1,1
5,41,7990,8908,48,0.05755608028335301,0,0,1,1,1
2,42,9800,9800,48,0.1473333333333333,0,0,0,0,1
20,46,11000,11000,72,0.07166666666666667,0,0,1,0,0
14,49,11500,13904,96,0.06502500961908426,0,0,0,0,0
1,25,12150,13322,72,0.1041979010494753,0,0,0,0,0
30,55,8900,9573,36,0.03064876957494407,0,1,1,1,0
5,24,9490,9768,60,0.1142857142857143,0,0,0,0,0
34,51,5000,5000,36,0.08647058823529412,0,0,1,1,0
7,29,6990,6636,84,0.03846153846153846,0,0,1,1,0
0,38,11199,11510,12,0.1113636363636364,0,0,0,0,0
11,73,14990,14500,60,0.1368421052631579,0,0,1,1,0
8,52,16400,11400,48,0.2318181818181818,0,0,1,1,0
3,68,7990,2190,24,0.06818181818181818,1,0,1,1,0
3,23,4490,4275,36,0.1,0,0,0,0,0
23,45,11850,9704,48,0.06398378691372322,0,0,1,1,0
31,47,11400,5400,48,0.03615384615384615,0,0,1,1,0
5,46,17900,13862,48,0.148,0,0,1,1,0
4,27,8990,9621,48,0.09375,0,0,0,0,1
4,38,20590,21810,48,0.09323703217334209,0,0,0,0,0
32,49,12990,14513,96,0.088,0,0,1,0,0
43,59,7899,7899,36,0.09708333333333333,0,0,1,1,0
1,51,9130,8830,72,0.092,0,0,0,0,0
5,54,14700,14700,48,0.1655,0,0,1,0,0
17,83,12490,12490,36,0.1496,0,0,0,0,1
1,52,12890,14231,84,0.1446153846153846,0,0,1,0,0
28,52,16790,1548,12,0.04517241379310345,1,0,1,1,0
4,51,25290,24155,60,0.1733333333333333,0,0,1,0,0
4,47,6268,7037,48,0.07589498806682578,0,0,0,0,1
10,72,5800,6038,48,0.08,0,0,0,1,0
1,53,10990,11556,48,0.1167567567567568,0,0,1,1,0
13,57,6077,6077,48,0.0548,0,0,1,1,1
1,27,11984,8164,48,0.1201859229747676,1,0,1,0,1
38,60,5534,5534,48,0.04233333333333333,0,0,1,0,0
2,30,32000,27000,60,0.10875,0,0,0,0,0
5,43,6500,7063,60,0.07027027027027027,0,0,0,1,1
0,37,8870,7370,60,0.05259259259259259,0,0,1,1,0
17,64,10500,5639,48,0.08074534161490683,0,0,1,1,0
0,63,19615,22096,72,0.1417647058823529,0,0,1,1,0
11,31,7250,6203,36,0.1175,0,0,1,1,0
12,42,11639,12798,72,0.07614213197969544,0,0,0,0,0
21,52,23000,22200,60,0.1095,0,0,0,0,0
18,55,9331,10336,84,0.03535606820461384,0,0,1,0,0
1,19,12000,12983,60,0.1064516129032258,0,0,0,0,1
23,57,3590,2238,24,0.08,0,0,1,1,0
2,38,10490,10770,48,0.1507042253521127,0,0,0,0,1
1,41,20950,21800,60,0.1136363636363636,0,0,1,0,0
1,50,8490,8490,48,0.04260869565217391,0,0,0,0,0
5,45,22580,19580,48,0.08210526315789474,0,0,1,1,0
15,49,26290,14590,24,0.0830188679245283,0,0,1,1,0
18,77,7299,7299,24,0.1268,0,0,1,1,1
0,18,13290,8790,60,0.08536585365853659,0,0,0,1,0
0,66,10400,11266,84,0.09447852760736196,0,0,0,0,0
5,48,18985,13985,60,0.03441176470588235,0,0,1,1,0
17,47,8300,8300,72,0.065,0,0,1,1,0
1,49,9395,10298,72,0.1144859813084112,0,0,1,0,0
2,19,13990,15563,96,0.104,0,0,0,0,0
12,76,11770,9770,72,0.095,0,0,1,1,0
9,42,10700,10700,72,0.1181318681318681,0,0,0,0,1
1,22,10400,12202,72,0.1583333333333333,0,0,0,0,0
32,54,23990,22990,96,0.12,0,0,1,0,0
4,36,10990,10990,60,0.0518421052631579,0,0,1,0,0
1,38,5800,3900,36,0.05848563968668407,0,0,1,0,0
0,34,9700,6108,48,0.03584229390681003,0,0,1,0,0
15,75,11850,9045,48,0.07578947368421053,0,0,1,1,0
27,61,13990,6000,36,0.0885,1,0,1,0,0
17,62,5890,6567,72,0.06798096532970768,0,0,0,1,0
11,57,15800,10800,72,0.0692,0,0,1,1,0
3,43,18850,8478,60,0.3222222222222222,1,0,1,1,0
0,32,14700,14700,96,0.1101190476190476,0,0,0,0,1
11,43,23940,23940,96,0.0941492938802959,0,0,1,1,0
10,55,21189,21189,48,0.1056,0,0,1,1,0
10,31,21593,11571,48,0.1488235294117647,1,0,0,1,0
2,19,12300,13988,60,0.1195348837209302,0,0,0,0,0
1,41,9990,9990,72,0.1111859838274933,0,0,1,0,0
0,56,14990,14990,72,0.07,0,0,1,1,1
3,46,14000,12832,48,0.108125,0,0,1,0,0
1,48,13000,10000,60,0.08600182982616651,0,0,1,1,0
0,26,16324,16423,84,0.2036363636363636,0,0,0,0,0
1,35,11850,11850,72,0.1225806451612903,0,0,0,0,1
1,38,3980,1980,12,0.1008955223880597,0,0,1,0,0
1,56,7950,6950,72,0.0967741935483871,0,1,0,0,1
14,59,6000,7036,72,0.0823076923076923,0,0,1,1,0
16,45,31800,27917,60,0.1009375,0,0,0,0,0
14,77,10046,10046,36,0.2466666666666667,0,0,0,0,1
3,64,12580,4813,48,0.05435897435897436,1,0,0,0,0
1,26,9500,7196,72,0.0519047619047619,0,0,0,0,0
19,60,7350,7500,72,0.03365853658536586,0,0,0,1,0
4,23,20960,27184,96,0.1390909090909091,0,0,0,0,0
15,49,12180,13226,60,0.1214470284237726,0,0,1,0,0
0,21,13590,14830,72,0.1308190925162051,0,0,0,0,1
3,26,21434,19925,96,0.1613333333333333,0,0,0,0,1
12,76,6711,7149,84,0.07829457364341086,0,1,1,0,1
23,49,5900,4900,12,0.03689655172413793,0,0,1,1,0
0,27,10990,10990,72,0.06207674943566591,0,0,0,0,1
8,34,13973,15005,36,0.2009090909090909,0,0,0,0,0
6,42,15927,15927,36,0.1076320939334638,0,0,1,0,0
0,33,6335,6822,48,0.1198412698412698,0,0,1,0,0
8,55,12500,4200,48,0.05277777777777778,1,0,0,0,0
0,63,19300,13300,36,0.0884,0,0,1,1,0
11,43,8990,8990,60,0.05101010101010101,0,0,1,1,0
1,56,14187,15184,60,0.1465648854961832,0,0,0,1,0
1,43,15000,13000,60,0.0880952380952381,0,0,1,1,0
1,64,3900,4108,24,0.1733333333333333,0,0,0,0,1
6,46,6990,4490,36,0.03889548693586698,0,0,1,1,0
12,37,17700,7700,48,0.06296296296296296,0,0,1,1,0
1,28,13990,16676,84,0.1252941176470588,0,0,0,0,0
5,37,5550,6312,60,0.14702154626109,0,0,1,1,0
0,46,8990,8938,48,0.075,0,0,1,0,1
1,62,10300,10300,72,0.09705882352941177,0,0,1,1,0
33,62,17200,9200,84,0.040625,1,0,1,1,0
2,50,20000,12655,48,0.06957846622651091,1,0,1,0,0
2,19,5000,5455,60,0.08203125,0,0,0,1,1
13,58,4990,5384,36,0.06115384615384616,0,0,1,1,0
8,30,22650,12650,60,0.06680851063829787,1,0,0,0,0
4,68,6600,8186,72,0.09169054441260745,0,0,1,0,1
20,40,26000,11000,36,0.162,1,0,1,0,0
10,32,12380,10783,60,0.1074380165289256,0,0,0,0,0
0,59,11985,11985,60,0.07961165048543689,0,0,0,0,0
5,27,17877,19822,72,0.1518494484101233,0,0,0,0,1
2,54,9970,11810,72,0.1015572105619499,0,0,0,0,1
4,24,18078,18217,72,0.1177777777777778,0,0,0,0,0
13,78,7676,7013,36,0.1411764705882353,0,0,0,1,0
21,45,8570,9011,60,0.05272727272727273,0,0,1,0,1
2,20,5990,5990,48,0.09120951751487112,0,0,0,0,1
0,41,8490,9371,60,0.07470588235294118,0,0,0,0,0
5,39,28900,23900,60,0.07936507936507936,0,0,1,1,0
45,62,12490,12490,60,0.08378378378378379,0,0,0,0,0
4,67,23900,12900,60,0.0928,0,0,1,1,0
18,40,6300,6236,48,0.06453154875717017,0,0,1,0,0
1,29,5850,6090,48,0.0625,0,0,0,0,0
29,55,6800,6800,60,0.04740740740740741,0,0,1,1,0
0,19,8999,9323,72,0.1123076923076923,0,0,0,0,1
4,47,5800,3679,36,0.05416666666666667,0,0,1,1,0
4,43,4875,5685,60,0.05777777777777778,0,0,1,0,0
22,52,4000,4112,36,0.04884615384615384,0,0,1,1,0
2,20,7150,6156,36,0.1325301204819277,0,0,0,0,0
27,53,22040,15883,48,0.0455,1,0,1,1,0
2,54,10465,10856,48,0.13,0,0,1,1,0
1,58,9490,8490,48,0.01157575757575758,0,0,1,0,0
3,32,22990,19490,60,0.07608695652173914,0,0,1,1,0
2,47,11788,13406,60,0.1968,0,0,0,1,0
1,35,19999,20109,96,0.1277486910994765,0,0,0,0,1
14,42,10300,10458,60,0.04322580645161291,0,0,1,1,0
8,57,6497,6815,36,0.084,0,1,1,1,0
3,25,9000,7000,36,0.1817391304347826,0,0,0,0,0
6,29,13990,16903,96,0.1114237478897017,0,0,0,0,0
23,46,14139,6650,60,0.02169117647058823,1,0,1,1,0
4,47,6594,7532,60,0.06587112171837708,0,0,0,0,1
35,53,13700,14897,60,0.08076923076923077,0,0,1,0,1
2,55,11700,11858,60,0.1217142857142857,0,0,0,0,0
23,47,9880,9677,72,0.07606382978723404,0,0,1,0,0
13,51,13901,5500,24,0.04938524590163934,0,0,1,1,0
3,35,19500,23413,96,0.1577777777777778,0,0,1,0,0
17,74,24990,16990,48,0.06836363636363636,0,0,1,1,0
0,47,22000,17364,72,0.1842105263157895,0,0,0,0,0
1,20,17990,19547,60,0.1994444444444445,0,0,1,0,1
6,28,9450,5794,24,0.06972222222222223,0,0,0,0,0
2,25,27839,27954,72,0.136,0,0,0,0,1
19,62,14300,16786,60,0.111,0,0,1,0,0
0,32,6500,7121,72,0.06583629893238434,0,0,0,0,1
9,44,14990,3490,12,0.1225,1,0,1,0,0
38,62,23985,12985,96,0.05864884929472903,0,0,1,1,0
2,42,7900,8584,60,0.09875,0,0,0,0,1
6,44,8500,9496,60,0.07209302325581396,0,1,1,0,1
10,31,23367,25497,72,0.09968354430379747,0,1,1,1,1
1,23,12990,12623,72,0.15859375,0,0,0,0,1
1,28,10990,10990,72,0.09941176470588235,0,0,0,0,0
1,29,6980,6980,24,0.1683333333333333,0,0,0,0,0
4,69,16990,11490,60,0.06028571428571428,0,0,1,1,0
0,59,20500,21582,84,0.1445,0,0,0,0,0
0,21,7750,5319,24,0.1553333333333333,0,0,0,0,0
1,37,14554,15748,60,0.06721128852580766,0,0,1,0,1
6,25,8500,8500,84,0.082,0,0,0,0,1
23,43,12990,13605,48,0.058,0,0,1,1,0
5,70,19489,19489,72,0.108,0,0,1,1,0
5,28,11950,7950,36,0.1011904761904762,0,0,0,0,0
2,21,13660,14966,72,0.14625,0,0,0,0,0
0,34,9900,8601,60,0.135,0,0,0,0,1
19,50,5690,6372,84,0.05,0,0,1,1,0
14,52,14200,13945,36,0.0748,0,0,0,1,0
4,33,6650,6790,60,0.08535031847133757,0,0,1,1,0
16,79,10489,8104,60,0.1064285714285714,0,0,1,0,0
7,46,3900,3900,48,0.09473684210526316,0,0,0,1,0
10,45,22800,9800,48,0.1194594594594595,1,0,0,1,0
28,59,6475,6475,36,0.06258064516129032,0,0,1,1,1
8,44,4584,4584,48,0.02708333333333333,0,1,1,1,1
5,40,17790,19440,60,0.1941558441558442,0,0,1,0,1
8,33,23220,18495,60,0.1066666666666667,0,0,0,0,0
0,46,3990,4303,48,0.07631785995279308,0,0,0,0,0
5,53,27850,29847,48,0.1228239845261122,0,0,1,0,1
7,65,13200,9668,36,0.1703030303030303,0,0,1,0,0
14,72,9540,7654,72,0.06,0,0,0,0,0
0,48,11100,11742,96,0.06355555555555556,0,0,1,0,0
2,65,11282,12149,48,0.2069230769230769,0,0,1,1,0
2,24,8500,7500,48,0.13,0,0,0,0,0
30,59,9900,8489,96,0.08728813559322034,0,0,1,0,0
39,55,6700,6013,60,0.02973684210526316,0,0,1,1,0
0,18,13150,15022,60,0.23,0,0,0,0,1
1,30,11806,12534,72,0.1309441764300482,0,0,1,1,0
17,54,30810,26511,60,0.08888888888888889,0,0,1,1,0
4,52,4781,4781,48,0.05333333333333334,0,1,1,1,1
19,46,10450,10237,60,0.07583333333333334,0,0,0,0,0
6,49,7200,3600,24,0.1875,1,0,1,0,0
3,23,3047,3047,24,0.1015384615384615,0,0,0,0,0
3,31,19585,19243,60,0.06097560975609756,0,0,1,0,0
2,22,8900,8900,60,0.08482758620689655,0,0,0,0,1
5,21,18800,20539,72,0.115,0,0,0,0,0
32,53,9950,8650,72,0.089375,0,0,0,0,0
4,40,20990,22815,72,0.1747052518756699,0,0,0,0,1
4,61,11995,13313,84,0.0935,0,0,1,0,0
0,21,13700,15125,84,0.1481481481481481,0,0,0,0,1
6,71,22990,25665,72,0.1020689655172414,0,0,1,1,0
3,25,8600,7100,60,0.07444444444444444,0,0,0,0,0
5,24,10850,11957,60,0.1556521739130435,0,0,0,0,0
0,46,10880,10880,60,0.09125,0,0,0,0,1
6,70,12800,12800,72,0.06904761904761905,0,0,1,0,0
0,19,19248,19248,72,0.1102857142857143,0,0,0,0,0
0,44,11950,11950,60,0.09,0,0,1,0,0
5,59,18500,10000,60,0.05714285714285714,0,0,1,1,0
1,27,32900,25900,72,0.1458797327394209,0,0,1,1,0
5,37,5789,5968,36,0.0704,0,0,1,1,0
15,58,6500,5500,36,0.107843137254902,0,1,1,1,1
11,67,19190,19190,96,0.1676056338028169,0,0,1,0,0
0,59,16125,17111,96,0.0832,0,0,1,0,1
21,76,13150,8350,48,0.1578947368421053,0,0,0,0,0
1,27,8490,8646,60,0.1118518518518519,0,0,0,0,1
5,60,16590,16590,60,0.125,0,0,1,0,0
14,55,20400,17048,60,0.1422727272727273,1,0,1,0,0
0,20,10990,12461,60,0.165,0,0,0,0,1
2,44,19900,21797,72,0.1036,0,0,0,1,0
4,40,12990,10901,72,0.09055555555555556,0,0,0,0,0
2,27,8990,4761,24,0.132,1,0,1,0,0
27,61,1500,1581,24,0.03941176470588235,0,0,0,0,0
32,53,16701,14059,60,0.05714285714285714,0,0,1,1,0
16,36,11999,9638,72,0.02271651680075722,0,0,1,0,0
4,55,5550,6109,48,0.115,0,0,1,0,0
22,61,21950,21950,96,0.1582857142857143,0,0,0,0,1
8,60,24400,19100,96,0.0946938775510204,1,0,1,1,0
6,45,8500,8191,72,0.03368421052631579,0,0,1,1,0
0,19,9400,10507,48,0.132,0,0,0,0,1
5,54,9300,2892,48,0.04333333333333333,1,0,1,1,0
8,28,26490,19143,96,0.1388888888888889,0,0,0,1,0
5,54,6731,6731,48,0.08019375672766416,0,0,0,1,0
2,56,3900,4117,24,0.1466666666666667,0,0,0,1,0
6,49,15000,14327,72,0.1117647058823529,0,0,1,1,0
1,47,7750,8456,60,0.1358333333333333,0,0,1,0,1
25,57,9303,8462,48,0.03161290322580645,0,0,1,1,0
13,58,4900,4900,48,0.068125,0,0,0,0,0
1,47,12550,13099,24,0.157621247113164,0,0,0,0,0
2,45,23000,25587,96,0.01666666666666667,0,0,1,1,1
0,31,18890,16162,60,0.1547368421052631,0,0,1,0,0
9,34,18750,16750,96,0.131875,0,0,1,0,0
0,23,14590,16383,96,0.1380597014925373,0,0,0,0,0
20,46,16500,10568,96,0.02897196261682243,0,0,1,1,1
26,48,11900,9900,60,0.119375,0,0,1,1,0
0,21,18654,23310,72,0.1622222222222222,0,0,0,0,1
5,39,19300,8500,36,0.1930769230769231,1,0,1,0,0
8,53,18411,10000,48,0.1147011308562197,0,0,1,1,0
3,54,4790,2240,24,0.1010309278350515,0,0,1,0,0
29,47,4950,1550,12,0.07764705882352942,1,0,1,1,0
1,46,13500,14957,84,0.09488372093023256,0,0,0,0,1
18,57,10390,5674,48,0.08928571428571429,0,0,0,0,0
9,54,24550,21550,96,0.06416978776529339,0,0,1,1,0
11,45,27500,5312,24,0.111219512195122,1,0,1,1,0
5,34,13174,13174,60,0.06114551083591331,0,0,1,1,0
15,48,21890,15547,36,0.1590909090909091,1,0,1,1,0
6,41,17700,15876,60,0.2168,0,0,0,1,0
17,61,29675,19675,60,0.09130434782608696,0,0,0,0,0
0,50,14980,16243,36,0.2622222222222222,0,0,0,0,0
12,40,5860,5990,60,0.08076923076923077,0,0,1,1,0
24,55,7985,4278,24,0.155,0,0,1,1,0
13,77,6500,6500,36,0.167965367965368,0,0,0,1,1
5,39,22685,22218,96,0.1357246728065923,0,0,0,1,0
1,35,10900,9900,96,0.07861635220125786,0,0,0,1,0
31,52,8100,6205,12,0.0286,0,0,1,1,0
30,46,8485,6635,60,0.03571428571428571,0,0,1,1,0
13,53,16760,17924,48,0.35,0,0,1,1,1
19,66,4137,4392,36,0.05291666666666667,0,0,0,1,0
0,66,10100,8119,60,0.05410279531109107,0,0,1,1,0
0,26,6990,7251,48,0.1237037037037037,0,0,1,0,0
0,53,13590,13490,48,0.05952380952380952,0,0,0,0,0
30,50,9990,4990,48,0.03026315789473684,0,0,1,1,0
21,52,16190,19438,96,0.09977220956719818,0,0,1,1,0
0,63,7400,6900,60,0.1223091976516634,0,0,0,0,0
12,47,7991,7991,60,0.08015267175572519,0,0,1,1,0
1,19,23990,24105,72,0.1545454545454545,0,0,0,0,1
11,76,6900,7407,60,0.1064285714285714,0,0,0,1,1
0,23,9900,10089,96,0.06349206349206349,0,1,0,0,1
5,70,14690,14690,60,0.06481481481481481,0,0,1,1,0
0,25,9500,9998,72,0.2013245033112583,0,0,0,0,0
7,40,6490,7315,96,0.07384615384615385,0,0,0,0,1
10,46,6800,2050,12,0.1338461538461538,1,0,0,0,0
12,73,12688,12688,60,0.1464285714285714,0,0,1,1,0
12,54,7480,7054,60,0.05428571428571428,0,0,0,0,0
26,46,16950,9950,48,0.09166666666666666,1,0,1,1,0
7,58,8891,9307,36,0.17125,0,0,1,1,0
4,32,14790,14790,60,0.3164705882352941,0,0,1,0,1
1,40,14500,15573,96,0.1453333333333333,0,0,0,0,1
23,45,18280,17454,60,0.06233062330623306,0,0,1,1,0
11,53,12490,9490,60,0.0425,0,0,1,1,0
2,31,10040,7040,72,0.05099150141643059,0,0,1,1,0
1,41,15860,18346,60,0.1212121212121212,0,0,0,0,0
18,54,6990,5990,36,0.069,0,0,0,0,0
1,58,5750,6072,48,0.1157294213528932,0,0,1,1,0
2,65,4000,3569,12,0.1794871794871795,0,0,0,0,0
0,21,6890,4122,12,0.2507142857142857,0,0,0,0,0
8,33,16777,6956,36,0.1026539809714572,1,0,0,0,0
29,61,7250,3900,60,0.02622126436781609,0,0,1,1,1
10,31,5193,5193,36,0.09272727272727273,0,0,0,0,0
30,59,20000,21468,60,0.07331571994715984,0,0,1,0,1
24,53,15990,7517,36,0.111,1,0,1,1,0
7,30,7450,8022,48,0.1361538461538462,0,0,0,0,0
16,59,13227,10000,48,0.06910569105691057,0,0,1,0,0
8,82,25990,23315,60,0.1567857142857143,0,0,0,1,0
6,61,7258,7529,48,0.09785067873303167,0,0,0,0,0
6,23,9500,9470,72,0.04208333333333333,0,1,0,0,0
5,67,14488,11627,48,0.1835714285714286,0,0,1,1,0
2,63,34700,24700,36,0.1875,0,0,1,1,0
7,33,11101,11101,48,0.1,0,0,1,0,0
1,62,3776,3974,24,0.147008547008547,0,0,0,1,0
19,79,22480,13480,48,0.2627118644067797,0,0,1,1,0
0,22,4600,4764,12,0.2871428571428571,0,0,0,0,1
13,46,15635,9035,48,0.06181818181818182,0,0,0,0,0
6,40,6999,7989,60,0.08161764705882353,0,0,0,0,0
4,54,7495,6758,72,0.1094736842105263,0,0,0,0,0
4,31,13990,12990,48,0.11125,0,0,0,0,1
1,23,24890,23890,72,0.1643478260869565,0,0,0,0,1
1,22,25658,25772,60,0.2114285714285714,0,0,0,0,1
0,57,12990,14674,60,0.216,0,0,0,0,1
30,46,18548,18548,60,0.0505971769815418,0,0,1,0,0
7,46,13750,11750,72,0.126,0,0,1,0,0
22,60,10490,12019,84,0.0656,0,0,1,0,1
7,40,10990,13288,96,0.1018987341772152,0,0,0,1,0
1,35,6600,3957,36,0.08357142857142857,1,0,1,0,1
10,55,6990,7717,84,0.04770813844714687,0,0,0,1,0
1,26,8900,9725,72,0.1057142857142857,0,0,0,0,0
2,67,13680,11680,60,0.1833333333333333,0,0,1,0,0
1,26,16790,18823,48,0.2205726405090138,0,0,0,0,1
6,34,12740,10990,60,0.05451263537906137,0,0,1,1,0
0,63,21188,13976,72,0.1981818181818182,0,0,1,0,0
7,31,11990,11706,72,0.06952380952380953,0,0,0,0,0
1,55,10950,5971,60,0.1177777777777778,1,0,1,1,0
6,41,7345,8049,60,0.1041666666666667,0,0,0,1,0
15,49,15000,10000,48,0.04573170731707317,0,0,1,1,0
5,29,11600,8184,48,0.08302752293577982,0,0,0,0,0
12,30,9999,7999,84,0.08142857142857143,0,0,0,0,1
1,19,13090,13187,24,0.07692307692307693,0,1,0,0,1
14,37,14925,17920,96,0.1676923076923077,0,0,1,1,0
10,32,4223,3723,24,0.05159235668789809,0,0,1,1,0
5,33,19489,11489,48,0.1015384615384615,0,0,0,0,0
2,20,9879,9879,72,0.09090909090909091,0,0,0,1,0
17,48,7380,8861,96,0.03857142857142857,0,0,1,1,0
0,19,7990,8855,72,0.1551116333725029,0,0,0,0,0
17,77,5190,5150,36,0.09047619047619047,0,0,0,0,0
3,44,24500,19500,72,0.0837465564738292,0,0,0,0,0
19,46,14600,3600,48,0.02985611510791367,1,0,1,1,0
1,39,6900,7498,60,0.1043478260869565,0,0,0,1,0
9,55,26456,21569,60,0.06666666666666667,0,0,0,1,0
28,55,4750,5118,36,0.096875,0,0,1,1,0
11,74,10496,10993,36,0.1645,0,0,1,1,1
7,48,12555,13851,72,0.0684,0,0,1,1,0
0,55,3500,1578,24,0.068,1,0,0,0,0
10,28,11350,8404,48,0.09615384615384616,0,0,0,0,0
11,61,14590,24245,96,0.2028571428571428,0,0,0,1,0
12,41,9440,9161,60,0.1075129533678756,0,0,1,0,1
3,48,17060,7239,12,0.1993506493506494,0,0,1,0,0
5,66,29990,28494,84,0.1275862068965517,0,0,1,0,0
1,27,5980,4980,36,0.06722222222222222,0,0,0,0,0
13,75,8490,8966,72,0.1608695652173913,0,0,1,1,0
9,48,7990,7990,60,0.07424242424242425,0,0,1,1,0
1,29,12950,12984,60,0.1365714285714286,0,0,1,0,0
6,42,17500,17039,72,0.1632,1,0,0,0,0
33,52,19600,11645,72,0.055,0,0,1,0,0
2,22,15314,15314,60,0.2157142857142857,0,0,0,0,0
3,64,10700,10700,72,0.07319148936170213,0,0,1,0,0
2,28,24259,24351,60,0.185,0,1,0,0,1
5,32,16786,7536,24,0.108,1,0,0,0,0
10,52,16870,17059,72,0.1022222222222222,0,0,0,0,0
10,34,8182,8682,36,0.07750759878419453,0,0,0,0,1
9,45,22000,22000,72,0.15625,0,0,1,0,1
1,30,9590,9590,72,0.0725,0,0,0,0,1
9,49,6479,6883,24,0.1557894736842105,0,0,1,0,0
2,40,26490,29146,72,0.1163774862462971,0,0,0,0,1
30,56,10403,10889,36,0.06056603773584906,0,0,1,1,0
12,44,8500,3000,24,0.04267892317793828,1,0,1,1,0
0,33,16400,10400,24,0.1322222222222222,0,0,0,0,0
9,61,11480,9156,60,0.04666666666666667,0,0,1,1,0
1,24,11289,11812,60,0.1071428571428571,0,0,0,0,0
22,80,6089,5602,60,0.08244274809160305,0,0,1,0,0
15,34,10990,10990,60,0.1683333333333333,0,0,1,0,0
23,52,23450,23450,96,0.1376744186046512,0,0,0,0,1
1,30,8490,7490,12,0.3319371727748691,0,0,0,0,1
33,50,9295,4912,36,0.05071428571428571,0,0,0,1,0
26,55,23990,24958,60,0.1199489578902595,0,0,1,1,0
6,25,8990,12792,72,0.1328,0,0,0,0,0
16,48,19999,15000,72,0.1238095238095238,0,0,1,1,0
35,56,6945,7499,36,0.0896,0,0,1,0,0
0,21,20500,20500,36,0.2381818181818182,0,0,0,0,1
0,25,7950,7950,84,0.07160493827160494,0,0,0,0,0
16,41,7000,7027,72,0.05610907184058731,0,0,0,0,0
21,54,7500,3000,24,0.04321608040201005,0,0,1,1,0
25,44,14000,13000,72,0.0524,0,0,0,0,1
0,27,10035,6035,60,0.095,0,0,0,0,0
3,39,10900,11127,72,0.06888888888888889,0,0,0,0,0
7,50,4900,4900,48,0.08403361344537816,0,0,1,0,0
0,63,16200,16200,96,0.136,0,0,1,0,0
13,74,4165,4294,36,0.08448844884488449,0,0,1,0,0
0,22,14980,10980,48,0.1404624277456648,0,0,0,0,0
3,21,8299,6903,72,0.03948717948717949,0,0,0,0,0
14,41,15500,7500,36,0.04782608695652174,0,0,1,1,0
14,47,15572,9613,60,0.04410585404971933,0,0,0,1,0
16,55,9300,7058,36,0.1346666666666667,0,0,0,1,0
4,27,15990,11990,96,0.1006666666666667,0,0,1,0,0
0,34,12000,12828,48,0.05620753551575047,0,0,1,0,0
4,70,11974,11974,48,0.1655426118945432,0,0,1,1,0
7,25,9500,9527,60,0.104375,0,0,0,0,0
1,25,7500,5958,48,0.142,0,0,0,0,1
2,55,11950,6950,36,0.07148148148148148,0,0,1,1,0
15,36,8048,8048,36,0.1331491712707182,0,0,0,1,0
10,48,8427,9501,48,0.115,0,0,0,0,0
1,52,7499,4499,48,0.06866666666666667,0,0,0,0,0
1,26,13064,14525,84,0.1276595744680851,0,0,0,0,0
0,28,9500,10453,72,0.08923076923076922,0,0,0,0,1
26,47,14970,10860,48,0.03981948500132731,0,0,1,1,0
17,53,16800,10260,60,0.06046993780234969,0,0,1,0,0
3,23,12500,5758,12,0.324,1,0,0,1,0
9,70,7900,5998,36,0.1376923076923077,0,0,1,0,0
0,25,26000,29175,96,0.3066666666666666,0,0,1,0,1
2,66,5990,6704,60,0.1340425531914894,0,0,1,0,0
3,36,10490,10298,60,0.05158730158730158,0,0,1,1,0
4,38,13985,13985,72,0.07700240632519766,0,0,0,0,0
5,61,15990,9618,60,0.1153333333333333,0,0,1,0,0
17,63,21380,21380,60,0.148,0,0,0,1,0
15,53,17130,12611,48,0.03802535023348899,0,0,1,1,0
8,52,10040,9855,36,0.13125,0,0,0,0,0
10,75,11250,12174,96,0.05571428571428572,0,0,1,0,0
4,21,9985,10114,96,0.09891696750902527,0,0,0,0,0
0,22,13950,15914,60,0.1541666666666667,0,0,0,0,1
1,30,20600,19086,72,0.1213793103448276,0,0,0,0,1
3,50,13450,15228,96,0.1471428571428571,0,0,0,0,1
3,48,18730,13031,72,0.1,0,0,1,1,0
2,24,15340,16688,60,0.1111111111111111,0,0,0,1,1
0,18,19898,20037,60,0.1211428571428571,0,0,0,0,1
9,26,11690,6690,48,0.075,0,0,0,0,0
15,56,16990,18177,72,0.067,0,0,1,1,0
23,49,19990,21880,72,0.085,0,0,1,1,0
0,29,16600,6600,24,0.08515151515151514,1,0,1,0,0
27,43,4440,3678,36,0.05930232558139535,0,0,0,0,0
4,29,5480,3906,36,0.0975,0,0,1,0,0
2,49,20950,20827,72,0.08854166666666667,0,0,1,1,1
0,25,6500,7191,36,0.1634182908545727,0,0,0,0,0
0,56,12990,10990,72,0.04463667820069204,0,0,1,1,0
17,63,5000,5751,60,0.1015325670498084,0,0,1,1,1
4,58,9780,10755,48,0.04730769230769231,0,0,1,0,0
1,22,8490,8490,60,0.15125,0,0,0,0,0
14,51,27500,29834,60,0.4269406392694064,0,0,1,0,0
29,49,10490,10490,60,0.07894736842105263,0,0,0,0,1
8,26,18200,15200,60,0.0795,0,0,0,0,0
3,23,18990,16287,60,0.2135714285714286,0,0,1,0,0
5,48,3331,3331,36,0.0890909090909091,0,1,1,0,0
28,72,14105,14829,60,0.0945179584120983,0,0,1,1,0
46,62,13420,16278,72,0.1538461538461539,0,0,1,1,1
4,44,8038,8154,60,0.09,0,0,1,0,0
2,19,12700,10700,48,0.1234375,0,0,0,0,0
3,20,14990,5398,72,0.04833333333333333,1,0,0,0,0
9,50,7600,2600,48,0.03172043010752688,1,0,0,0,0
7,35,19600,15100,72,0.1058823529411765,0,0,0,1,0
7,69,10990,5990,48,0.115,0,0,1,1,0
5,61,9990,5915,36,0.1146666666666667,0,0,0,0,0
15,36,9170,10084,60,0.07748287671232877,0,0,1,1,0
4,40,10500,11363,60,0.1047368421052632,0,0,1,1,0
32,58,10900,11587,60,0.09761904761904762,0,0,1,1,1
16,33,17990,16790,36,0.1294206170052671,0,0,1,1,0
0,35,10470,11612,72,0.08668582375478927,0,0,1,0,1
1,64,11400,6000,48,0.09642857142857143,1,0,1,1,0
1,27,5990,6132,36,0.1058823529411765,0,0,0,1,0
0,51,15500,15500,72,0.2263636363636364,0,0,1,1,0
3,66,16090,11751,48,0.14,0,0,1,1,0
40,57,21980,19000,72,0.08,0,0,1,0,0
23,85,8700,9540,84,0.09571428571428571,0,0,0,1,1
5,59,15990,15990,60,0.06320789185239313,0,0,1,0,1
6,72,23390,18390,48,0.225,0,0,1,0,0
15,54,6350,4460,60,0.07636363636363637,0,0,1,0,0
9,38,10200,9900,84,0.06277244986922406,0,0,0,0,0
12,39,12500,9500,60,0.111875,0,0,0,0,0
30,53,33029,16059,60,0.1425,1,0,1,1,0
23,46,16119,8743,48,0.08577777777777777,1,0,0,0,0
1,52,11500,11500,60,0.1090909090909091,0,0,0,0,0
1,27,11500,9146,48,0.1585714285714286,0,0,1,0,1
6,58,15900,15300,60,0.1027777777777778,0,0,0,0,0
14,57,20521,12650,36,0.07444444444444444,1,0,1,1,0
19,81,6995,6995,24,0.2239130434782609,0,0,0,1,0
8,48,1501,1598,24,0.07171717171717172,0,0,0,1,0
0,48,6400,4400,60,0.01216216216216216,0,0,1,1,0
0,28,20299,20459,96,0.2345454545454546,0,0,0,0,1
2,50,5700,3830,36,0.070625,0,0,0,0,0
0,18,7995,7995,84,0.281578947368421,0,0,0,0,0
1,22,1775,1820,12,0.1033333333333333,0,0,0,0,0
15,73,14150,5000,36,0.07894736842105263,1,0,1,1,0
0,24,17800,22102,60,0.179714091218516,0,0,1,0,1
17,42,16900,12400,48,0.06002400960384154,0,0,1,1,0
2,41,14990,13552,60,0.1325,0,0,1,1,0
32,54,9921,11099,48,0.09615384615384616,0,0,1,1,0
3,35,9550,8825,96,0.04584657285519746,0,0,0,0,1
5,26,16900,18005,84,0.11,0,0,0,1,1
1,57,9500,9500,60,0.350844277673546,0,0,1,1,0
3,59,7500,7850,36,0.05634146341463415,0,0,1,1,0
8,52,17945,17961,96,0.1105263157894737,0,0,1,1,0
7,60,17950,8950,72,0.06086956521739131,0,0,0,1,0
12,44,8030,9770,96,0.08880597014925373,0,0,0,0,0
23,51,13970,7593,60,0.07352941176470588,0,0,0,0,0
11,72,13819,12819,72,0.06354679802955665,0,0,1,0,0
8,68,3870,3579,60,0.05945945945945946,0,0,0,1,0
1,62,10108,8521,48,0.1034717494894486,1,0,0,0,0
9,45,10500,9217,60,0.075,0,0,0,0,0
3,42,4800,5155,36,0.08085106382978724,0,0,1,0,0
0,24,19400,19400,60,0.1431372549019608,0,0,1,0,1
4,50,15800,12000,60,0.06493506493506493,0,0,1,1,0
0,47,9590,10374,48,0.1420222092343659,0,0,0,0,1
12,74,14970,9200,96,0.07733333333333334,0,0,1,0,1
12,54,5480,5826,24,0.1148955495004541,0,0,1,1,1
0,20,20000,22677,60,0.2307692307692308,0,0,0,0,1
27,46,4114,4423,36,0.04135338345864661,0,0,0,1,0
0,27,10400,11963,84,0.07821497120921306,0,0,1,0,0
6,56,24100,14600,48,0.1125,0,0,1,0,0
7,59,32875,21252,60,0.1425,1,0,1,1,1
1,20,9900,4280,36,0.08266666666666667,1,0,0,0,0
4,69,14450,10830,36,0.1153846153846154,0,0,1,1,0
0,57,6528,7270,60,0.1,0,0,0,1,0
23,44,12490,16216,84,0.06068232662192394,0,0,1,0,0
2,48,8523,8675,12,0.0117,0,0,1,1,0
9,70,14590,8825,60,0.1472727272727273,1,0,1,0,0
3,59,16940,10940,60,0.03636363636363636,0,0,1,1,0
19,57,11000,8428,48,0.1397379912663755,0,0,1,0,0
3,29,5990,6871,60,0.07,0,0,0,0,1
7,59,9790,7000,48,0.07037037037037037,0,0,0,1,0
1,32,22077,24308,72,0.1204414587332054,0,0,0,0,1
20,53,26980,24203,60,0.1383333333333333,0,0,1,1,0
26,55,17999,14120,72,0.1024242424242424,0,0,1,0,0
21,57,7361,3861,12,0.1566666666666667,0,0,1,1,0
21,54,12628,14237,96,0.0865,0,0,1,1,0
16,46,21269,22061,60,0.1120833333333333,0,0,0,0,0
1,26,6500,4000,36,0.1026086956521739,0,0,0,1,0
1,38,6500,6980,36,0.09363636363636364,0,0,0,0,0
20,37,15000,16687,96,0.1103565365025467,0,0,1,1,0
26,42,15250,7625,24,0.1272,0,0,1,0,0
9,45,12689,15195,72,0.07466666666666667,1,0,1,1,0
41,59,9690,7635,60,0.04441498176997017,0,0,1,1,0
2,28,17045,14496,60,0.1131639722863741,0,0,0,0,1
0,20,15300,18662,96,0.1337719298245614,0,0,1,0,1
23,40,13970,13970,96,0.05414012738853503,0,0,1,0,0
7,24,8200,6050,72,0.07692307692307693,0,0,0,0,0
8,57,11800,5800,60,0.0448,1,0,1,1,0
7,46,23500,22500,60,0.04847696879643388,0,0,1,1,0
31,47,18990,10990,48,0.07665615141955837,0,0,1,1,0
4,69,13990,12853,72,0.1141274238227147,0,0,0,0,0
15,38,27790,21790,96,0.15,0,0,0,1,0
6,24,12025,18473,96,0.1723076923076923,0,0,0,0,0
7,67,12200,12200,60,0.1328976034858388,0,0,1,1,0
2,53,18790,10542,48,0.1033259423503326,0,0,1,0,0
32,60,8307,8745,48,0.1135294117647059,0,0,1,0,0
4,37,1643,1643,8,0.07044917257683216,0,0,0,0,1
4,36,17140,15940,48,0.1238683127572016,0,0,1,1,0
4,47,18000,13249,84,0.0920568122041031,0,0,1,0,0
26,50,19990,11990,60,0.086,0,0,1,1,0
24,56,13000,13880,72,0.09045454545454545,0,0,0,0,0
7,25,9250,9348,72,0.0432,0,0,1,1,0
26,63,5500,5500,24,0.2295238095238095,0,0,1,1,0
17,39,8777,8777,60,0.09230769230769231,0,0,0,0,0
0,50,15200,7220,48,0.1076923076923077,1,0,0,1,0
2,59,8700,9259,72,0.04125,0,0,0,0,1
10,42,11290,6527,60,0.07481751824817519,0,0,1,1,0
0,19,21990,20290,72,0.2215909090909091,0,0,0,0,0
27,55,29400,18800,96,0.1294444444444444,0,0,0,0,0
4,62,9300,6869,60,0.1038297872340426,0,0,0,0,0
0,29,16500,15250,48,0.1718918918918919,0,0,1,0,0
37,57,15790,14590,72,0.0704,0,1,1,1,1
5,44,22229,24339,72,0.1259259259259259,0,0,0,0,0
1,39,25260,23260,84,0.2541390728476821,0,0,1,0,0
2,53,9690,10588,72,0.08702702702702703,0,0,1,0,0
3,34,13700,13476,60,0.08916666666666667,0,0,0,1,0
3,56,16490,13000,60,0.08368421052631579,0,0,1,1,0
24,53,25530,16420,24,0.07142857142857142,1,0,0,0,0
4,21,18860,18990,96,0.1541935483870968,0,0,0,0,1
8,45,7757,7757,36,0.08622262773722628,0,0,0,0,0
5,32,8450,8184,72,0.07197802197802197,0,0,0,0,1
0,47,8564,9626,84,0.0655,0,0,0,0,1
9,27,14084,14084,96,0.114441416893733,0,0,0,0,0
4,50,11447,11447,24,0.05,0,0,1,1,0
10,58,24500,16329,48,0.1133333333333333,0,0,1,0,0
12,57,8490,7721,48,0.06,0,0,1,1,1
0,29,13115,14272,96,0.1174325309992706,0,0,0,0,0
9,74,14150,10727,60,0.09090909090909091,0,0,1,1,0
16,53,7211,7211,48,0.07659774436090226,0,0,0,0,0
0,43,6180,5628,60,0.0824,0,0,0,0,1
20,49,14170,13814,96,0.1114285714285714,0,0,0,0,0
26,54,14390,4977,24,0.06870967741935484,1,0,0,0,1
1,20,19900,10500,48,0.06944444444444445,0,0,0,0,0
1,22,15885,17642,72,0.1633333333333333,0,0,0,0,1
1,32,25990,26757,60,0.1465608465608466,0,0,1,0,0
1,25,12500,12650,60,0.1252631578947369,0,0,0,0,0
0,21,10990,12732,72,0.1266666666666667,0,0,0,0,1
4,56,13500,7327,36,0.18,1,0,0,1,0
0,42,12290,8790,48,0.04714285714285715,0,0,1,0,0
4,26,20990,22381,72,0.1230425055928412,0,0,0,0,0
6,71,11990,9490,72,0.07407407407407407,0,0,0,1,0
0,28,5500,4712,24,0.07225806451612904,0,0,0,0,0
20,56,29480,27480,60,0.1717948717948718,0,0,1,0,0
9,39,5057,5518,72,0.04226069246435845,0,1,1,0,0
18,57,4200,4200,36,0.04428571428571428,0,0,0,0,0
0,18,9900,9900,60,0.08642857142857142,0,0,0,0,1
0,22,23300,23300,72,0.14875,0,0,0,0,1
14,47,15490,16800,60,0.1305555555555556,0,0,1,1,0
19,49,9000,9650,36,0.1323809523809524,0,0,0,0,0
11,45,9990,7698,72,0.05234899328859061,0,0,0,0,0
5,65,8990,3990,36,0.1063636363636364,0,0,1,0,0
2,47,7200,7200,96,0.04195121951219512,0,0,0,0,0
34,55,31318,27708,60,0.125,1,0,1,0,0
3,41,7890,8958,60,0.096,0,0,1,0,0
28,49,4800,5470,60,0.03625483984512495,0,0,1,1,1
5,70,5608,5608,48,0.1145454545454545,0,0,0,0,1
32,57,5254,5547,24,0.14,0,0,1,1,0
5,49,11999,11999,60,0.1207650273224044,0,0,1,1,0
6,28,14500,14500,72,0.130533484676504,0,0,0,0,0
0,27,3500,3500,60,0.05132192846034215,0,0,0,0,0
1,38,16000,14353,84,0.08042553191489361,0,0,0,1,0
10,70,7190,8393,60,0.1436363636363636,0,1,0,0,1
0,50,7990,5827,60,0.03057142857142857,0,0,1,1,0
32,55,4605,5098,36,0.07142857142857142,0,0,0,0,0
6,72,11700,7300,36,0.0379746835443038,0,0,1,1,0
4,32,11160,11898,72,0.1005405405405405,0,0,1,1,0
2,49,8651,10211,84,0.086875,0,0,0,0,0
4,36,20980,17380,60,0.1085481682496608,0,0,0,0,0
15,32,3900,4464,60,0.05137614678899083,0,0,0,0,0
5,44,16490,8990,48,0.05704697986577181,0,0,1,1,0
3,58,5628,4243,36,0.06731757451181912,0,0,0,0,1
26,50,12850,9750,48,0.07875,0,0,0,1,0
5,64,5199,5875,72,0.07692307692307693,0,0,1,0,1
7,39,6780,6780,36,0.07615384615384616,0,0,0,0,0
0,32,10700,8384,60,0.05851851851851852,0,0,1,1,0
15,46,12950,12950,96,0.0737025730484082,0,0,1,1,0
1,52,10990,11917,60,0.05095238095238095,0,0,0,1,0
0,37,13536,6049,72,0.07666666666666666,1,0,0,0,0
8,34,16690,15558,60,0.079,0,0,0,0,0
13,57,6900,3400,36,0.05555555555555555,1,0,0,0,0
29,59,19490,15302,48,0.0625,0,0,1,0,0
4,56,12120,12753,48,0.1116,0,0,0,0,0
2,62,25171,19977,60,0.1800401203610832,0,0,0,1,0
7,50,13600,15494,60,0.1005882352941176,0,0,0,0,0
0,35,13590,13110,60,0.09045419553502694,0,0,1,1,1
2,29,11690,14165,96,0.1296296296296296,0,0,0,1,1
1,24,11590,8736,60,0.1350671140939597,0,0,0,0,0
19,38,9490,2982,36,0.06071428571428571,1,0,1,0,0
3,41,12078,12217,48,0.06412139011257954,0,0,1,0,1
11,28,9970,4563,36,0.084375,0,0,0,0,0
10,51,9767,9767,48,0.1453333333333333,0,0,0,0,0
10,52,14200,9179,84,0.1096256684491979,0,0,0,0,1
28,62,19480,11259,36,0.08695652173913043,1,0,1,0,0
35,52,19025,9806,60,0.07058823529411765,1,0,0,0,0
2,34,11715,11840,84,0.04394736842105263,0,0,0,1,0
0,32,15990,11150,84,0.0648,0,0,1,1,0
7,35,13450,9450,60,0.1353846153846154,0,0,0,1,0
1,29,15779,16749,48,0.08333333333333333,0,0,0,0,0
14,75,4899,4899,24,0.7607142857142857,0,0,1,1,0
0,63,14500,3400,48,0.07777777777777778,1,0,1,1,0
7,68,18450,12450,36,0.06237006237006237,1,0,1,1,0
8,30,10990,6441,48,0.082,0,0,0,1,1
2,26,10360,10490,60,0.06388888888888888,0,0,0,0,0
0,42,22000,24804,96,0.2238709677419355,0,0,0,0,1
5,56,7490,4687,36,0.052,0,0,1,1,0
4,38,17990,17565,60,0.2083333333333333,0,0,1,0,0
30,54,12890,9140,60,0.05,0,0,1,1,0
27,52,17000,12696,84,0.05387096774193548,0,0,1,0,0
21,40,7100,5319,36,0.07929292929292929,0,0,1,1,0
0,27,12200,12200,60,0.1252918287937743,0,0,0,0,0
3,33,5878,5878,36,0.2790322580645161,0,0,1,0,0
50,70,15990,12990,36,0.1178787878787879,0,0,1,1,0
2,30,4704,4704,36,0.08062645011600927,0,0,0,0,0
7,57,12950,13090,72,0.1178571428571429,0,0,1,0,0
21,54,27450,21750,72,0.1345381526104418,0,0,1,1,0
21,43,11490,7146,24,0.1137037037037037,0,0,1,1,0
3,23,21942,21942,24,0.145625,0,0,0,0,0
30,43,13500,8361,36,0.15875,0,0,0,1,0
4,28,6560,7140,48,0.06666666666666667,0,0,0,0,0
0,33,30069,20069,72,0.08438818565400844,0,0,0,0,0
4,60,5300,5806,48,0.1058333333333333,0,0,1,0,1
1,51,18747,19537,72,0.075,0,0,1,1,0
4,23,24950,17950,48,0.1515151515151515,0,0,0,0,0
1,45,11233,8866,48,0.1866666666666667,0,0,1,1,0
4,47,14950,12950,48,0.1824324324324324,0,0,1,1,0
31,59,11940,11940,60,0.09538461538461539,0,0,0,1,0
6,47,17300,13300,48,0.1530612244897959,0,0,1,1,0
1,31,12500,7500,36,0.1244444444444444,0,0,1,0,0
1,48,11835,11501,60,0.08303030303030302,0,0,0,0,0
10,39,10500,12641,96,0.04,0,0,1,1,1
3,31,17205,18000,72,0.08884758364312267,1,0,1,1,0
2,28,7990,5490,36,0.1013941698352345,0,0,0,0,0
22,59,13900,14621,84,0.1072222222222222,0,0,0,0,1
2,35,12800,11833,72,0.1,0,0,1,0,0
14,79,7490,2630,24,0.114,1,0,1,0,0
10,54,22500,20067,60,0.1325,0,0,0,0,0
2,45,19209,21002,72,0.1257575757575758,0,0,0,0,0
20,47,14950,14680,48,0.08333333333333333,0,0,1,1,0
2,23,7995,7995,96,0.101,0,0,0,0,0
13,57,14775,13682,72,0.1051282051282051,0,0,1,0,0
2,47,16790,16584,60,0.1866666666666667,0,0,1,1,0
3,69,7855,8097,36,0.1587096774193548,0,0,1,1,0
2,39,21970,21970,96,0.1457894736842105,0,0,0,0,1
2,28,7200,7200,36,0.1065778517901749,0,0,0,0,0
2,66,18198,10798,60,0.1038461538461539,0,0,1,1,0
15,52,7750,7750,84,0.04346153846153846,0,0,1,1,0
15,37,10470,8470,48,0.08333333333333333,1,0,0,0,0
9,51,12655,12655,36,0.2229411764705882,0,0,0,0,0
1,51,9575,7280,60,0.105511811023622,0,0,0,0,1
1,59,14990,10990,60,0.07706535141800247,0,0,1,0,0
1,58,11600,9600,24,0.05,0,0,1,1,0
6,25,17380,19061,72,0.125,0,0,0,0,0
3,73,16750,9750,36,0.09464882943143813,0,0,1,1,0
19,48,9900,11481,72,0.0688235294117647,0,0,0,1,0
12,34,10480,7572,60,0.05478260869565217,0,0,1,0,0
15,48,6800,5600,36,0.1,0,0,1,0,0
23,53,10990,12083,60,0.05710909807010634,0,0,0,0,0
5,35,10105,11339,96,0.09225806451612903,0,0,0,0,1
11,40,9190,5335,36,0.0705186533212011,1,0,0,0,0
27,46,6244,6244,36,0.09947368421052631,0,0,1,1,0
12,54,4798,3898,48,0.102247191011236,0,0,0,0,0
6,66,6490,2490,24,0.0864,1,0,0,1,0
1,23,7990,7000,60,0.04333333333333333,0,0,0,0,0
1,52,17889,20724,72,0.1729910714285714,0,0,1,0,0
1,38,10790,4790,48,0.054,1,0,0,1,0
0,61,6000,3000,48,0.04533333333333334,0,0,1,1,0
15,60,13980,7522,24,0.1666666666666667,0,0,1,0,0
1,24,11690,14164,60,0.16,0,0,0,0,0
0,26,10950,11226,96,0.08685714285714285,0,0,0,0,0
0,57,14000,9590,60,0.1022661243463103,0,1,1,1,0
1,42,9900,10677,60,0.06981519507186858,0,0,1,1,0
20,53,13800,13774,96,0.1291666666666667,0,0,1,1,0
4,59,12909,12011,60,0.1518181818181818,0,0,0,0,1
9,40,13990,12002,72,0.0757396449704142,0,0,0,1,0
0,38,10964,12788,72,0.1492307692307692,0,0,1,0,1
7,28,14790,11191,60,0.0876595744680851,0,0,1,0,0
10,48,23940,10704,48,0.1128571428571429,1,0,0,0,0
0,38,16500,13500,60,0.1363395225464191,0,0,0,0,0
38,55,18939,17066,72,0.09159482758620689,0,0,1,1,0
7,63,26000,21500,60,0.137104506232023,0,0,0,0,0
1,46,11621,13445,72,0.1182795698924731,0,0,0,0,1
3,23,10490,10490,60,0.1641666666666667,0,0,0,0,0
0,39,18500,14955,96,0.07379912663755459,0,0,1,0,0
1,27,17069,20660,96,0.1321070234113712,0,0,0,0,1
6,51,7480,8852,84,0.05318181818181818,0,0,1,0,0
4,63,13230,13230,36,0.1071428571428571,0,0,0,1,0
3,23,21500,24494,60,0.2325,0,0,0,0,1
7,51,10689,4153,24,0.1271428571428571,1,0,0,1,0
13,33,12030,10280,60,0.06729475100942127,0,0,1,1,0
1,35,9500,8800,72,0.09642857142857143,0,0,0,0,0
1,50,6350,6350,48,0.08764705882352941,0,0,1,0,0
5,51,8536,9490,60,0.1329411764705882,0,0,0,0,0
0,47,21562,20388,60,0.08357709987463435,0,0,1,1,0
3,54,13400,3400,36,0.07833333333333334,1,0,0,0,0
6,28,9623,10394,48,0.07966666666666666,0,0,0,0,0
24,43,6800,6800,60,0.03787878787878788,0,0,1,1,0
3,23,15317,11437,84,0.09470588235294118,0,0,0,0,1
20,46,16950,15676,60,0.05685714285714286,0,0,1,1,0
0,54,8000,8765,72,0.05972101133391456,0,0,1,1,0
8,68,18990,12908,72,0.1435714285714286,0,0,1,1,0
12,37,18300,10708,72,0.07461999078765545,0,0,0,0,0
0,66,8990,3990,48,0.05575757575757576,1,0,0,0,0
1,23,15990,10990,60,0.06903225806451613,0,0,0,0,0
7,50,13500,13677,72,0.09562841530054644,0,0,1,1,0
5,70,20458,16208,60,0.09285714285714286,1,0,1,1,0
20,49,18980,17580,36,0.1298200514138818,0,0,0,0,0
9,46,5925,6399,48,0.08166666666666667,0,0,0,1,0
16,43,10740,10740,72,0.07076663858466722,0,0,1,1,0
2,55,7990,6508,24,0.09366666666666666,0,0,0,0,0
3,67,18400,19841,60,0.1376470588235294,0,0,0,1,1
6,73,12500,12500,84,0.05201958384332925,0,0,1,1,0
31,54,25041,18990,60,0.07,1,0,1,1,0
46,62,13699,14544,72,0.05714285714285714,0,0,1,0,0
1,45,2380,1927,12,0.1261538461538461,0,0,0,1,1
28,49,28000,18000,60,0.05,0,0,1,1,0
9,74,23000,10000,36,0.1191666666666667,0,0,0,0,0
18,39,14300,5800,24,0.05260869565217392,1,0,1,0,0
0,33,8700,9362,48,0.06029411764705882,0,0,0,0,1
0,22,8900,8900,48,0.1189349112426036,0,0,0,0,0
14,77,12850,13792,72,0.1927272727272727,0,0,0,1,0
6,44,6360,6360,36,0.1130952380952381,0,0,1,1,0
7,46,9590,6843,36,0.1031578947368421,0,0,1,0,0
7,34,9990,11087,84,0.07897435897435898,0,0,0,0,1
6,44,8190,6471,48,0.07708553326293559,0,0,0,1,0
0,48,4950,4950,24,0.1572463768115942,0,0,1,1,0
0,18,10078,11118,60,0.08578912901113293,0,0,0,0,1
7,24,13900,15398,96,0.10875,0,0,1,1,0
2,27,30061,25061,60,0.1310526315789474,0,0,0,1,0
9,54,5990,4375,36,0.05914467697907189,0,0,1,1,0
1,22,13110,11900,60,0.08266666666666667,0,0,0,0,0
34,57,6700,3825,24,0.04941176470588235,0,0,1,1,0
1,53,4390,4000,48,0.04842105263157895,0,1,1,0,0
25,55,9550,9668,60,0.02976928801786157,0,0,1,1,1
0,44,7000,7169,24,0.1397260273972603,0,0,1,1,0
6,34,14900,16428,72,0.1276923076923077,0,0,1,0,0
0,25,10750,10750,24,0.1864,0,0,0,1,0
2,27,23490,26022,96,0.1583783783783784,0,0,1,0,1
10,39,16400,13400,60,0.126,0,0,1,1,0
11,49,15990,11570,60,0.1215384615384615,0,0,1,1,0
13,58,4401,4607,36,0.136,0,0,1,1,0
15,46,11390,9254,48,0.1068740592072253,0,0,1,0,0
2,33,6800,5260,48,0.04296296296296296,0,0,0,1,0
1,33,21318,19728,48,0.07719505008839128,0,0,1,0,0
2,65,11600,10455,72,0.1794871794871795,0,0,1,1,0
8,64,35000,30000,72,0.05394736842105263,0,0,1,0,0
2,31,17950,9117,60,0.02392344497607655,0,0,1,1,0
8,35,5800,5800,48,0.09772727272727273,0,0,1,1,0
10,35,29985,24985,96,0.09363636363636364,0,0,1,0,0
1,42,4990,4990,60,0.0375,0,0,1,0,1
1,39,17990,20426,60,0.1589285714285714,0,0,0,0,1
11,44,12790,11490,60,0.02521367521367521,0,0,1,1,0
0,56,12990,15307,84,0.1161111111111111,0,0,0,0,0
29,48,2480,2531,24,0.04482477587612062,0,0,0,0,0
2,24,7990,9220,72,0.1037037037037037,0,0,0,0,1
0,38,7350,7094,96,0.06957928802588997,0,0,1,0,0
32,58,17290,10000,36,0.07714285714285714,0,0,1,1,0
14,77,23600,9500,72,0.09866666666666667,1,0,1,1,0
10,70,11990,6990,72,0.05241379310344828,0,0,0,0,0
0,33,8490,9112,48,0.1,0,0,0,0,1
0,36,15990,18984,84,0.1330494944119212,0,0,0,0,1
6,71,9501,3501,12,0.07894736842105263,1,0,0,0,0
3,31,16675,18551,96,0.1669230769230769,0,0,1,0,1
34,53,7000,5279,24,0.06892857142857142,0,0,1,0,0
2,35,15750,13071,96,0.1275,0,0,0,1,0
34,50,11490,7197,72,0.03742064817908453,0,0,1,1,0
44,60,13900,13900,60,0.1048,0,0,1,1,0
3,27,19390,17360,36,0.1555555555555556,0,0,0,0,0
16,43,9573,9573,36,0.1634285714285714,0,0,1,0,0
5,38,11990,11941,60,0.1825,0,0,0,1,0
0,20,11000,12416,72,0.1282758620689655,0,0,0,0,0
6,26,12000,8000,60,0.1113636363636364,0,0,0,1,0
22,46,8000,8000,96,0.0404,0,0,1,1,0
20,81,7990,8346,36,0.09666666666666666,0,0,1,0,0
38,59,11600,7182,60,0.054,0,0,1,1,0
8,32,11598,9344,60,0.1071428571428571,0,0,0,0,0
3,59,10617,10617,48,0.06777777777777778,0,1,0,0,0
2,35,30070,27441,72,0.1910344827586207,0,0,0,1,1
7,61,8000,4000,24,0.1810526315789474,1,0,0,1,0
3,20,6960,7729,60,0.1074074074074074,0,0,0,0,1
15,37,5509,5509,60,0.07428571428571429,0,0,1,0,0
34,52,14194,4963,36,0.07473684210526316,1,0,0,0,0
4,41,18200,14952,60,0.2037037037037037,0,0,0,1,0
0,57,27770,17770,60,0.1678947368421053,1,0,1,1,0
1,25,18500,20016,60,0.1666666666666667,0,0,1,0,0
0,23,7673,7673,36,0.1491749174917492,0,0,0,0,0
20,48,18390,15572,60,0.07173913043478261,0,0,0,0,0
3,36,13500,10486,72,0.125,0,0,0,1,0
8,25,7652,8252,48,0.1033333333333333,0,1,0,0,1
17,53,13150,13961,72,0.1434210526315789,0,0,1,1,0
32,49,15500,13637,48,0.06423076923076923,0,0,1,1,0
21,83,18700,18700,48,0.1873096446700508,0,0,0,1,1
2,28,21777,21916,60,0.1413894324853229,0,0,0,0,0
30,56,11050,11050,48,0.09071428571428572,0,0,1,1,0
2,46,8690,9057,36,0.1907142857142857,0,0,0,0,0
16,55,14000,14000,60,0.099375,0,0,0,0,0
2,23,15701,15990,60,0.09714285714285714,0,0,0,0,0
22,40,6500,6980,36,0.0980952380952381,0,0,0,0,0
1,31,17850,14790,84,0.1235474006116208,0,0,1,0,0
2,38,14950,14468,96,0.1466666666666667,0,0,0,0,1
8,51,6590,7175,60,0.084375,0,0,0,0,1
0,41,19139,19139,72,0.07860945818979016,0,0,1,1,0
0,43,17300,17300,72,0.1437435367114788,0,0,1,0,0
14,79,4932,4932,36,0.1208333333333333,0,0,0,0,0
3,66,18990,23186,72,0.1885714285714286,0,0,1,1,0
10,33,14600,11646,60,0.05909090909090909,0,0,0,0,0
0,22,23500,23491,60,0.1707142857142857,0,0,0,0,0
7,35,9500,10525,84,0.06777251184834124,0,0,1,1,0
18,51,11490,12595,72,0.07771428571428571,0,0,1,0,0
1,23,3490,3316,36,0.05157894736842105,0,0,0,0,0
26,64,5350,5350,36,0.06448979591836734,0,0,0,0,0
24,49,25480,25480,60,0.1004709576138148,0,0,1,1,0
1,60,11500,7304,72,0.058,0,1,0,1,0
0,31,12400,12400,48,0.0961111111111111,0,0,0,0,0
9,50,13090,6219,36,0.07647058823529412,0,0,0,0,0
34,52,9990,9990,60,0.0568,0,0,1,1,0
0,31,11490,12415,96,0.0868421052631579,0,0,0,0,0
8,61,5490,5628,60,0.06866666666666667,0,0,0,0,1
9,31,20880,22418,48,0.1726315789473684,0,0,0,0,1
16,42,8500,9133,36,0.0846875,0,0,0,0,1
9,49,18669,12669,60,0.05253104106972302,0,0,1,1,0
16,33,21980,5480,12,0.3584615384615384,1,0,0,1,0
7,33,14300,16588,72,0.09333333333333334,0,0,1,0,0
0,43,6319,7320,72,0.06411764705882353,0,1,0,0,1
2,51,10475,10475,72,0.05285714285714286,0,0,0,0,1
1,26,18980,22948,96,0.1224758560140474,0,0,1,0,1
39,58,23990,12253,48,0.1129166666666667,0,0,0,0,0
32,58,15755,15755,60,0.1042857142857143,0,0,1,0,1
2,62,12500,2000,12,0.108125,1,0,1,0,0
2,38,7513,7513,48,0.03597430406852248,0,0,1,1,0
27,51,7120,8288,60,0.08210526315789474,0,0,0,0,1
14,79,4552,4680,36,0.069,0,1,0,0,0
28,50,13500,14987,96,0.1323076923076923,0,0,1,1,0
12,71,5000,5205,48,0.0508695652173913,0,0,1,1,0
6,31,16250,16808,84,0.1305389221556886,0,0,0,0,0
0,35,7980,8684,48,0.07291666666666667,0,0,1,1,0
20,58,7641,7903,24,0.1536363636363636,0,0,1,0,0
8,51,9540,7113,60,0.12,0,0,1,0,0
1,32,4200,3759,36,0.0925,0,0,0,0,0
2,62,16600,14100,72,0.09257142857142857,0,0,1,0,0
8,36,11990,11893,60,0.08368421052631579,0,0,0,1,0
18,53,17500,19514,48,0.1504322766570605,0,1,0,0,0
3,23,5800,2800,24,0.08066666666666666,0,0,0,0,0
1,43,16490,17337,60,0.2379032258064516,0,0,1,0,0
0,18,10990,11955,60,0.1390909090909091,0,0,0,0,1
2,60,7400,5575,72,0.06148148148148148,0,0,1,1,0
2,37,16110,18266,60,0.0838095238095238,0,0,1,1,0
1,28,7900,3235,48,0.0292,1,0,0,0,0
11,75,11990,10490,72,0.09885714285714285,0,0,0,0,0
10,63,7990,7990,60,0.06904761904761905,0,0,1,1,1
1,26,7400,2157,48,0.03128991060025543,1,0,0,0,1
18,44,6300,6884,72,0.09454545454545454,0,0,1,0,0
8,25,7899,5255,36,0.085,0,0,0,0,0
11,48,19479,18979,96,0.09699570815450644,0,0,1,0,0
17,52,21740,26052,60,0.08588235294117647,0,0,1,1,0
15,74,14090,15056,72,0.1438461538461538,0,0,1,1,1
21,38,23580,13580,48,0.09372156505914468,0,0,1,1,0
1,47,9400,6900,84,0.03038847117794486,0,0,1,1,0
3,23,5985,5422,24,0.14875,0,0,0,0,0
17,60,9990,4073,36,0.07922077922077922,1,0,0,0,0
27,55,10500,5500,36,0.05285073670723895,1,0,1,1,1
14,77,4939,5077,36,0.1153846153846154,0,0,0,1,0
6,69,18690,9690,36,0.11,0,0,1,0,0
14,46,9009,9731,48,0.1018181818181818,0,0,1,1,0
1,43,5371,6157,48,0.1281818181818182,0,0,1,1,0
4,36,6560,6690,60,0.05454545454545454,0,0,0,0,0
10,73,8150,3384,12,0.1313636363636364,1,0,1,1,0
2,38,6500,2000,24,0.0567741935483871,1,0,1,1,0
12,44,10985,7774,60,0.1176923076923077,0,0,1,0,0
6,66,7400,7780,60,0.11171875,0,0,1,0,0
48,64,7955,7955,24,0.1815789473684211,0,0,1,1,1
7,49,5870,3000,24,0.08733333333333333,1,0,0,0,0
3,36,8700,10519,96,0.09495548961424333,0,0,0,0,0
15,66,5901,5901,48,0.1023076923076923,0,0,0,1,0
2,44,17900,13900,72,0.05049261083743842,0,0,1,1,0
4,33,16989,14589,60,0.0943994364212751,0,0,0,0,0
48,64,10445,11000,48,0.05555555555555555,0,0,1,1,0
0,27,22390,24720,84,0.1917647058823529,0,0,1,0,0
16,52,17200,15908,60,0.1273391145595618,0,0,1,0,0
22,46,35750,28250,60,0.09582893347412882,0,0,1,0,0
3,32,11900,9634,36,0.08023598820058997,0,0,1,0,0
12,50,1501,1501,12,0.09142857142857143,0,0,0,1,0
31,58,30685,24929,60,0.0894,0,0,1,1,0
0,20,1876,1876,12,0.158,0,1,0,0,1
0,32,11780,12797,60,0.1047619047619048,0,0,0,0,0
31,58,8350,7350,48,0.105,0,0,0,0,1
1,61,24135,22871,60,0.1146153846153846,0,0,1,0,1
4,55,10470,4682,36,0.04057971014492753,0,0,0,0,0
2,54,17021,16224,72,0.06623058053965658,0,0,1,0,0
8,68,8990,8990,60,0.1182795698924731,0,0,0,1,1
22,55,3990,1640,12,0.04495472186287193,0,0,1,1,0
0,61,5653,6128,36,0.1292857142857143,0,1,0,0,0
1,53,12990,14513,96,0.1197278911564626,0,0,0,0,1
23,45,10800,10950,60,0.06172248803827751,0,0,1,0,0
14,54,14500,11273,48,0.1142857142857143,0,0,1,0,0
2,19,16500,15000,72,0.1091549295774648,0,0,0,0,1
16,44,21497,17497,48,0.06403688524590163,0,0,1,1,0
1,30,7725,1897,12,0.1238461538461538,1,0,1,0,0
2,22,11990,11990,60,0.0656,0,0,0,0,1
10,59,6795,7154,48,0.0632,0,0,1,0,0
12,51,8690,8709,36,0.09925925925925926,0,0,0,1,0
3,25,11290,12337,60,0.1376811594202899,0,0,0,0,1
16,55,5539,5802,36,0.09666666666666666,0,0,1,0,0
3,20,25858,24972,60,0.1685314685314685,0,0,1,0,1
18,77,14690,14690,72,0.2694117647058824,0,0,0,0,0
5,26,12100,13385,72,0.1024217961654894,0,0,1,1,0
0,45,10970,10944,60,0.1216666666666667,0,0,0,0,0
35,69,7838,7838,36,0.117,0,0,1,1,0
1,42,16000,10500,60,0.04929577464788732,0,0,1,0,0
4,55,19950,21988,84,0.178125,0,0,1,0,0
4,29,14290,14290,96,0.1045056320400501,0,0,1,0,0
15,54,12050,12050,48,0.147027027027027,0,0,1,0,0
2,21,9350,4675,24,0.1625,0,0,0,0,0
21,45,15490,17575,60,0.0959090909090909,0,0,1,0,1
2,18,17870,19543,60,0.1875,0,0,0,0,1
17,55,32500,25500,60,0.08917565485362096,0,0,1,1,1
1,29,8990,4129,48,0.06888888888888889,0,0,0,0,0
0,25,7990,6490,72,0.06733333333333333,0,0,0,0,0
1,25,18300,9696,24,0.0905,0,0,0,0,0
0,25,21950,23303,72,0.2145454545454545,0,0,0,0,1
0,18,23790,23790,60,0.175625,0,0,0,0,1
7,41,15785,17151,60,0.126,0,0,1,1,0
1,18,10990,11822,48,0.110625,0,1,0,0,1
1,21,15000,14428,84,0.1176470588235294,0,0,0,0,0
28,54,7369,4862,48,0.1,0,0,1,0,0
37,55,8290,8900,48,0.0325,0,0,1,0,0
1,21,9190,10723,48,0.1792592592592593,0,0,0,0,0
8,69,3900,4743,60,0.05259259259259259,0,0,1,0,0
9,52,14410,17302,96,0.13125,0,0,1,1,0
6,55,11700,12393,48,0.0975,0,0,0,1,0
27,74,10985,8101,72,0.1056,0,0,1,1,0
2,51,6789,6533,60,0.1025,0,0,1,1,0
2,32,13990,13048,60,0.1399103139013453,0,0,0,0,0
7,44,22440,24281,60,0.1006968641114983,0,0,1,0,0
17,51,16599,17962,60,0.1211538461538462,0,0,1,1,0
1,34,12890,14338,48,0.08705457825890843,0,0,0,0,1
1,52,3750,2750,36,0.03153846153846154,0,0,1,1,0
0,55,14990,13001,72,0.07185185185185185,0,0,1,1,0
27,54,8900,3900,48,0.03333333333333333,1,0,1,1,0
25,51,6860,6860,60,0.06789473684210526,0,0,1,0,0
18,36,16190,17829,72,0.06949270326615706,0,0,1,0,0
2,38,7500,6200,48,0.0242600679281902,0,0,0,0,0
4,59,28180,19458,60,0.1938888888888889,0,0,0,1,0
2,27,14250,12050,60,0.0629222972972973,0,0,1,0,0
2,52,17500,16127,48,0.1166848418756816,0,0,0,0,0
18,49,20990,19757,48,0.062,0,0,1,1,0
28,46,17100,14300,48,0.04892857142857143,0,0,1,1,0
12,37,10900,11143,96,0.04195561719833565,0,0,1,0,0
2,47,12110,8710,48,0.08761682242990654,0,0,1,1,0
0,24,9990,10879,60,0.08342602892102335,0,0,0,0,1
0,38,12028,12028,60,0.325,0,0,1,0,0
0,45,21775,23302,36,0.2263636363636364,0,0,1,0,1
4,42,14900,16190,60,0.08935532233883059,0,0,1,0,0
2,22,12990,13182,72,0.13,0,0,0,0,0
16,55,16499,17664,84,0.1042505592841163,0,0,0,0,0
1,34,8490,8807,48,0.08222222222222222,0,0,1,0,1
26,56,7241,7716,60,0.0568,0,0,0,1,0
6,42,18800,13127,96,0.06199677938808373,0,0,1,0,0
6,29,12990,11922,60,0.1033333333333333,0,0,0,1,1
0,22,6300,6828,60,0.08449720670391062,0,0,0,0,1
23,45,8990,9936,36,0.08003346346904629,0,0,1,1,0
0,24,18089,14089,72,0.1067114093959732,0,0,0,0,0
7,68,6400,4025,60,0.04235294117647059,0,0,0,1,0
1,21,15000,9644,36,0.1827814569536424,0,0,0,0,0
18,85,18089,15589,60,0.075,0,0,1,0,0
6,46,11990,4852,48,0.06104651162790697,1,0,0,0,0
2,56,15560,15250,36,0.135,0,0,1,1,0
26,56,8500,8891,36,0.1037811745776347,0,0,1,0,0
22,63,9500,8418,72,0.0675,0,0,1,1,0
0,36,12990,3109,12,0.08929765886287626,1,0,1,0,0
7,55,11000,12038,60,0.1522222222222222,0,0,0,0,1
2,26,10990,12240,48,0.1491666666666667,0,0,0,1,1
3,39,8980,4980,36,0.06309834638816363,0,0,1,0,0
4,26,16900,18005,84,0.11,0,0,0,1,1
3,60,12980,14761,48,0.09914893617021277,0,0,1,1,1
9,50,10500,6500,84,0.1022222222222222,0,0,0,0,0
1,49,25990,18393,60,0.15,0,0,1,1,0
31,51,7950,8638,60,0.06324582338902147,0,0,0,0,1
7,27,27450,16662,48,0.235,0,0,0,0,0
1,27,9400,8100,48,0.122,0,0,0,0,0
0,43,10990,12154,84,0.1164285714285714,0,0,1,0,1
21,60,3200,3200,24,0.04682274247491638,0,0,1,1,0
0,41,17990,18120,48,0.08652173913043479,0,0,0,0,1
1,65,19690,9820,60,0.03151548369416279,1,0,1,1,0
0,48,10800,12082,48,0.1942857142857143,0,0,0,0,0
23,53,14990,14990,72,0.1126829268292683,0,0,1,1,0
0,37,16500,15178,48,0.1267748478701826,0,0,0,0,1
14,51,17272,12643,84,0.07130434782608695,0,0,0,0,0
7,49,23987,23011,60,0.171875,0,0,1,0,0
1,46,17611,17611,24,0.181757209926224,0,0,1,0,0
30,57,6798,7244,60,0.03594594594594595,0,0,1,1,0
10,73,15800,11711,60,0.1111111111111111,0,0,0,1,0
2,38,14999,9499,60,0.0603448275862069,0,0,1,1,0
17,55,8500,8500,48,0.0975,0,0,1,1,0
31,50,8424,8424,60,0.05324849296718017,0,1,0,0,1
2,40,9995,4199,12,0.2111764705882353,1,0,0,0,0
26,56,9000,9739,96,0.059,0,0,0,0,0
10,53,5990,6499,60,0.04470588235294118,0,0,1,1,0
2,30,10990,9490,48,0.115,0,0,0,0,0
3,31,11149,9078,96,0.06162162162162162,0,0,0,1,1
21,50,14880,11922,48,0.2175,0,0,1,0,0
7,55,16000,4000,36,0.07866666666666666,1,0,0,1,0
7,63,16000,16000,72,0.08928571428571429,0,0,0,0,0
4,36,8890,5890,36,0.1061557788944724,0,0,0,0,0
2,50,14319,14319,72,0.1517241379310345,0,0,1,0,0
1,26,5150,3998,36,0.07803867403314917,0,0,0,0,0
15,44,9820,6665,36,0.06488294314381271,0,0,1,1,0
12,57,11490,7812,36,0.07666666666666666,0,0,0,0,0
25,45,14476,3075,12,0.1233333333333333,1,0,0,0,0
9,34,14400,15756,72,0.07134433962264151,0,0,0,0,0
5,66,17200,17200,72,0.1033333333333333,0,0,1,1,0
16,53,12500,4500,24,0.0772,1,0,0,0,0
6,31,14590,14590,72,0.09052408681842244,0,0,1,1,0
20,51,8141,6141,60,0.02973684210526316,0,1,1,1,0
9,37,11007,11007,48,0.09943865276663993,0,0,1,1,0
18,57,20990,15923,60,0.093,0,0,0,1,0
9,74,16950,13950,72,0.09213759213759214,0,0,1,1,0
3,23,4650,4650,60,0.06071428571428571,0,0,0,0,0
21,48,9898,9898,24,0.143,0,0,1,1,0
7,60,13990,13990,60,0.1111111111111111,0,0,1,1,0
0,47,10490,12083,60,0.09875,0,0,0,0,0
20,74,4505,4631,36,0.0547244094488189,0,0,0,0,0
14,52,3990,2146,48,0.02823529411764706,1,0,0,0,0
2,22,7990,7990,60,0.075,0,0,0,0,0
5,60,6028,6028,48,0.0745945945945946,0,0,1,0,0
16,55,23250,25080,72,0.124390243902439,0,0,1,0,0
12,34,10900,7800,60,0.05702094647013189,0,0,1,0,0
10,74,3860,2663,24,0.0975,0,0,0,0,0
0,25,16750,18434,72,0.1170588235294118,0,0,0,0,0
3,20,11900,13073,72,0.2,0,0,0,1,0
30,52,6900,5569,48,0.0392156862745098,0,0,1,1,0
0,25,12500,9000,48,0.1021428571428571,0,0,0,0,0
4,40,22990,22990,48,0.177257525083612,0,0,0,1,1
13,73,10950,9450,72,0.0592,0,0,1,1,0
12,35,21980,24400,96,0.1018181818181818,0,0,1,0,0
15,46,15284,5404,24,0.03583535108958838,0,0,0,0,0
0,51,10750,10866,60,0.119047619047619,0,0,0,0,0
5,30,9850,11733,72,0.07085427135678392,0,0,1,0,1
29,52,11490,10333,60,0.05114285714285714,0,0,1,1,0
4,33,14485,11485,84,0.04721804511278196,0,0,1,1,0
3,35,5250,4250,36,0.01805555555555555,0,0,1,1,0
4,27,7800,8714,96,0.06264775413711583,0,0,0,0,0
0,63,5698,6358,48,0.04766666666666667,0,0,0,1,0
1,28,6990,7700,72,0.09202898550724638,0,0,0,1,1
20,37,20000,11500,48,0.09222222222222222,0,0,1,1,0
1,19,19990,22514,60,0.1628571428571429,0,0,0,0,1
13,56,10000,7000,60,0.06279069767441861,0,0,0,1,0
20,42,9000,8670,60,0.02649208282582217,0,0,1,0,0
9,44,26990,23344,48,0.06561514195583597,0,0,1,1,0
12,51,21200,10722,36,0.0965625,0,0,1,1,0
0,25,14500,16540,60,0.18625,0,0,0,0,0
22,47,11318,11318,48,0.08225806451612903,0,0,1,1,0
0,60,13990,15355,60,0.2336,0,0,1,0,0
2,47,15428,15543,60,0.08578947368421053,0,0,1,0,0
17,48,22300,21300,72,0.07931034482758621,0,0,1,0,0
21,50,4750,4750,36,0.04057142857142857,0,0,0,1,0
10,75,15112,10733,48,0.08233333333333333,0,0,0,1,0
1,26,14686,14782,60,0.095,0,0,0,0,0
2,27,10880,12012,84,0.09575757575757576,0,0,0,0,1
2,36,8500,9197,60,0.05251141552511415,0,0,1,0,0
1,26,5675,5675,49,0.07446808510638298,0,0,1,0,1
8,61,8238,8238,36,0.07028571428571428,0,0,1,1,0
0,37,8700,7226,48,0.1358333333333333,0,0,1,0,1
23,53,21500,20162,36,0.1104,0,0,1,0,0
5,51,14800,14300,60,0.07423904974016332,0,0,1,1,0
5,45,7380,5754,48,0.04166666666666666,0,0,1,1,0
15,33,12900,4600,36,0.03508771929824561,1,0,1,0,0
7,36,22739,20339,60,0.1205882352941176,0,0,0,0,1
1,33,8450,7595,60,0.06846153846153846,0,1,0,0,1
16,36,10000,9065,84,0.09846153846153846,0,0,0,1,0
3,54,18930,18930,60,0.07013574660633484,0,0,1,0,1
13,42,12990,12990,60,0.03236607142857143,0,0,1,0,0
33,52,10990,11600,60,0.0637037037037037,0,0,1,0,0
0,22,3870,3455,24,0.08823529411764706,0,0,0,1,0
41,58,8334,8334,24,0.1956756756756757,0,0,1,1,0
1,31,15000,14000,60,0.1222222222222222,0,0,0,0,0
0,25,12390,13458,48,0.2095238095238095,0,0,0,0,1
11,76,4405,2997,36,0.06769230769230769,0,0,1,1,0
5,51,11149,13334,84,0.08842297174111212,0,0,1,0,0
25,48,17900,15041,60,0.03946764570904084,0,0,1,0,0
14,41,12300,9300,96,0.03923476005188067,0,0,1,1,0
25,52,8590,9031,60,0.03530295443164747,0,1,1,1,1
2,57,13744,14698,60,0.1428571428571428,0,0,1,0,0
7,61,8260,5390,24,0.1666666666666667,0,0,1,0,0
28,51,15290,16325,48,0.1195238095238095,0,0,0,1,0
1,21,25490,27214,48,0.2164705882352941,0,0,0,0,0
25,51,8000,8582,36,0.0498,0,0,0,1,0
17,59,13585,14175,48,0.2457142857142857,0,0,0,0,0
20,50,20990,20990,60,0.0908,0,0,1,1,0
6,25,29490,26490,72,0.09090909090909091,0,0,0,1,0
12,54,4152,4152,60,0.05777777777777778,0,0,1,1,0
5,70,20830,14184,60,0.1188235294117647,0,0,1,1,0
31,63,5990,4531,48,0.04896142433234421,0,0,1,1,0
12,33,16800,19431,72,0.1317391304347826,0,0,0,0,1
1,40,17990,19571,60,0.1185714285714286,0,0,1,0,0
2,37,19145,19145,96,0.1553333333333333,0,0,0,0,0
3,41,5600,1501,24,0.03658536585365853,1,0,1,1,0
22,44,4168,4431,24,0.1371428571428571,0,0,1,0,0
19,51,11670,7270,36,0.09727272727272727,0,0,0,0,0
20,75,6500,6000,60,0.06647058823529411,0,0,1,0,0
3,21,9850,10670,60,0.126,0,0,0,0,1
47,66,20000,15000,84,0.1435714285714286,0,0,1,0,0
10,30,20710,5710,96,0.03094170403587444,1,0,0,0,0
9,75,19990,9990,36,0.1804465902232951,1,0,1,1,0
4,47,5950,5950,36,0.07641921397379912,0,0,1,0,0
11,42,6390,6413,60,0.03901895206243032,0,0,0,0,0
0,26,9890,9714,72,0.1130769230769231,0,0,1,0,1
0,40,13975,10975,36,0.2071428571428572,0,0,1,0,0
24,56,7170,3841,36,0.07290322580645162,1,0,0,0,0
2,24,20000,19510,96,0.1061987237921604,0,0,0,0,1
4,21,26024,28460,72,0.1811111111111111,0,0,0,1,1
1,64,13950,7309,36,0.1878260869565217,1,0,1,1,0
21,50,9990,3990,36,0.04344569288389513,1,0,1,1,0
6,39,13980,15619,96,0.1079545454545455,0,0,0,0,0
0,19,27250,27390,72,0.153953488372093,0,0,0,0,1
12,42,13600,13093,60,0.07009803921568628,0,0,0,1,0
14,73,7078,4000,48,0.02307692307692308,1,0,1,1,0
6,25,17950,15908,48,0.0745,0,0,0,0,0
3,65,16750,3750,36,0.09909090909090909,1,0,1,1,0
10,74,11000,13827,72,0.08486486486486486,1,0,0,1,0
4,26,16775,7351,48,0.1483333333333333,1,0,0,0,0
25,58,15400,9468,60,0.05455712451861361,0,0,1,1,0
5,42,7430,8596,72,0.0399120050282841,0,0,1,1,0
29,45,12210,12900,60,0.0445839874411303,0,0,1,1,1
20,53,13785,13785,48,0.1435,0,0,1,1,0
19,48,23665,20764,96,0.07435740514075888,0,0,1,1,0
13,51,13990,4690,36,0.06571428571428571,1,0,0,1,0
13,57,24950,24950,72,0.1108333333333333,0,0,1,1,0
3,39,21990,16990,72,0.08930323846908735,0,0,1,1,0
5,32,6129,7234,84,0.0825,0,0,0,0,0
5,49,4450,5061,60,0.08454545454545455,0,0,0,0,1
0,60,6637,7113,48,0.06153846153846154,0,0,1,0,0
8,67,8590,9071,72,0.08848484848484849,0,0,0,0,0
0,33,14950,14950,24,0.3461111111111111,0,0,0,0,0
0,43,12600,14708,72,0.1441666666666667,0,0,0,0,1
40,57,9682,9858,12,0.1244,0,0,0,1,0
4,21,8890,9714,72,0.1130769230769231,0,0,1,0,1
21,64,4335,4335,36,0.04923076923076923,0,1,1,0,0
1,58,7700,2700,12,0.1155,1,0,1,1,0
30,47,8469,9202,60,0.07379912663755459,0,0,1,1,0
10,60,4197,4393,36,0.1361256544502618,0,1,1,1,0
1,38,13450,15027,96,0.1180645161290323,0,0,1,0,0
1,51,15305,15500,12,0.07845433255269321,0,0,1,1,0
11,33,5800,6470,48,0.06363636363636363,0,0,1,0,0
26,83,6299,6299,36,0.1736363636363636,0,0,1,0,1
4,50,19000,14034,48,0.05941176470588235,0,0,0,0,0
4,36,9680,10724,84,0.07019230769230769,0,0,1,0,0
4,23,15389,8483,48,0.1187096774193548,0,0,0,0,0
5,36,6900,7831,60,0.06409090909090909,0,0,1,0,0
0,44,16990,20683,72,0.1311764705882353,0,0,1,1,0
20,57,4600,4812,36,0.06029285099052541,0,0,1,1,0
4,69,2575,2575,24,0.06277777777777778,0,0,1,1,0
3,37,14990,16600,72,0.1029411764705882,0,0,0,0,1
6,29,14269,13429,48,0.063,0,0,0,0,0
0,26,6885,7713,48,0.1877777777777778,0,0,0,0,1
8,36,10000,11420,60,0.05180806675938804,0,0,1,0,0
0,29,7450,8257,60,0.1381818181818182,0,0,0,1,1
43,60,8500,7700,72,0.03208333333333333,0,0,1,0,0
1,45,18990,20912,60,0.6311111111111111,0,0,1,0,0
2,23,5550,5537,48,0.09230769230769231,0,0,0,0,0
2,51,9900,4238,60,0.04588235294117647,1,0,0,0,0
27,47,12900,12462,72,0.08695652173913043,0,0,1,1,0
0,49,19500,18932,60,0.1236363636363636,0,0,1,0,0
6,29,7078,6666,48,0.04950495049504951,0,0,0,0,0
3,20,6000,6435,48,0.09090909090909091,0,0,0,1,1
2,42,13870,15366,84,0.130625,0,0,0,0,0
0,27,10100,11696,72,0.0827027027027027,0,0,0,0,0
6,71,6295,4795,36,0.1071964017991004,0,0,1,0,0
15,60,5865,5865,36,0.1048484848484848,0,0,0,1,0
13,48,10100,5100,36,0.05736434108527132,1,0,1,1,0
5,42,13670,13670,12,0.114938080495356,0,0,1,0,0
15,48,18950,18978,60,0.1984615384615385,0,0,1,1,0
0,63,19000,13000,48,0.1496598639455782,0,0,1,1,0
4,22,9490,10270,60,0.09,0,0,0,0,1
3,33,6990,5990,60,0.0837037037037037,0,0,1,0,0
12,41,21300,16066,60,0.03803245436105477,0,0,1,1,0
5,53,7990,9140,60,0.07774607703281027,0,0,0,0,0
1,44,12000,12941,48,0.1536842105263158,0,0,1,1,1
14,61,14900,12900,60,0.07090909090909091,0,0,1,1,0
4,45,17990,20168,48,0.1820408163265306,0,0,1,0,0
15,44,5900,3758,48,0.1435810810810811,0,0,1,0,0
1,66,7896,7896,60,0.11,0,0,0,0,0
0,39,12990,14837,60,0.08759469696969698,0,0,1,1,0
19,57,9091,6091,24,0.1147826086956522,0,0,0,0,0
18,35,15500,14755,72,0.04314285714285714,0,0,1,0,0
23,54,17990,10990,60,0.07547169811320754,0,0,1,0,0
7,59,16990,17949,96,0.09181818181818181,0,1,1,0,0
3,35,11940,5435,48,0.03706030150753769,1,0,1,1,0
23,57,13500,13500,72,0.1013636363636364,0,0,1,1,0
1,34,27950,29947,48,0.115606936416185,0,0,1,0,1
18,50,17500,17500,72,0.087890625,0,0,1,1,0
10,41,9850,9850,48,0.09273182957393483,0,0,0,1,0
10,66,8900,8616,48,0.1237745098039216,0,0,1,1,0
0,43,11990,11990,60,0.1013824884792627,0,0,1,0,0
17,45,20500,17500,72,0.1250556297285269,0,0,1,1,0
9,73,11250,2380,24,0.05823529411764706,1,0,0,0,0
4,47,7990,6914,60,0.1154545454545454,0,0,1,0,1
1,36,20000,23911,96,0.1931034482758621,0,1,1,0,1
6,44,9490,7990,60,0.1132352941176471,0,0,0,0,0
18,47,5582,5582,36,0.07152145643693109,0,0,0,0,0
17,44,30809,24499,72,0.1138211382113821,0,1,1,1,1
15,78,9300,9778,60,0.08518518518518518,0,0,0,0,0
11,57,12890,12672,48,0.03693270735524257,0,0,1,1,0
4,41,14000,13526,60,0.08295964125560538,0,0,1,1,0
2,48,16000,15500,60,0.2083333333333333,0,0,0,0,0
0,62,17990,16790,60,0.155257586450247,0,0,0,0,0
13,66,13980,13980,48,0.1775,0,0,0,0,1
24,53,5130,5130,36,0.06291666666666666,0,0,1,0,0
3,31,3800,3667,48,0.04095238095238096,0,0,1,1,0
19,50,17680,20561,72,0.103,0,0,1,0,0
2,58,6069,6546,36,0.1238709677419355,0,0,0,0,0
6,30,19490,19267,84,0.1199414919551438,0,0,0,0,0
3,64,15825,14104,60,0.1802919708029197,0,0,0,1,0
8,25,7758,7758,36,0.1535407015221708,0,0,1,1,0
3,22,15900,14001,24,0.1148,0,0,0,0,1
9,36,29172,16172,60,0.08656716417910448,0,0,1,1,0
0,31,9119,9119,60,0.1433333333333333,0,0,0,0,1
1,52,9990,9990,48,0.07345575959933222,0,0,1,1,0
1,28,7656,8354,60,0.1162790697674419,0,0,0,0,1
3,51,8400,9127,60,0.08571428571428572,0,0,0,0,1
1,65,6995,3758,24,0.08944444444444444,0,0,1,0,0
0,20,26000,28504,72,0.1905660377358491,0,0,1,0,1
12,33,35290,26829,60,0.1048657718120805,0,0,1,0,0
3,30,8450,5263,60,0.05705882352941177,0,0,1,1,0
2,19,4239,4089,36,0.02959641255605381,0,0,0,0,0
2,26,11290,11474,60,0.1038461538461539,0,0,0,0,0
11,47,10390,11745,60,0.09136363636363637,0,0,0,0,0
2,49,17750,17750,72,0.09956521739130435,0,0,0,0,0
16,52,9990,4990,24,0.1770212765957447,0,0,1,1,0
13,49,7180,6017,60,0.048,0,0,0,1,0
15,41,9800,9694,72,0.08421052631578947,0,0,1,0,0
17,43,23100,15000,60,0.1333002973240832,0,0,1,1,0
7,33,24590,17100,60,0.102755905511811,1,0,0,0,0
2,28,18200,14000,48,0.1176470588235294,0,0,0,0,0
3,37,19400,16490,48,0.1481481481481481,0,0,1,1,0
2,38,14330,14021,72,0.08060606060606061,0,0,0,0,0
14,54,24136,23136,60,0.1255,0,0,1,1,0
21,49,13550,14866,60,0.07681818181818181,0,0,1,0,0
21,58,24000,23635,72,0.1476,0,0,1,0,0
12,55,3696,3865,36,0.074,0,1,0,0,1
17,77,12050,12050,60,0.1354838709677419,0,0,0,0,0
0,30,8990,6990,24,0.1264462809917355,0,0,0,0,0
32,54,18990,13840,60,0.1176470588235294,0,0,1,0,0
1,21,7875,8534,96,0.0925,0,0,0,0,0
7,66,9659,9758,12,0.1623931623931624,0,0,1,1,1
1,55,8010,5113,36,0.1275,0,0,1,1,0
18,51,25700,19800,72,0.1053904630269523,0,0,1,1,0
5,70,14200,5000,24,0.1433333333333333,1,0,1,1,0
4,40,18087,18087,60,0.0622478386167147,0,0,1,1,1
1,26,13990,16213,72,0.1773584905660377,0,0,0,0,1
3,44,9990,11290,96,0.07210526315789474,0,0,0,1,1
3,76,5005,5005,36,0.04756756756756757,0,0,0,1,0
17,37,9096,9096,24,0.05020746887966805,0,0,1,0,0
13,53,12960,12099,72,0.09384615384615384,0,0,1,1,0
14,74,7804,8263,60,0.1688888888888889,0,0,1,1,0
2,24,20990,17490,72,0.1245186136071887,0,0,0,1,0
5,32,9830,6830,36,0.07730769230769231,0,0,1,0,0
36,54,13140,8435,84,0.069375,0,0,0,0,0
2,23,12990,13104,60,0.1592,0,0,0,0,1
30,80,5250,7186,48,0.07173913043478261,0,0,1,1,0
7,36,16847,12743,60,0.0684,1,0,0,0,0
7,58,7731,7731,48,0.09368421052631579,0,1,1,0,0
5,42,20990,21895,72,0.1047058823529412,0,0,0,0,0
15,39,11490,11629,84,0.1053307642903019,0,0,0,0,1
22,55,16280,11200,36,0.13,0,0,0,0,0
5,47,10500,10500,48,0.1066666666666667,0,0,0,0,0
1,25,9650,11542,84,0.1005988023952096,0,0,0,0,1
9,32,14050,15724,96,0.1645454545454546,0,0,1,0,0
35,52,14990,17051,60,0.0904,0,0,0,1,1
0,36,19220,17720,60,0.08531044926804644,0,0,0,0,0
0,33,9890,10934,72,0.1373534338358459,0,0,1,0,1
27,51,6040,6693,60,0.05470588235294117,0,0,0,0,0
2,38,10990,7990,36,0.05897051474262868,0,0,0,0,0
22,56,19290,16000,48,0.1061111111111111,0,0,1,1,0
0,28,6200,3200,36,0.04,0,0,1,0,0
6,55,7600,6985,60,0.07444444444444444,0,0,0,0,0
1,19,22890,22890,60,0.2296296296296296,0,0,0,0,1
13,34,12450,4613,36,0.0536,1,0,0,0,0
37,67,8280,8280,60,0.156,0,0,1,1,0
44,60,9800,8000,48,0.0392,0,0,1,1,0
5,40,5900,3801,48,0.03874538745387454,0,0,1,1,0
7,30,9890,11478,60,0.07566137566137567,0,0,1,1,0
20,39,14250,14250,84,0.06084142394822006,0,0,1,0,0
26,48,8470,2470,12,0.08076923076923077,1,0,1,1,0
3,37,6700,6700,60,0.078125,0,0,1,1,0
0,30,29790,29790,60,0.1873684210526316,0,0,0,0,1
30,58,15949,15949,48,0.0584,0,0,0,1,0
20,80,8950,3950,12,0.2125,1,0,1,1,0
3,29,13980,9980,60,0.05485714285714285,0,0,1,0,0
6,58,2791,2791,12,0.186046511627907,0,0,1,1,0
1,66,2152,2152,12,0.1089324618736384,0,0,0,0,0
26,51,17000,19275,60,0.1568807339449541,0,0,0,1,0
13,37,10470,6990,48,0.03709677419354838,0,0,1,1,0
12,72,7450,5603,24,0.1892307692307692,0,0,0,0,0
4,67,19990,15990,72,0.06458333333333334,0,0,0,1,0
0,32,18300,9800,36,0.04322268326417704,0,0,0,0,0
5,22,15370,17099,96,0.1550387596899225,0,0,1,0,1
13,36,20150,16120,48,0.1,0,0,1,1,0
8,62,6400,7159,72,0.06576629477392835,0,0,1,0,0
5,58,20660,22237,60,0.1622222222222222,0,0,1,1,0
1,32,14980,14698,96,0.1233333333333333,0,0,0,0,1
3,23,15014,15129,60,0.1078787878787879,0,0,0,0,1
29,54,4264,4535,24,0.06633333333333333,0,0,1,1,0
0,20,8990,10064,48,0.1453333333333333,0,0,0,0,0
15,51,17490,13990,48,0.05776173285198556,0,0,0,1,0
2,48,5602,5969,48,0.04875,0,0,1,1,0
19,48,13500,13730,60,0.08095238095238096,0,0,1,0,0
13,48,19000,11500,48,0.22,0,0,1,0,0
11,51,14500,11368,48,0.128,0,0,1,0,0
14,36,29493,25993,96,0.1664033701948394,0,0,0,0,0
8,32,6490,6934,48,0.06317204301075269,0,0,1,0,0
4,67,14950,7450,48,0.1244444444444444,0,0,0,1,0
3,52,7997,7997,60,0.1130769230769231,0,0,0,0,0
0,31,9170,8070,60,0.07026768642447419,0,0,0,0,1
3,31,25990,28731,72,0.166304347826087,0,0,0,0,1
0,61,8870,10598,60,0.1069230769230769,0,0,1,0,0
2,64,18478,17825,48,0.1310526315789474,0,0,1,1,0
11,51,14330,12630,84,0.1064705882352941,0,0,1,1,0
30,59,4750,5132,24,0.1125,0,0,1,0,0
3,67,12705,12828,60,0.1475,0,0,1,1,0
1,19,26484,29125,72,0.228629579375848,0,0,1,0,1
1,19,9900,9490,48,0.1275,0,0,0,0,1
1,24,8980,9727,60,0.1119791666666667,0,0,0,0,0
0,48,7900,8331,36,0.07142857142857142,0,0,1,1,0
17,48,9440,10241,60,0.1139393939393939,0,0,0,0,0
8,28,6430,7117,36,0.1401869158878505,0,0,0,0,0
0,36,6825,7698,36,0.1098376313276027,0,0,0,0,0
6,70,7930,8885,36,0.081875,0,0,0,0,0
28,48,17153,14903,48,0.1217391304347826,0,0,1,0,0
6,43,12300,12276,60,0.04271356783919598,0,0,1,1,0
3,50,10776,11847,60,0.215,0,0,1,0,0
0,53,4243,4243,36,0.05208333333333334,0,0,1,0,0
2,24,13500,13500,48,0.0976470588235294,0,0,0,0,0
5,51,15040,10500,60,0.03806970509383378,0,0,1,1,0
0,18,27456,27572,60,0.1589473684210526,0,0,0,0,0
18,39,6735,7557,48,0.1207142857142857,0,0,0,0,1
1,56,10639,11396,60,0.1252525252525253,0,0,1,1,0
11,54,12450,15081,96,0.0788,0,0,1,0,0
0,43,18950,18950,60,0.2102473498233215,0,0,1,0,0
10,71,5421,5572,36,0.0835,0,0,0,0,0
2,43,17200,17200,48,0.07377049180327869,0,0,1,0,0
21,60,6234,5000,12,0.1852173913043478,0,0,0,0,0
23,51,5900,6902,72,0.05454545454545454,0,0,1,0,1
1,46,4500,4070,60,0.04625,0,0,1,0,0
6,22,21800,18800,60,0.1243093922651934,0,0,0,0,0
31,48,9300,9300,48,0.09545454545454546,0,0,1,0,0
1,23,7940,9430,84,0.07588235294117647,0,0,0,0,0
9,41,36159,11159,60,0.07321428571428572,1,0,0,1,0
2,30,14700,17351,84,0.09875,0,0,1,0,1
3,45,3765,4063,48,0.06133333333333333,0,0,0,0,0
5,43,16760,16565,72,0.168230563002681,0,0,1,1,0
8,69,24050,15235,48,0.07538461538461538,0,0,1,1,0
13,49,3332,3606,24,0.08611111111111111,0,0,1,0,0
0,52,11670,7270,48,0.0354066985645933,0,0,1,1,0
7,52,24900,11371,36,0.0825,1,0,0,0,0
1,21,21690,25931,96,0.152,0,0,0,0,1
10,70,6490,4990,36,0.1354545454545455,0,0,0,0,0
3,28,15000,11500,60,0.0891891891891892,0,0,1,1,0
2,68,6799,6938,60,0.07705882352941176,0,0,0,1,0
18,74,19150,16150,60,0.1414285714285714,0,0,1,1,0
16,47,9985,10859,60,0.1096296296296296,0,0,1,1,0
0,28,8995,1995,12,0.1554545454545455,1,0,0,0,0
4,24,29400,11900,36,0.173,1,0,0,0,1
16,35,5800,6255,48,0.04171597633136095,0,0,1,1,0
21,64,9250,7913,60,0.1092307692307692,0,0,1,1,0
8,29,27456,25572,48,0.1314285714285714,0,0,0,0,1
0,19,8700,8200,48,0.1016666666666667,0,0,0,1,0
1,21,18500,19363,60,0.1338308457711443,0,0,0,0,1
8,31,9980,7528,48,0.1183020180932498,0,0,0,0,0
3,56,9950,3950,36,0.0336231884057971,1,0,1,1,0
15,47,12500,14641,72,0.05468277945619335,0,1,0,1,0
0,38,26000,25587,96,0.08571428571428572,0,0,1,0,1
11,52,14000,5300,48,0.0475452196382429,1,0,1,1,0
2,70,11995,13723,72,0.1528571428571429,0,0,1,1,0
22,46,23390,11869,36,0.1944444444444444,1,0,1,0,0
8,34,4000,4000,84,0.02925531914893617,0,0,1,1,0
2,19,13990,14237,72,0.1393258426966292,0,0,0,0,1
7,47,8990,9544,72,0.1181525241675618,0,0,0,1,0
3,26,24962,24962,60,0.1621621621621622,0,0,0,0,1
5,65,7900,8785,48,0.08142857142857143,0,0,0,1,0
7,75,12900,12900,60,0.1823076923076923,0,0,1,1,0
13,31,22820,25107,48,0.1430434782608696,0,0,1,1,0
0,24,9480,9480,60,0.06176470588235294,0,0,0,0,1
14,39,17090,17990,72,0.119047619047619,0,0,0,0,0
0,30,8500,8500,72,0.07157894736842105,0,0,1,0,1
19,51,18990,19027,84,0.1180124223602484,0,0,1,1,0
15,75,6660,6660,36,0.1088888888888889,0,0,0,1,1
0,26,11700,6108,36,0.09754738015607581,0,0,1,0,0
4,55,11343,10343,36,0.1744444444444445,0,0,1,0,1
1,23,4995,4995,36,0.1064285714285714,0,0,0,0,0
7,37,21725,23296,48,0.0984251968503937,0,0,0,0,0
15,56,10540,11445,60,0.0955128205128205,0,0,1,0,0
31,55,26000,26000,72,0.181304347826087,0,0,1,1,0
26,55,22789,4150,24,0.1,1,0,1,1,0
4,58,15800,13800,36,0.04915466499686913,0,0,1,1,0
0,21,20600,19609,60,0.1984126984126984,0,0,0,0,0
9,50,14351,14351,60,0.075,1,0,1,0,0
16,43,16995,15191,60,0.07908309455587392,0,0,1,0,0
2,20,7480,7280,60,0.1386666666666667,0,0,0,0,0
22,50,10450,6570,24,0.01851851851851852,0,0,1,1,0
4,67,6450,3550,36,0.07851851851851852,1,0,1,1,0
0,43,7290,7290,72,0.05285714285714286,0,0,0,0,0
0,28,11500,11500,60,0.077,0,0,0,0,0
1,24,7900,6411,60,0.06210526315789474,0,0,0,0,0
26,66,4856,4856,48,0.1057142857142857,0,0,1,1,0
0,43,5750,6192,48,0.04650373387644263,0,0,1,1,0
0,60,7990,8740,60,0.1341666666666667,0,0,1,0,0
3,19,27290,26911,60,0.2024242424242424,0,1,0,0,1
0,22,7600,2600,24,0.08071428571428571,1,0,0,0,0
20,66,13385,9485,48,0.1557142857142857,0,0,1,0,0
1,27,14933,13499,96,0.07583170254403131,0,0,0,0,0
10,35,9200,9200,60,0.03542857142857143,0,0,1,0,0
11,62,12559,12559,36,0.1675,0,0,1,0,0
8,73,12650,12650,48,0.36375,0,0,0,0,1
6,56,14990,13708,72,0.168503937007874,0,0,0,0,0
0,50,13890,6890,48,0.07921810699588477,0,0,0,1,0
6,37,10470,2650,36,0.048125,1,0,0,0,0
12,55,12500,8500,60,0.05923076923076923,0,0,1,1,0
0,53,9030,10277,96,0.1,0,0,1,1,0
31,55,11950,12796,60,0.05274888558692422,0,0,0,1,0
8,52,21800,7435,24,0.212,1,1,1,1,0
4,34,16750,15050,72,0.09271237602414834,0,0,1,0,0
2,18,19650,17571,48,0.1740740740740741,0,0,0,0,0
32,51,13950,12833,48,0.06481481481481481,0,0,1,1,0
28,70,34000,30000,60,0.1332,0,0,1,1,0
30,51,6487,7079,72,0.07571428571428572,0,0,0,0,0
22,44,21641,23976,84,0.1316425120772947,0,0,1,1,0
0,34,12950,11881,60,0.0705,0,0,0,0,0
12,76,16490,6990,24,0.07894736842105263,0,0,1,0,0
22,43,16800,10015,48,0.0858252427184466,0,0,0,0,1
5,30,17990,14416,48,0.08764705882352941,0,0,1,0,0
0,30,8700,9506,72,0.05773857257417803,0,0,0,0,0
6,24,13500,13500,60,0.1305263157894737,0,0,0,0,0
7,67,11489,12914,72,0.2126315789473684,0,0,1,1,0
0,24,8800,1800,12,0.1266666666666667,1,0,0,0,1
6,28,4600,4985,24,0.1816666666666667,0,0,0,0,0
3,21,6750,7660,96,0.06769230769230769,0,0,0,0,0
3,42,8140,8854,60,0.05709342560553633,0,0,1,0,1
4,55,18620,21884,96,0.1140909090909091,0,0,1,0,0
10,68,5450,3300,24,0.04798657718120805,0,0,1,1,1
8,41,16500,10500,48,0.07596463022508039,0,0,1,1,0
3,39,9000,10860,96,0.07114399544678429,0,0,0,0,0
8,24,8453,9166,60,0.1261538461538461,0,0,0,0,0
25,44,11510,11510,72,0.088125,0,0,0,0,1
5,29,9500,4827,36,0.07567567567567568,0,0,1,0,0
4,69,8995,10868,60,0.1333333333333333,0,0,1,1,0
1,21,7990,7809,96,0.06785714285714285,0,0,0,1,1
12,41,10490,3000,48,0.022,1,0,1,0,0
16,52,4072,4495,36,0.1023076923076923,0,0,1,1,0
4,33,10980,12704,60,0.07525083612040134,0,0,1,0,0
0,51,22490,18990,60,0.2727272727272727,0,0,1,1,0
29,53,6290,6201,48,0.07611111111111112,0,0,0,0,0
4,36,21572,21711,48,0.2086148648648649,0,0,1,0,0
0,20,10980,10980,24,0.28,0,0,0,1,0
0,52,12490,10290,60,0.1541666666666667,0,0,1,0,0
25,57,24990,24990,72,0.1415789473684211,0,0,1,1,0
27,50,7185,7517,84,0.04260651629072681,0,0,1,0,0
10,31,10500,7000,48,0.08333333333333333,0,0,0,1,0
0,22,9500,7300,48,0.1088888888888889,0,0,0,0,0
22,47,21590,18039,60,0.1886666666666667,0,0,1,0,0
2,44,4888,5476,48,0.08888888888888889,0,0,1,1,0
2,20,7990,7955,72,0.1285097192224622,0,0,0,1,0
0,64,25900,25900,60,0.1065279770444763,0,0,1,0,1
1,27,4900,4537,36,0.1133333333333333,0,0,0,0,0
15,55,16500,16500,60,0.1349134001823154,0,0,1,1,0
0,49,6340,6340,60,0.08714285714285715,0,0,0,0,1
27,58,11990,15178,72,0.06860371267150928,0,0,1,1,0
12,73,4850,3150,60,0.04603174603174603,1,0,1,0,0
17,38,13000,13000,48,0.1143835616438356,0,1,0,0,1
27,49,8750,6750,48,0.05333333333333334,0,0,0,1,0
20,43,17000,17000,60,0.1530769230769231,0,0,1,1,0
1,21,6450,7312,84,0.06451612903225806,0,0,0,0,1
11,56,12690,9815,60,0.05238095238095238,0,0,1,1,0
5,49,15050,9050,60,0.08936170212765958,0,0,0,0,0
23,88,2500,2500,24,0.07857142857142857,0,0,1,1,0
5,63,6254,6485,48,0.09782608695652174,0,0,0,0,0
7,46,9600,8160,48,0.09885714285714285,0,0,1,0,0
0,22,5990,7196,96,0.06916666666666667,0,0,0,0,1
0,19,6780,5479,48,0.31,0,0,0,1,0
27,59,8895,9264,84,0.04814814814814815,0,0,1,1,0
36,59,7897,8173,24,0.1424,0,0,1,1,0
6,36,19400,22603,72,0.1456844420010995,0,0,0,0,1
0,23,17495,17495,60,0.14375,0,0,0,0,0
24,42,9200,9200,36,0.08535071384233395,0,0,1,1,0
15,51,7902,9112,60,0.1628571428571429,0,0,0,0,1
0,24,11000,11245,48,0.1538461538461539,0,0,0,0,1
9,69,12000,3000,24,0.081875,1,0,0,0,0
23,63,19500,15477,48,0.1731578947368421,0,0,0,1,0
26,49,9490,10425,72,0.1284615384615385,0,0,0,0,0
9,55,8977,9470,48,0.1816666666666667,0,0,1,1,0
1,36,16830,4830,36,0.04021164021164021,1,0,0,0,0
27,61,15540,6368,48,0.1071428571428571,1,0,0,1,0
2,31,8000,8000,96,0.06396063960639606,0,0,0,0,0
0,36,26040,28490,36,0.1718213058419244,0,0,1,0,0
3,21,23000,21250,72,0.1870748299319728,0,0,0,0,1
0,20,11365,12225,60,0.1416666666666667,0,0,0,0,1
1,28,22246,23617,72,0.150625,0,1,0,0,1
0,21,8999,10054,96,0.1044520547945205,0,0,0,0,1
3,22,6888,6888,48,0.212987012987013,0,0,0,0,0
3,58,8325,8773,48,0.1042105263157895,0,0,1,0,0
34,51,5690,1690,24,0.02970694500200723,1,0,1,1,1
18,55,15990,10490,72,0.06693877551020408,0,0,1,1,0
17,77,12589,7704,48,0.1264705882352941,0,0,1,0,0
28,54,26000,11800,48,0.1,1,0,0,1,0
3,35,11250,11452,96,0.06017316017316017,0,0,1,1,0
23,49,5976,5976,24,0.1377659574468085,0,0,1,1,0
2,27,13990,13990,36,0.2992857142857143,0,0,0,0,0
40,57,32500,8793,24,0.1650655021834061,1,0,1,0,0
25,54,20450,16837,72,0.124,0,0,1,0,0
0,41,17790,17267,72,0.1176470588235294,0,0,1,1,0
5,50,8290,7140,48,0.07348837209302325,0,0,1,1,0
0,48,8595,8595,60,0.158,0,0,1,1,0
14,54,6995,6995,72,0.09333333333333334,0,0,0,0,0
15,53,25280,25280,72,0.1336363636363636,0,0,1,1,0
7,43,15318,13890,48,0.08310344827586207,0,0,0,0,0
1,26,7670,8317,60,0.08764705882352941,0,0,0,0,1
20,56,4865,2365,24,0.102,0,0,1,1,0
4,36,5990,5990,60,0.05136363636363636,0,0,1,0,0
3,31,26490,13450,48,0.1414285714285714,0,0,0,0,0
7,36,28120,27141,60,0.2513287775246773,0,0,0,0,1
17,35,19900,14900,24,0.1523591087811271,0,0,1,0,0
3,63,9990,11160,96,0.1672816728167282,0,0,0,0,0
31,53,7520,7520,32,0.0685,0,0,0,1,0
0,25,7150,5326,60,0.05529411764705883,0,0,0,0,0
5,57,15550,17733,96,0.1653846153846154,0,0,1,1,0
2,19,15890,15890,72,0.1092307692307692,0,0,0,0,0
7,49,23500,25666,72,0.1716981132075472,0,0,1,0,0
0,42,4840,5259,60,0.07101024890190337,0,0,1,0,1
14,74,20680,19880,60,0.1761538461538462,0,0,0,0,1
4,69,20000,12500,48,0.1,0,0,1,0,0
1,25,9641,9641,39,0.1759656652360515,0,0,0,0,0
7,26,16889,18184,60,0.1816666666666667,0,0,0,0,0
3,31,14041,7137,48,0.1110344827586207,1,0,0,0,0
1,64,14990,11790,36,0.1214285714285714,0,0,1,1,0
1,26,11800,4298,24,0.115527950310559,1,0,0,0,0
0,28,8240,5240,24,0.1135,0,0,0,0,0
7,81,7590,7590,72,0.02179349767774205,0,0,1,0,1
8,57,13800,8782,72,0.1462053571428572,0,0,1,0,0
2,27,13990,15402,72,0.1129411764705882,0,0,0,0,1
37,57,17880,18060,72,0.1064,0,0,1,0,0
27,57,17250,13750,60,0.06578947368421052,0,0,1,1,0
3,33,15650,5650,36,0.06,1,0,0,1,0
30,62,15830,11480,48,0.0416,0,0,1,1,0
4,47,7285,8139,96,0.04725536992840095,0,0,0,0,1
14,51,10390,8390,60,0.06432748538011696,0,0,1,1,0
7,28,6975,7843,48,0.08880118401578688,0,0,0,0,0
38,55,15301,4625,24,0.0995,1,0,1,0,0
6,64,3477,3592,24,0.156,0,0,0,0,0
19,42,7290,6812,36,0.05003335557038025,0,0,1,1,0
0,27,9217,10004,60,0.07692307692307693,1,0,0,0,1
7,61,12000,11000,60,0.091875,0,0,1,0,0
0,34,5095,5438,60,0.08849557522123894,0,0,0,0,0
7,47,14800,13649,60,0.1259515570934256,0,0,1,0,0
20,58,20560,17450,60,0.08695652173913043,0,0,1,1,0
16,56,18590,14590,84,0.1636513157894737,0,0,0,0,0
9,33,9900,9900,60,0.06173913043478261,0,0,1,1,0
0,26,13100,14234,60,0.2927374301675978,0,0,1,1,0
27,55,11110,11110,72,0.03553008595988539,0,0,1,0,0
0,29,5190,5606,48,0.07456647398843931,0,0,0,0,0
3,28,8500,4900,48,0.08218181818181818,0,0,0,0,0
12,54,21500,21500,72,0.1305555555555556,0,0,0,0,1
0,26,9325,9450,60,0.083125,0,0,0,0,0
9,56,11590,11590,96,0.09878213802435724,0,0,0,0,1
25,56,6990,6990,48,0.05166666666666667,0,0,1,1,0
21,50,11980,8314,48,0.07363636363636364,0,0,0,0,0
35,55,5375,5375,24,0.0445,0,0,1,0,0
17,60,13650,11150,24,0.242,0,0,1,0,0
20,49,4490,5000,48,0.05,0,0,0,1,0
1,45,6700,4700,24,0.03471217818918137,0,0,0,0,0
5,35,14351,14182,60,0.0707070707070707,1,0,0,0,0
4,55,3990,2591,12,0.1841666666666667,0,0,0,0,1
19,35,11800,10322,60,0.08636363636363636,0,0,1,0,0
2,39,12690,13366,60,0.1142857142857143,0,0,0,0,0
0,28,9500,8416,96,0.06235294117647059,0,0,0,0,0
12,35,29000,29000,72,0.1271698113207547,0,0,1,1,0
17,62,10500,2500,24,0.05095238095238095,1,0,1,0,0
3,45,17390,17390,60,0.113,0,0,1,0,1
0,40,11450,11177,48,0.1087570621468927,0,0,0,0,0
3,64,7881,7881,48,0.078,0,0,1,1,0
4,24,30472,27602,60,0.1866666666666667,0,0,0,0,0
0,36,10100,11463,60,0.12875,0,0,0,0,0
18,60,15400,12024,48,0.08341463414634147,0,0,1,1,0
1,33,9000,9706,48,0.1183783783783784,0,0,0,1,0
5,32,17295,17295,72,0.0875,0,0,0,0,1
3,33,6800,6800,36,0.08883928571428572,0,0,0,1,0
16,39,13870,12752,72,0.08283261802575108,0,0,1,1,0
18,46,10800,8458,60,0.06909090909090909,0,0,1,1,0
21,44,13110,12501,72,0.06548018804566823,0,0,1,0,0
28,52,27500,24133,60,0.1538888888888889,0,0,0,0,0
4,59,10317,11319,48,0.1029055690072639,0,0,0,0,0
30,56,7716,7716,36,0.0525,0,0,1,1,0
4,46,15150,15265,60,0.1111111111111111,0,0,1,0,1
0,34,9450,10237,60,0.1303724928366762,0,0,1,1,0
2,33,16139,18458,60,0.08545454545454545,0,0,1,0,1
15,51,9900,7010,36,0.07723880597014926,0,0,0,1,0
8,39,15300,15300,60,0.0836,0,0,1,1,1
20,55,21500,16500,60,0.0788,0,0,1,1,0
25,52,14170,9170,48,0.136875,0,0,1,1,0
6,53,8790,9643,72,0.09,0,0,1,0,0
14,46,27950,26750,96,0.1115384615384615,0,0,1,1,1
0,47,4990,4990,60,0.05133928571428571,0,0,1,1,0
5,31,19340,10832,60,0.0803312629399586,0,0,1,1,0
9,31,15990,13990,96,0.05335844318895167,0,0,1,0,0
21,77,7600,8026,72,0.09615384615384616,0,0,0,0,1
7,72,9400,3593,24,0.11,1,0,1,0,0
19,57,12990,9511,48,0.07565217391304348,0,0,0,0,0
1,66,18970,23913,96,0.3288135593220339,0,0,1,1,0
26,47,7690,8660,48,0.1140449438202247,0,0,1,0,0
4,28,5500,5404,48,0.0688235294117647,0,0,0,0,0
14,50,10995,11525,96,0.07407407407407407,0,0,1,0,0
6,44,12300,6984,84,0.04318181818181818,0,0,1,0,0
0,37,7000,4506,36,0.083125,0,0,1,0,0
2,67,4920,4920,36,0.04617834394904458,0,0,1,1,0
0,59,9990,8407,48,0.1672727272727273,0,0,1,0,0
2,26,20500,20500,60,0.2066666666666667,0,0,0,0,0
12,48,14500,13300,96,0.12,0,0,1,1,0
19,62,14490,12105,60,0.1176470588235294,0,0,1,1,0
5,43,26990,26990,36,0.2434002111932418,0,0,1,0,1
0,31,9900,5900,48,0.0525,0,0,0,0,0
6,47,15900,13300,48,0.0725,0,0,1,1,0
6,22,14900,12900,72,0.138,0,0,0,0,0
7,37,22990,25685,96,0.1733333333333333,0,0,0,0,0
3,28,18700,20357,72,0.1052631578947368,0,0,1,0,0
0,23,10990,11941,60,0.1825,0,0,0,0,1
31,58,5773,5974,24,0.1079166666666667,0,0,0,0,0
14,64,8200,3200,12,0.2115384615384615,0,0,1,0,0
0,53,12480,12480,60,0.12,0,0,0,0,1
0,23,32750,24250,72,0.2205882352941176,0,0,0,0,1
2,47,14000,13200,60,0.243,0,0,0,0,0
5,33,7050,7524,48,0.05170454545454545,0,0,1,0,0
0,31,17000,15641,96,0.11875,0,0,0,0,0
30,57,6900,3050,24,0.08933333333333333,1,0,0,0,0
2,23,27500,16892,60,0.09084507042253522,1,1,0,0,1
26,62,8239,9497,60,0.0917948717948718,0,0,1,0,1
7,37,7200,6591,72,0.04608695652173913,0,0,1,1,0
26,59,11990,11990,60,0.1004444444444444,0,0,1,0,0
2,40,11900,11150,48,0.04585798816568047,0,0,1,1,0
6,38,13500,14647,60,0.07652173913043478,0,0,0,1,0
9,74,8970,8299,72,0.07851002865329514,0,0,1,1,1
4,67,6500,3131,24,0.1133333333333333,0,0,0,1,0
0,54,16937,18330,60,0.1106666666666667,0,0,1,1,0
1,40,20990,22984,72,0.08990147783251232,0,0,0,0,1
33,51,19990,22863,60,0.09060092449922959,0,0,0,0,0
1,27,20390,23768,96,0.1635294117647059,0,0,0,0,0
24,49,11700,9660,60,0.07390202702702703,0,0,0,1,0
25,48,10600,10518,72,0.06307692307692307,0,0,1,0,0
27,48,6812,6812,48,0.0608,0,0,1,1,0
1,27,3700,1600,36,0.0362962962962963,1,0,0,0,0
7,29,17290,11928,60,0.1047058823529412,0,0,0,0,0
2,23,15500,12500,36,0.22875,0,0,0,0,0
1,27,23490,23993,48,0.131578947368421,0,0,0,0,0
1,29,12000,10000,48,0.15,0,0,1,0,0
21,49,9600,10933,60,0.0776,0,0,1,1,0
6,38,28500,29497,48,0.3148614609571788,0,0,1,0,0
10,26,12000,12000,48,0.06178571428571428,0,0,1,1,0
5,56,5250,5760,48,0.1,0,0,0,0,0
17,77,4298,4298,48,0.06466666666666666,0,0,0,0,1
1,27,14000,12000,36,0.2564285714285715,0,0,1,1,1
1,22,14000,11756,48,0.08823529411764706,0,0,0,0,0
5,46,27103,22168,36,0.1054285714285714,0,0,1,0,0
3,53,13350,12970,60,0.08727272727272728,0,0,1,0,0
30,47,5308,5308,36,0.2242857142857143,0,0,1,1,0
29,57,4990,4249,36,0.05420168067226891,0,0,1,1,0
3,39,12860,12019,72,0.09127382146439318,1,0,0,0,0
10,51,15800,8800,48,0.1048387096774194,1,0,1,1,0
3,26,22795,22795,84,0.1829411764705882,0,0,0,1,0
8,31,10669,12670,84,0.08381782945736434,0,0,0,0,0
2,25,7165,7165,36,0.071,0,0,0,0,0
8,68,23990,23990,60,0.07147147147147147,0,0,0,0,0
1,42,13990,15227,84,0.08646288209606987,0,0,1,0,0
2,44,10900,10051,48,0.1224719101123596,0,0,0,0,0
13,60,8990,10542,72,0.1008620689655172,0,0,0,0,0
22,57,9500,9293,36,0.06896551724137931,0,0,1,1,0
11,61,11900,7400,60,0.07692307692307693,1,0,1,1,0
18,46,11240,11240,36,0.1379166666666667,0,0,0,0,0
1,26,5500,5791,72,0.06285714285714286,0,0,0,0,0
8,51,13490,9255,60,0.03857142857142857,0,0,1,1,0
25,52,9390,10213,60,0.1133333333333333,0,0,0,0,0
0,42,21190,21190,72,0.09226430298146655,0,0,0,0,1
3,47,23720,14099,60,0.09523809523809523,0,0,1,1,0
20,45,7990,8318,48,0.06363636363636363,0,0,0,1,0
24,46,19450,12650,60,0.1040391676866585,0,0,1,1,0
9,52,20204,3285,12,0.2,1,0,1,0,0
3,26,8490,8490,84,0.08086253369272237,0,0,0,0,0
2,31,3730,4061,60,0.0608,0,0,0,0,0
1,46,11880,8375,96,0.09867172675521822,0,0,0,0,1
10,40,20795,22634,60,0.06382518390307226,0,0,1,1,0
11,49,5839,4308,48,0.045,0,0,0,0,0
2,51,5990,6563,72,0.06,0,0,0,0,1
13,49,4700,3700,24,0.1125,0,0,0,0,0
8,56,11761,11761,48,0.09642857142857143,0,0,0,0,0
12,60,7190,4614,36,0.08072289156626505,0,0,0,0,0
1,28,11000,11000,60,0.0925,0,0,1,0,1
7,32,19968,19968,60,0.1566933991363356,0,0,0,0,1
10,63,19890,21137,72,0.1092515109251511,0,0,1,0,1
9,57,8900,9389,48,0.05061224489795919,0,0,1,0,1
25,49,12480,12795,48,0.06666666666666667,0,0,1,0,0
4,40,17400,10200,36,0.08447937131630648,0,0,1,1,0
0,54,7705,7705,48,0.07115869017632241,0,0,0,0,0
22,41,8000,8000,72,0.02943213296398892,0,0,1,1,0
0,49,28975,28975,96,0.1955608878224355,0,0,0,1,0
9,29,33670,25670,84,0.1153061224489796,1,0,1,1,0
1,50,17150,12097,60,0.04716981132075472,0,0,1,1,0
0,42,6690,7507,96,0.06680731364275667,0,0,0,0,1
3,23,14900,12904,60,0.16,0,0,0,0,0
5,34,13580,16174,72,0.06712062256809338,0,0,1,1,0
3,50,10970,7970,48,0.056,0,0,0,0,0
32,51,4200,4200,24,0.05210420841683366,0,0,1,1,0
4,22,18620,12457,48,0.12,0,0,0,0,0
33,53,10169,10864,48,0.03821428571428571,0,1,1,0,0
5,22,16192,16192,60,0.1172222222222222,0,0,0,0,0
8,49,5370,6017,48,0.07666666666666666,0,0,1,1,0
12,56,10300,8943,60,0.05432098765432099,0,0,1,0,0
3,35,13500,11504,72,0.1014084507042254,0,0,1,0,0
4,59,17490,20130,96,0.127,0,0,1,0,0
28,51,16000,7250,48,0.05829756795422032,0,0,0,0,0
4,53,18990,18490,60,0.172,0,0,1,0,1
16,51,12685,10685,60,0.1210114388922336,0,0,1,1,0
33,61,8500,5000,48,0.03285714285714286,0,0,1,1,0
20,55,3875,4039,36,0.0661111111111111,0,0,0,0,0
9,46,11500,6737,60,0.07294117647058823,0,0,0,0,0
11,34,12985,13823,60,0.09840425531914894,0,0,1,1,0
4,29,22750,14742,36,0.146551724137931,0,0,0,0,0
28,51,12000,12144,84,0.05947955390334572,0,0,1,1,0
29,56,4785,4785,12,0.05493827160493827,0,0,0,0,0
1,29,14400,11216,48,0.1874074074074074,0,0,0,0,1
26,46,12470,9470,48,0.0296875,0,0,1,1,0
1,43,8480,9687,60,0.11125,0,0,0,0,1
0,30,10734,11992,96,0.06636363636363636,0,1,1,0,1
2,32,5790,6442,48,0.04995004995004995,0,0,1,0,0
4,37,11951,10600,72,0.05353535353535353,0,0,1,0,0
3,20,24377,24016,60,0.1905797101449275,0,0,0,0,1
21,50,16819,18275,60,0.1976470588235294,0,0,0,0,1
5,64,5000,5135,12,0.2175,0,0,1,1,0
21,56,7300,7791,60,0.05,0,0,1,1,0
4,41,17500,18938,60,0.097,0,0,0,0,1
12,72,18950,5800,36,0.06931911402789172,1,0,1,0,0
1,30,11750,10965,48,0.07027027027027027,0,0,0,0,0
0,46,15950,12760,48,0.0713128038897893,0,0,0,0,0
7,39,19340,14254,96,0.03744292237442922,0,0,1,0,0
4,41,7950,5262,24,0.1425,0,0,0,1,0
18,51,16365,15461,72,0.1004347826086956,1,0,0,0,0
2,34,15840,15950,60,0.09243243243243243,0,0,1,0,0
7,54,5031,5031,60,0.01834496510468594,0,0,1,1,0
1,60,8880,6880,96,0.1102941176470588,0,0,0,0,0
1,60,8990,9650,60,0.05041666666666667,0,0,1,0,1
7,25,10296,10682,24,0.06705882352941177,0,0,0,0,0
7,37,7079,7276,84,0.0784,0,0,0,0,0
25,56,8375,9174,48,0.125625,0,0,1,1,0
3,53,12900,2900,24,0.06720430107526881,1,0,0,0,0
12,32,13880,13880,72,0.135625,0,0,0,0,0
16,60,6990,7565,96,0.04047619047619048,0,0,1,1,0
3,67,12990,11590,60,0.09351535836177474,0,0,1,1,0
3,49,9695,11026,60,0.1015,0,0,1,0,0
1,30,8500,8677,60,0.09941027801179445,0,0,0,0,0
3,47,6500,2500,24,0.03868194842406877,1,0,1,1,0
7,48,13285,10715,48,0.04217877094972067,0,0,1,1,0
5,68,11880,4584,24,0.07972480777013355,1,0,0,1,0
5,41,17300,12300,60,0.1075,0,0,0,1,0
17,39,15699,6218,24,0.0830188679245283,0,0,0,1,0
23,43,17990,12434,60,0.1453333333333333,0,0,0,0,0
8,28,24900,12100,48,0.1116666666666667,0,0,1,0,0
1,37,16000,14500,60,0.0880952380952381,0,0,1,1,0
31,49,3283,3283,24,0.05089605734767025,0,0,1,1,0
4,49,5300,4800,48,0.01666666666666667,0,0,0,0,0
5,50,9900,9673,96,0.04847161572052402,0,0,0,1,0
4,35,13000,10220,48,0.1081661891117479,0,0,1,0,1
5,27,23999,23999,60,0.1722222222222222,0,0,0,0,1
28,55,19360,20346,48,0.1118472330475448,0,0,1,1,0
26,52,9970,3995,24,0.06145833333333333,1,0,1,1,0
1,23,11990,12939,60,0.09172413793103448,0,0,0,0,0
17,49,6100,7257,84,0.05315789473684211,0,0,0,0,0
13,50,11528,6028,48,0.09066666666666667,0,0,0,0,0
1,45,16900,15400,48,0.104,0,0,0,0,0
0,28,15545,10487,60,0.04307692307692308,0,0,0,0,0
15,56,14390,15851,96,0.1866666666666667,0,0,0,1,1
0,55,8180,8180,36,0.1086363636363636,0,0,1,1,0
25,61,10340,12240,96,0.09333333333333334,0,0,0,0,1
5,66,31690,19690,72,0.1025641025641026,0,0,1,1,0
13,49,14280,12906,72,0.09161349134001823,0,0,1,0,0
1,47,8100,8100,60,0.08941176470588236,0,0,0,0,0
25,53,3180,3180,12,0.03482758620689655,0,0,0,0,0
18,49,14600,7086,36,0.05472972972972973,0,0,0,0,0
26,62,33550,30000,96,0.158695652173913,0,0,1,1,0
17,50,4812,5173,36,0.0775,0,0,0,0,0
0,33,9000,7000,24,0.1816568047337278,0,0,0,0,0
2,27,16169,16959,72,0.0825536598789213,0,0,0,0,1
0,41,13425,13425,72,0.1123076923076923,0,0,0,0,1
15,56,4471,4471,48,0.04478260869565218,0,0,1,0,0
7,49,10990,7990,60,0.0588,0,0,1,1,0
1,36,13000,13723,36,0.08016032064128256,0,0,1,0,0
2,42,24500,26201,48,0.1103703703703704,0,0,0,0,1
5,37,25000,25000,96,0.1737142857142857,0,0,1,0,0
2,41,15000,16617,96,0.116875,0,0,1,0,0
1,31,6500,3500,36,0.05526315789473684,0,0,0,0,0
2,39,6380,6990,72,0.07266666666666667,0,0,0,0,0
2,52,10500,8992,48,0.04,0,0,1,1,0
2,65,15490,10000,48,0.0696875,0,0,1,1,0
17,76,18000,6000,60,0.1076190476190476,1,0,1,0,0
9,51,11980,11980,84,0.09875,0,0,1,0,0
1,46,7105,4414,48,0.1030042918454936,0,0,1,0,0
19,57,11290,6688,36,0.1407142857142857,0,0,0,0,0
0,29,6000,6000,24,2.63,0,0,1,0,0
12,43,15500,17684,60,0.08249581239530988,0,0,1,0,0
2,35,14420,13247,48,0.04520631067961165,0,0,1,1,0
0,43,23985,26442,72,0.1877272727272727,0,0,0,0,1
0,29,23190,26026,60,0.225,0,0,0,0,1
30,56,12700,2792,24,0.0661111111111111,1,0,0,0,0
2,37,14040,17030,96,0.1179608772969769,0,0,0,0,1
4,25,8450,5259,24,0.162589928057554,0,0,1,0,0
24,46,13500,10000,48,0.06666666666666667,0,0,0,0,0
27,51,18810,18900,60,0.1288888888888889,0,0,1,0,0
28,64,17530,13130,60,0.08537017357421182,0,0,1,1,0
5,47,5650,5122,60,0.07966101694915254,0,0,0,0,0
19,54,7719,8230,36,0.0965,0,0,1,1,0
10,72,8990,7490,48,0.1346153846153846,0,0,1,0,1
22,62,11333,11333,60,0.09245960502692999,0,0,1,0,1
6,31,19985,13985,60,0.0962962962962963,0,0,0,0,0
9,38,19880,13880,72,0.1651851851851852,0,0,0,0,0
1,21,13890,16162,96,0.08217391304347826,0,0,0,0,0
2,24,14999,15108,72,0.11712158808933,0,0,1,1,1
23,57,18350,18350,72,0.2169230769230769,0,0,1,1,0
4,62,34460,26960,72,0.09375,0,0,0,0,0
0,23,5000,5315,36,0.08416666666666667,0,0,0,0,0
19,51,15995,15995,60,0.09277777777777778,0,0,1,1,0
14,49,10960,10960,60,0.0741430700447094,0,0,1,1,0
25,42,15980,15980,48,0.1252204585537919,0,0,0,0,0
13,34,7690,8218,48,0.101010101010101,0,0,1,0,0
4,68,11100,8556,48,0.02916666666666667,0,0,0,1,0
3,35,6900,6900,60,0.1083333333333333,0,0,0,0,0
0,21,8500,8924,84,0.08531468531468532,0,0,0,0,0
15,57,2891,3053,24,0.1423913043478261,0,0,1,0,0
5,21,23000,6473,24,0.1382352941176471,1,0,0,1,0
18,40,8912,9464,36,0.09467455621301775,0,0,1,0,0
3,20,8450,8874,72,0.1203463203463203,0,0,0,1,1
4,66,22980,11680,60,0.1725,0,0,1,1,0
5,37,7490,8206,72,0.1070234113712375,0,0,1,0,0
0,54,6985,1985,12,0.1478260869565217,1,0,0,0,0
0,63,6046,6785,72,0.07110241356816699,0,0,0,1,0
16,44,10580,9580,60,0.088,0,0,1,0,0
0,26,4790,3885,48,0.07416666666666667,0,0,0,0,0
3,52,9950,11223,96,0.07157894736842105,0,0,0,0,0
19,53,3134,3366,36,0.04304347826086957,0,0,1,1,0
20,42,10800,10001,36,0.182095006090134,0,0,1,1,0
29,46,6900,6900,72,0.04071428571428572,0,0,1,0,0
0,23,13400,14430,48,0.1770255271920089,0,0,0,0,0
1,32,9030,9967,60,0.1,0,0,0,0,1
0,38,16300,17711,60,0.06037037037037037,0,0,0,0,0
11,43,6828,6828,48,0.07865168539325842,0,0,1,0,0
1,21,4900,4900,48,0.1196581196581197,0,0,0,0,0
5,58,10990,10990,60,0.04212765957446808,0,0,1,1,0
1,55,22000,23145,84,0.2222222222222222,0,0,0,1,0
6,51,7890,5384,48,0.07,0,0,0,1,0
12,43,22885,13885,48,0.1391111111111111,0,0,1,1,0
11,53,14440,15666,60,0.1306666666666667,0,0,1,0,0
19,51,6778,6778,48,0.09617834394904459,0,0,0,0,0
0,33,15900,17423,72,0.0890909090909091,0,0,1,1,0
8,62,11900,10079,48,0.1646153846153846,0,0,1,1,0
15,46,6095,6605,24,0.08027777777777778,0,0,1,1,0
10,74,22900,22900,60,0.1710526315789474,0,0,1,1,1
0,65,8999,6252,36,0.1415384615384615,0,0,0,0,0
15,35,14500,12259,60,0.1092857142857143,0,0,0,0,0
4,63,6940,6458,96,0.1185286103542234,0,0,1,1,0
3,41,11990,13030,72,0.06204044117647059,0,0,0,1,0
1,18,17964,17797,60,0.1109090909090909,0,0,0,0,1
18,58,14350,9854,48,0.08222222222222222,0,0,1,0,0
0,34,5900,4206,48,0.05042462845010616,0,0,1,0,1
5,36,13684,13927,12,0.08666666666666667,0,0,1,0,0
4,38,14750,12743,60,0.09473684210526316,0,0,0,0,1
1,64,9500,6266,36,0.04483751542575072,0,0,1,1,0
6,31,10500,10500,60,0.09,0,0,1,0,0
1,42,18490,20887,96,0.1502702702702703,0,0,1,0,1
19,48,14590,15168,72,0.1056521739130435,0,0,1,0,1
0,21,5000,5000,36,0.0735,0,0,0,0,0
14,42,16680,7005,24,0.06714542190305206,0,0,1,0,0
4,46,10700,8304,48,0.0722007722007722,0,0,1,1,0
10,70,16900,16000,60,0.125,0,0,1,0,0
4,63,21990,22105,60,0.09833333333333333,0,0,0,0,1
18,61,15500,12734,84,0.09666666666666666,0,0,1,0,0
27,62,17832,15984,48,0.1552,0,0,1,0,0
7,27,25000,24679,60,0.1666666666666667,0,0,0,1,0
25,54,6500,6499,60,0.04352763058289175,0,0,1,0,1
1,31,22950,25108,72,0.1238656987295826,0,0,1,0,1
1,48,8700,9584,72,0.08540540540540541,0,0,1,0,0
13,40,16800,15690,48,0.07692307692307693,1,0,1,1,0
36,60,25890,25890,48,0.1636,0,0,0,1,0
3,47,25000,13000,36,0.05073825503355705,0,0,1,1,0
16,47,6500,6500,48,0.0735,0,0,1,0,0
37,59,21490,7605,24,0.1093333333333333,1,0,1,0,0
26,43,7200,6208,60,0.05,0,0,0,1,0
25,52,12000,6000,48,0.07,0,0,1,1,0
1,31,11490,6518,24,0.2021428571428572,0,0,0,0,0
1,38,31000,27234,84,0.3118518518518518,0,0,0,0,1
2,25,5660,4090,36,0.0876923076923077,0,0,1,0,0
1,21,5595,5924,84,0.076171875,0,0,0,0,0
2,49,3846,3202,36,0.062,0,0,0,0,1
0,49,8905,9488,48,0.05802603036876356,1,0,1,0,0
17,78,3239,3269,12,0.13375,0,0,1,1,0
5,27,14990,16433,72,0.1069908814589666,0,0,1,0,1
2,59,9882,5085,24,0.1262857142857143,1,0,0,0,0
9,26,21000,18257,48,0.14,0,0,0,1,0
0,56,6600,6600,60,0.04172413793103448,0,0,1,0,0
13,49,10480,10299,60,0.0615,0,0,0,0,0
12,49,15990,13766,60,0.106508875739645,0,0,1,1,0
21,76,5900,2400,36,0.0355,1,0,0,0,0
18,46,29490,25813,36,0.07380952380952381,0,0,1,1,0
6,69,5300,5693,24,0.1675862068965517,0,0,1,1,0
19,42,20990,6500,36,0.07384615384615385,1,0,1,1,0
25,60,16753,15796,72,0.2058333333333333,0,0,1,1,1
3,25,5955,5955,36,0.1933333333333333,0,1,0,0,0
7,50,10800,8458,60,0.06909090909090909,0,0,1,1,0
9,50,12559,13674,60,0.2056,0,0,1,1,1
0,45,7990,8918,48,0.04950819672131147,0,0,1,0,1
4,65,7683,7999,48,0.1655753040224509,0,0,0,0,1
17,82,13995,10695,60,0.0804,0,0,1,1,0
3,68,10990,7367,24,0.2423076923076923,0,0,1,1,1
12,59,13300,3415,24,0.074,1,0,1,1,0
4,65,13099,10099,48,0.06875,0,0,1,1,0
3,55,9490,10505,36,0.1033333333333333,0,0,0,0,1
6,23,13000,6000,36,0.1311111111111111,0,0,0,0,0
0,19,10669,12311,72,0.11,0,0,0,0,1
15,41,4401,4401,36,0.052,0,0,1,0,0
1,32,7650,8305,96,0.05657142857142857,0,0,0,0,0
5,56,28485,11881,48,0.1421621621621622,1,0,1,0,0
3,67,18150,18150,72,0.12,0,0,1,1,0
4,23,11019,11857,48,0.13,0,0,0,1,0
0,19,6290,5790,60,0.08222222222222222,0,0,0,0,1
12,49,14679,8257,60,0.0925,1,0,0,1,0
19,43,3990,4287,36,0.04233333333333333,0,0,1,0,0
0,30,12990,14130,60,0.06006493506493506,0,0,1,0,0
27,60,19646,21324,60,0.1906666666666667,0,0,0,0,0
5,30,12750,7005,60,0.05478260869565217,1,0,0,0,0
0,28,21890,18870,96,0.1908333333333333,0,0,0,0,0
11,55,22880,22656,60,0.1209090909090909,0,0,1,1,0
25,55,4140,4140,12,0.11,0,0,1,0,0
24,55,15677,9412,60,0.07681818181818181,0,0,0,0,0
1,54,20168,20168,60,0.09333333333333334,0,0,1,0,0
1,56,17171,18695,60,0.1828571428571429,1,0,1,0,1
0,29,11600,2045,36,0.036875,1,0,0,0,0
11,41,12814,13933,60,0.09302325581395349,0,0,0,0,0
16,49,3990,3390,24,0.1354545454545455,0,0,0,0,1
3,60,11500,11500,72,0.05166666666666667,0,0,1,0,0
1,59,17069,18106,48,0.2202447163515017,0,0,0,1,0
5,36,6950,5150,48,0.064,0,0,0,0,0
4,20,16231,17410,48,0.2133858267716535,0,0,0,0,0
3,72,14040,6154,36,0.22625,0,0,1,0,0
16,42,8500,9276,72,0.033935546875,0,0,1,1,0
4,23,17090,18688,60,0.1063157894736842,0,0,0,0,0
0,29,19550,21260,60,0.1434217955957086,0,0,1,0,1
2,65,3500,3955,48,0.04176668266922708,0,0,0,0,0
27,43,14748,16097,60,0.09108910891089109,0,0,0,1,0
1,19,24990,24990,60,0.2148148148148148,0,0,0,0,1
7,28,11990,14322,60,0.1458333333333333,0,0,1,0,0
26,52,4835,4835,36,0.06904761904761905,0,0,1,1,0
2,19,26980,29191,60,0.2170588235294118,0,0,0,1,1
7,39,12800,5877,60,0.04740200546946217,1,0,0,0,0
18,46,9900,7100,72,0.07125,0,0,1,0,0
8,27,24000,22500,72,0.1029411764705882,0,0,0,0,0
0,33,21700,17300,48,0.09807692307692308,0,0,0,0,0
3,60,5895,6582,60,0.1296969696969697,0,0,0,1,0
0,31,10980,9263,60,0.04736842105263158,0,0,1,0,0
12,54,9990,11686,72,0.1574864235841738,0,0,1,1,1
15,47,22500,18636,96,0.05255813953488372,0,0,1,1,1
26,58,13900,8934,96,0.02885597548518897,0,0,1,1,0
1,58,15480,13198,48,0.06518518518518518,0,0,1,0,0
0,26,22888,24872,60,0.1877934272300469,0,0,0,0,0
1,51,7480,8127,60,0.08,0,0,0,1,1
9,52,6850,6850,60,0.02533333333333333,0,0,1,0,0
10,48,11490,9322,48,0.1375,0,0,0,1,0
7,27,11130,8630,60,0.0875139353400223,0,0,0,0,0
11,49,7900,3252,24,0.09144736842105264,1,0,1,1,0
0,26,14000,13300,48,0.08933333333333333,0,0,0,0,1
1,20,16790,18821,60,0.2041666666666667,0,0,0,0,1
23,84,13429,6966,48,0.08642857142857142,0,0,0,0,0
3,47,17999,12600,36,0.1538461538461539,0,0,1,1,0
26,47,22900,23256,72,0.1998851234922458,0,0,1,1,0
4,45,3954,4241,36,0.05347826086956522,0,0,0,0,0
13,44,6650,7211,60,0.12,0,0,1,0,0
1,32,6000,6000,48,0.054,0,0,1,1,0
0,63,8450,6148,36,0.1284722222222222,0,0,1,0,0
0,32,10900,10874,96,0.1136363636363636,0,0,1,0,0
1,22,4795,5299,36,0.1610526315789474,0,0,0,0,0
1,25,6650,7113,48,0.06644295302013423,0,0,0,0,0
1,44,7990,6490,72,0.07536231884057971,0,0,0,0,0
2,67,16500,16500,60,0.1466890192791283,0,0,1,0,1
18,35,10300,11451,48,0.0942942942942943,0,0,0,0,0
2,43,17900,12000,48,0.129047619047619,0,0,1,1,0
11,52,19900,13000,36,0.0744,0,0,1,1,0
3,27,12700,6000,24,0.1625,0,0,0,0,0
3,55,12390,4390,36,0.07705882352941176,1,0,0,0,0
2,19,19000,20887,72,0.1785714285714286,0,0,0,0,0
4,23,6500,6211,96,0.0525,0,0,0,0,0
10,34,16900,16990,72,0.1515384615384615,0,0,0,0,1
0,37,14700,11200,48,0.126,0,0,0,0,0
17,59,4300,2967,36,0.06357142857142857,0,0,1,0,0
0,57,16500,10520,48,0.04880032533550224,0,0,1,1,0
0,56,13462,14344,60,0.1203281677301732,0,0,0,1,0
23,51,10980,6412,36,0.09024390243902439,0,0,1,1,0
3,39,15450,10648,60,0.08451918930573524,0,0,1,0,0
4,42,9990,10850,60,0.06347826086956522,0,0,1,0,1
4,39,9590,9190,60,0.07466666666666667,0,0,1,0,0
25,44,13700,9700,36,0.1120967741935484,0,0,1,1,0
0,20,10890,10890,60,0.1209090909090909,0,0,0,0,1
0,22,9600,8600,48,0.08,0,0,0,0,0
2,45,11990,13101,72,0.1093406593406593,0,0,0,0,1
16,33,5000,5000,24,0.076,0,0,1,1,0
2,27,23104,23220,72,0.144311377245509,0,0,1,0,1
37,55,7700,7700,72,0.05,0,0,1,0,0
2,29,6350,6500,60,0.06971428571428571,0,0,0,0,0
28,52,16975,8475,60,0.05394190871369295,0,0,1,0,0
8,46,19500,15740,60,0.1048951048951049,0,0,0,0,0
1,30,15100,16384,60,0.0885036496350365,0,0,1,0,0
17,69,8100,8100,60,0.1295652173913044,0,0,1,0,0
28,51,11600,3326,36,0.05400890868596882,1,0,1,1,0
22,48,6825,7370,72,0.04413239719157473,0,0,1,1,0
3,46,13499,12137,48,0.1957142857142857,0,0,1,0,0
0,47,26800,19300,96,0.06052631578947369,0,0,1,0,0
0,29,8500,5641,60,0.04294117647058823,0,0,0,0,0
3,27,7990,8981,36,0.185,0,0,0,0,1
33,50,16765,14122,48,0.0761904761904762,1,0,0,1,0
27,55,8500,8500,48,0.06857142857142857,0,0,1,0,0
3,61,24990,24990,36,0.2492,0,0,1,1,0
15,56,10800,9400,72,0.1372727272727273,0,0,1,1,0
2,53,7050,7823,60,0.09863013698630137,0,0,1,0,1
1,34,7690,2858,24,0.05590909090909091,1,0,0,0,0
0,27,14110,16433,72,0.1800618238021638,0,0,1,0,1
11,75,12020,1510,12,0.084,1,0,1,1,0
1,39,6600,2764,24,0.06489994591671173,1,0,0,0,0
3,29,5900,5900,60,0.0675,0,0,0,0,0
2,29,12590,1751,12,0.1354545454545455,1,0,0,0,0
37,59,12990,11434,60,0.0812,0,0,1,1,0
18,56,15975,11676,60,0.15,0,0,1,0,0
8,50,13485,10385,48,0.06375838926174497,0,0,1,1,0
1,39,11950,12100,84,0.1094594594594595,0,0,0,0,0
0,64,8248,7698,96,0.0710506424792139,0,0,0,0,0
0,25,8000,8938,96,0.07785714285714286,0,0,0,0,1
24,84,7900,7900,36,0.146875,0,0,1,0,0
7,43,10700,11853,96,0.06442307692307692,0,0,0,1,0
23,45,8950,8518,48,0.04310344827586207,0,0,0,0,0
1,29,2239,2239,15,0.05464285714285715,0,0,1,0,0
1,30,15000,16304,60,0.1366120218579235,0,0,1,0,0
10,69,16613,16613,36,0.07352941176470588,0,0,1,0,0
1,38,12950,12950,84,0.06319444444444444,0,0,0,0,1
0,49,19990,21546,48,0.1817647058823529,0,0,1,0,0
5,25,15500,16774,96,0.1102702702702703,0,0,0,0,0
0,21,7800,8771,48,0.1442857142857143,0,0,0,0,1
7,53,8027,8592,36,0.121,0,0,0,0,1
3,37,20922,24245,72,0.08362884160756501,0,0,1,1,0
0,51,12800,7000,48,0.05411764705882353,0,0,0,0,0
2,54,18244,10241,60,0.07,0,0,1,1,0
11,48,10025,8167,60,0.06777777777777778,0,0,0,1,1
17,50,14495,8706,48,0.1005263157894737,0,0,0,0,0
0,46,4250,4583,48,0.03967642526964561,0,0,1,0,0
1,31,12990,12465,60,0.08253968253968254,0,0,0,0,1
10,26,9490,8655,60,0.102,0,0,0,0,0
22,59,14879,9121,60,0.1171428571428571,1,0,1,0,0
2,45,6250,4945,60,0.08454545454545455,0,0,0,0,0
7,45,6990,7330,72,0.0456,0,0,1,1,0
43,60,11990,6990,24,0.1683333333333333,0,0,1,1,0
2,45,9090,6665,24,0.1383863080684597,0,0,1,0,0
2,29,20790,21682,72,0.1442105263157895,0,0,1,0,0
15,75,11900,12511,60,0.1014388489208633,0,0,1,0,1
3,22,22900,25042,60,0.238063214525891,0,0,0,0,1
11,34,11990,14396,96,0.14,0,0,0,1,0
0,25,12105,13167,60,0.1649089165867689,0,0,0,0,0
12,66,8900,7400,60,0.051875,0,0,0,0,0
16,58,6000,6854,60,0.084,0,0,1,1,1
15,38,15000,15000,60,0.1944827586206896,0,0,1,0,0
10,49,23448,24247,72,0.1126923076923077,0,0,0,0,0
7,52,18000,19665,72,0.12375,0,0,1,0,0
1,43,11602,10317,36,0.1181923522595597,0,0,0,1,0
13,63,10304,10399,60,0.0890909090909091,0,0,1,0,0
2,21,9570,10540,60,0.118125,0,0,0,0,1
22,40,9850,10244,72,0.08,0,0,0,0,0
42,61,19690,17190,60,0.07115384615384615,0,0,0,1,0
1,25,20990,23877,60,0.1033287101248266,0,0,1,0,1
11,57,14040,14040,60,0.10375,0,0,0,1,0
3,47,22000,20355,84,0.1313131313131313,0,0,1,1,0
24,46,18000,10000,60,0.06133333333333333,0,0,1,1,0
1,25,6050,3759,36,0.06607142857142857,1,0,0,0,0
1,21,10500,11395,60,0.1008333333333333,0,0,0,0,0
0,23,17139,18358,48,0.107037037037037,0,0,0,0,1
27,46,18078,19959,72,0.156,0,0,1,0,0
3,47,9300,9300,60,0.02971428571428571,0,0,0,0,0
12,34,6289,3530,36,0.04291666666666667,0,0,0,1,0
3,41,21990,20279,72,0.06903225806451613,0,0,0,0,0
17,54,9900,8008,60,0.056,0,0,1,0,0
12,35,30110,20610,60,0.06636363636363636,0,0,0,0,0
0,27,16140,12940,72,0.074375,0,0,0,0,0
4,47,14236,15353,48,0.1412244897959184,0,0,0,0,1
22,61,8970,6970,60,0.04740740740740741,0,0,0,0,0
0,64,23175,20865,60,0.1162162162162162,0,0,1,0,1
34,51,9500,9325,48,0.03794117647058824,0,0,1,0,0
35,58,7207,7598,24,0.1,0,0,1,1,0
13,53,5388,5589,48,0.09357142857142857,0,0,0,0,0
4,20,8566,8675,60,0.1339055793991416,0,0,0,0,0
1,27,9900,10779,60,0.1161327231121281,0,0,0,0,1
3,44,12999,13810,60,0.1333333333333333,0,0,0,0,1
5,49,10407,10582,12,0.06057919621749409,0,0,1,1,0
13,34,18170,21466,84,0.1825806451612903,0,0,1,0,0
3,27,10995,10637,60,0.0887546468401487,0,0,1,0,0
0,24,3600,3983,36,0.1008333333333333,0,0,0,0,1
22,77,11800,3800,12,0.09434782608695652,1,0,1,1,0
27,53,8932,10023,48,0.146875,0,0,0,0,0
2,45,26159,24159,60,0.1199616122840691,0,0,1,1,0
14,39,22000,22000,72,0.0724025974025974,0,0,1,0,0
15,40,11300,11740,60,0.05041666666666667,0,0,0,1,0
36,52,9990,8990,48,0.03457142857142857,0,0,1,0,0
7,72,9480,4942,36,0.06444444444444444,0,0,1,0,0
5,32,11990,13396,96,0.101875,0,0,0,1,0
0,24,14400,15382,36,0.2627218934911242,0,0,0,0,0
57,79,11355,11355,48,0.09,0,0,1,1,1
10,29,6934,7478,48,0.0845,0,0,0,0,0
2,44,8900,8466,60,0.08933889219773675,0,0,0,0,0
1,18,11690,11690,60,0.1571428571428571,0,0,0,0,1
0,26,22450,20750,60,0.1607142857142857,0,0,0,0,0
1,21,16890,6890,24,0.08,1,0,0,1,0
17,34,17989,13989,60,0.1125218914185639,0,0,1,0,0
27,52,9990,5990,48,0.09517241379310344,1,0,0,1,0
4,38,19350,13150,48,0.2114285714285714,0,0,1,1,0
30,47,17900,19393,60,0.04628571428571428,0,0,1,0,0
15,61,6490,6615,60,0.06777777777777778,0,0,1,1,0
38,59,16590,17644,96,0.1233333333333333,0,0,1,1,0
16,55,18749,14106,48,0.0935,0,0,1,0,0
33,53,23500,9123,48,0.0604,1,0,1,1,0
8,51,24740,16740,48,0.1865671641791045,0,0,1,1,0
2,52,18890,17890,60,0.1234521575984991,0,0,1,1,1
2,32,8000,7630,96,0.03887959866220736,0,0,1,0,0
12,75,7346,7485,36,0.1008888888888889,0,0,1,0,0
33,75,4800,4210,36,0.1008,0,0,1,0,0
14,70,13820,9820,60,0.1136363636363636,0,0,0,1,0
0,41,14500,16911,72,0.1017267267267267,0,0,1,0,1
2,22,6999,8114,72,0.06929133858267716,0,0,0,0,0
12,33,15450,8350,48,0.0955253896430367,0,0,1,0,0
3,51,13990,6990,84,0.06133333333333333,1,0,1,1,0
1,35,12849,12165,60,0.04871060171919771,0,0,0,1,0
4,27,14975,7396,36,0.04821428571428572,0,0,0,0,0
3,41,10500,9233,60,0.06789473684210526,0,0,1,0,1
0,37,9790,10616,60,0.09116945107398568,0,0,1,0,0
8,28,4800,3800,36,0.04076923076923077,0,0,0,0,0
15,75,15800,7248,36,0.172,1,0,0,0,0
16,77,16990,17862,60,0.1492857142857143,0,0,1,0,0
3,38,9300,8800,72,0.04903618532296247,0,0,1,0,0
5,36,3612,3907,48,0.03956521739130435,0,0,0,0,0
9,39,10450,11636,72,0.0549630844954881,0,0,1,0,1
0,44,10950,11080,48,0.1110611510791367,0,0,0,0,0
10,50,16990,16081,60,0.1163636363636364,0,0,0,1,1
8,40,27676,27676,96,0.159,0,0,0,0,0
16,56,14120,14247,36,0.2916666666666667,0,0,0,0,1
2,25,34500,29207,72,0.1426315789473684,0,1,0,1,1
0,21,10700,9907,48,0.1687211093990755,0,0,0,0,0
7,28,25400,20400,72,0.1491666666666667,0,0,0,0,0
15,63,4552,3052,24,0.05541666666666667,0,0,0,1,0
33,62,13000,13000,36,0.1094285714285714,0,0,1,1,0
4,38,19100,14068,48,0.04933333333333333,0,0,1,0,0
0,78,12227,13539,48,0.1355170199100835,0,0,0,0,0
3,39,12570,12396,72,0.07580645161290323,0,0,1,1,0
5,31,8700,4995,24,0.1270588235294118,0,0,0,0,0
27,51,17900,9211,84,0.06705882352941177,0,0,1,1,0
27,45,9312,9694,24,0.0625,0,0,1,1,0
24,61,9243,10285,48,0.09695652173913044,0,0,0,0,1
8,30,13500,14332,72,0.077,0,0,0,0,0
4,54,15180,14180,48,0.08389261744966443,1,0,1,1,0
40,57,3201,3201,12,0.03744186046511628,0,0,1,0,0
1,28,23800,12900,60,0.07181818181818182,0,0,0,1,0
0,20,10990,9990,48,0.3511450381679389,0,0,0,0,0
2,68,20950,16950,72,0.06133333333333333,0,0,1,1,0
12,34,8500,9426,48,0.0775,0,0,0,0,0
3,32,13100,13100,60,0.10875,0,0,0,0,1
0,22,16990,16990,60,0.1469230769230769,0,0,1,0,1
4,31,15995,17214,48,0.1211817726589885,0,0,0,0,1
23,48,15470,12815,96,0.1591836734693877,0,0,0,0,0
0,31,14290,17753,96,0.1866666666666667,0,1,0,0,1
3,31,7879,3866,36,0.0876923076923077,1,0,0,0,1
1,24,23950,23950,72,0.2142857142857143,0,0,0,0,0
39,60,13500,13500,48,0.1423809523809524,0,0,1,0,0
10,62,5654,5654,48,0.06512820512820512,0,0,1,1,0
16,52,17500,14500,60,0.07017543859649122,0,0,0,1,0
2,48,10990,11955,60,0.05331010452961672,0,0,1,0,0
0,66,12058,10674,60,0.06962962962962962,0,0,1,1,0
11,58,22080,21643,60,0.1335,0,0,0,0,0
6,37,14260,13590,48,0.08,0,0,0,0,0
10,43,7990,6782,48,0.06025994486018117,0,0,1,1,0
0,34,29990,28490,72,0.2239583333333333,0,0,0,0,1
0,53,18990,13237,84,0.1346153846153846,0,0,1,1,0
17,70,6700,5300,36,0.1591836734693877,0,0,0,1,0
3,66,10990,3990,24,0.1324655436447167,1,0,1,0,0
31,59,16519,6877,48,0.0632,0,0,1,1,0
19,52,7865,8001,60,0.08615384615384615,0,0,0,0,0
30,54,17940,19521,72,0.08,0,0,1,0,0
0,25,11150,10378,48,0.1111111111111111,0,0,0,0,0
4,24,14240,14640,60,0.1444444444444444,0,0,0,0,0
4,66,10940,5158,48,0.06823529411764706,1,0,0,0,1
25,45,8500,8500,60,0.04153846153846154,0,0,1,1,0
17,60,11900,6400,60,0.08615384615384615,0,0,1,0,0
2,48,23290,12790,48,0.144,1,0,1,1,0
2,25,6250,3250,24,0.0755939524838013,0,0,0,0,0
3,35,13490,6890,48,0.1790865384615385,0,0,1,1,0
0,54,7870,7870,60,0.1345454545454546,0,0,0,0,0
2,21,22040,25333,60,0.2051282051282051,0,0,0,0,1
29,52,10744,10744,48,0.08888888888888889,0,1,1,0,0
1,30,15900,15230,84,0.1266666666666667,0,0,1,1,0
8,63,13890,5890,36,0.1210013908205841,1,0,1,1,0
0,24,26490,29023,72,0.2516666666666666,0,0,0,0,1
5,31,16190,13390,60,0.1056497175141243,0,0,1,1,0
28,58,11060,10270,72,0.04571428571428571,0,0,1,1,0
3,59,20490,19449,84,0.160625,0,0,0,0,0
1,26,11990,4501,24,0.120625,1,0,0,0,0
30,50,11000,11000,96,0.05748552522746071,0,0,0,0,0
0,28,10000,10866,60,0.09174311926605505,0,0,1,0,0
2,34,16800,15800,60,0.1192771084337349,0,0,0,0,0
34,55,12857,14628,60,0.1011857707509881,0,0,0,0,0
1,23,6750,5233,48,0.07866666666666666,0,0,0,0,1
1,35,17490,20034,60,0.1861413043478261,0,0,0,0,1
7,44,9108,9108,48,0.04323308270676691,0,0,1,1,0
9,57,15000,10728,60,0.07160647571606475,0,0,1,1,0
2,57,27280,18900,48,0.1364705882352941,0,0,1,0,0
0,24,6300,6300,24,0.1071428571428571,0,0,0,0,1
2,25,9990,10718,84,0.1247787610619469,0,0,0,0,0
9,42,14999,16925,48,0.1671981776765376,0,0,1,1,0
12,73,10500,7500,48,0.07692307692307693,0,0,1,1,0
22,57,15151,10000,36,0.1196,0,0,0,1,0
1,27,15185,12185,60,0.06739130434782609,0,0,1,1,0
3,61,15700,15700,72,0.06642857142857143,0,0,1,0,0
6,56,13990,13090,60,0.1757142857142857,0,0,1,1,0
6,56,17130,12630,60,0.04439024390243902,0,0,1,1,0
7,36,13900,10801,48,0.1510353227771011,0,0,1,0,0
18,83,10990,4990,48,0.07928571428571428,0,0,0,0,0
3,20,11990,12365,48,0.2022222222222222,0,0,0,0,0
5,22,12200,9200,36,0.275,0,0,0,1,0
3,49,9990,4284,48,0.026,1,0,1,0,0
1,24,13490,15007,96,0.1003993154592128,0,0,0,0,1
8,73,26839,16839,60,0.1428571428571428,0,0,1,1,1
4,67,10900,6295,36,0.1525,0,0,1,0,0
0,54,15120,5773,24,0.1830161054172767,1,0,1,0,0
17,45,13090,13090,60,0.04502518891687658,0,0,1,0,1
9,52,5650,6134,72,0.04266666666666667,0,0,1,1,0
5,30,24250,14250,60,0.1383783783783784,0,0,1,0,0
0,29,14080,14890,72,0.07411167512690356,0,0,0,0,0
6,27,8550,8550,36,0.09672929714683368,0,0,0,1,0
16,58,12000,10000,60,0.09041231992051664,0,0,1,1,0
15,55,15990,15297,48,0.1470588235294118,0,0,0,1,0
0,50,14985,16559,72,0.204,0,0,1,1,0
1,44,11700,12721,84,0.1269230769230769,0,0,0,0,1
0,29,10980,13133,84,0.09685598377281947,0,0,0,0,1
2,38,5200,4145,36,0.05933852140077821,0,0,1,0,0
2,44,3990,3490,60,0.02683438155136268,0,1,1,0,1
18,44,20139,19795,96,0.1303370786516854,0,0,1,0,0
22,57,2700,2700,12,0.231,0,0,1,1,0
4,51,8349,8349,60,0.06214285714285715,0,0,0,1,0
11,33,16000,6189,24,0.164375,1,0,0,0,0
0,23,17490,17490,60,0.1071240105540897,0,0,0,0,1
4,43,13000,10897,60,0.1126666666666667,0,0,0,1,0
24,43,8890,6881,48,0.05100671140939597,0,0,0,0,0
1,20,4428,4947,60,0.1056818181818182,0,0,0,0,1
6,49,6500,6000,36,0.05,0,0,1,1,1
29,72,6600,6600,96,0.05733333333333333,0,0,0,0,0
15,58,9850,9940,48,0.125,0,0,1,1,0
24,61,7795,7795,48,0.09176470588235294,0,0,0,0,1
13,30,26300,17385,60,0.4923076923076923,0,0,1,0,0
16,63,25462,24462,96,0.2722273143904674,0,0,0,1,0
16,42,11600,12582,60,0.0918918918918919,0,1,1,1,0
1,50,15200,6200,24,0.1350546176762661,0,0,0,0,0
0,20,13370,14609,72,0.1244394618834081,0,0,0,0,1
2,35,10950,11604,60,0.06272838002436054,0,0,1,1,0
25,54,20111,20290,72,0.1056521739130435,0,0,0,0,0
6,33,13000,12510,96,0.04269662921348315,0,0,1,0,1
3,38,11834,12450,60,0.06086956521739131,0,0,1,0,0
3,47,13614,14543,36,0.2152941176470588,0,0,0,0,0
4,41,7300,7831,36,0.1085714285714286,0,0,0,0,0
3,29,10984,6426,36,0.11875,1,0,1,0,0
18,49,12950,11933,72,0.0748936170212766,0,0,1,1,0
1,36,3990,4537,60,0.10375,0,0,1,1,0
5,55,9990,10880,84,0.03735487127713276,0,0,1,1,0
1,58,11400,4606,36,0.1375126390293225,1,0,1,1,0
6,54,8990,3990,36,0.07,1,0,0,0,0
4,43,13750,7549,48,0.07271171941830624,0,0,0,0,0
0,53,10900,8320,36,0.1328571428571429,0,0,0,0,0
2,20,9990,10263,60,0.1658767772511848,0,0,0,1,1
6,53,9850,9850,72,0.05,0,0,1,1,0
7,56,2373,2373,24,0.05368421052631579,0,0,1,1,0
20,43,10990,5990,36,0.08136363636363636,1,0,0,0,0
4,45,12800,10702,72,0.03833333333333333,0,0,1,1,0
3,21,6300,4800,36,0.1014285714285714,0,0,0,0,0
28,55,20923,22670,60,0.1140425531914894,0,0,0,1,0
7,24,18870,6870,24,0.1655555555555556,1,0,0,0,0
1,51,7990,4990,36,0.1064285714285714,0,0,0,1,0
10,44,6000,6000,60,0.02649253731343284,0,0,1,0,0
6,23,8995,9837,60,0.07615384615384616,0,0,0,0,0
6,62,10970,11533,60,0.1514285714285714,0,0,1,1,0
1,38,18000,13786,36,0.1245865490628445,0,0,1,0,0
0,63,18339,15639,60,0.07608695652173914,0,0,1,0,0
7,48,21383,23432,72,0.1095833333333333,0,0,1,0,0
7,45,5000,5710,60,0.08461538461538462,0,0,1,0,0
26,47,16490,16490,84,0.1768,0,0,1,0,0
31,53,8650,7389,60,0.085,0,0,0,0,0
2,22,26000,19122,72,0.1208333333333333,0,0,0,1,0
1,44,10840,5719,36,0.0933786078098472,0,0,1,1,0
18,43,8900,8904,96,0.08285714285714285,0,0,1,1,0
4,62,17490,4637,24,0.1515384615384615,1,0,1,1,0
5,46,7990,9281,60,0.04230769230769231,0,0,1,0,1
10,75,19900,12700,36,0.119047619047619,0,0,1,1,0
21,58,13350,13699,72,0.1,0,0,0,1,1
13,47,6715,6991,48,0.0896551724137931,0,0,0,0,0
34,52,15550,14118,48,0.1276595744680851,0,0,1,0,0
7,70,19377,16377,96,0.2395348837209302,0,0,1,1,0
0,50,15850,12470,60,0.08615384615384615,0,0,1,0,0
0,20,15877,17338,60,0.1470125786163522,0,0,0,0,1
18,44,10990,12179,72,0.09044368600682594,0,0,1,0,1
3,59,7500,5818,48,0.04956521739130434,0,0,1,0,0
2,40,10900,8900,48,0.0776061776061776,0,0,1,1,0
7,68,13940,10513,48,0.103448275862069,0,0,0,1,0
0,55,10400,9400,72,0.08388888888888889,0,0,0,0,0
5,24,17880,17880,48,0.2369426751592357,0,0,0,0,0
0,32,9990,5990,48,0.09310344827586207,0,0,0,0,0
2,22,12500,13603,60,0.09663608562691131,0,0,0,0,1
0,22,14390,13390,72,0.09330628803245436,0,0,0,0,0
3,53,5950,5310,36,0.1419354838709677,0,0,0,1,0
9,67,9485,7441,72,0.08592592592592592,0,0,1,0,0
35,55,23596,5885,48,0.05836753305973552,1,0,1,0,1
0,20,12300,11944,48,0.1746666666666667,0,0,0,0,0
6,26,9700,6700,36,0.1,0,0,0,0,0
24,49,14990,16550,84,0.1816666666666667,0,0,1,1,0
5,26,10200,12113,84,0.1071428571428571,0,0,0,0,0
25,45,23880,20000,60,0.06821705426356589,0,0,1,1,0
1,24,13900,13697,96,0.1363636363636364,0,0,0,0,1
9,72,10480,10480,36,0.2242857142857143,0,0,0,1,0
7,61,8990,8990,48,0.0688135593220339,0,0,1,0,0
0,38,11440,12408,60,0.07727272727272727,0,0,1,0,1
0,31,17900,19237,96,0.1418181818181818,0,0,0,0,1
7,32,21990,24352,96,0.1116981132075472,0,0,1,1,0
30,55,15350,12350,84,0.07909090909090909,0,0,1,0,0
9,28,17536,15536,96,0.09395973154362416,0,0,0,1,1
1,34,16950,11500,48,0.0819620253164557,0,0,1,0,0
16,43,6600,7980,96,0.04127659574468085,0,0,1,1,0
17,63,18900,15400,60,0.05090909090909091,1,0,1,1,0
26,46,16990,15034,60,0.1285714285714286,0,0,1,0,0
17,48,4988,4988,24,0.05060918462980318,0,0,1,0,0
6,62,4950,5693,60,0.04565217391304348,0,0,1,1,0
22,75,3975,3975,48,0.08272727272727273,0,0,1,0,0
10,59,19890,8476,72,0.06226415094339623,1,0,0,0,0
6,36,29000,29000,72,0.1043010752688172,0,0,1,0,1
2,30,10700,10700,36,0.2340740740740741,0,0,1,0,0
15,57,8900,5493,36,0.08679245283018867,0,0,1,0,0
29,46,10000,12039,96,0.0705,0,0,1,0,0
12,58,19199,20327,96,0.1904,0,0,1,1,0
20,51,1877,1877,12,0.08421052631578947,0,0,0,0,0
2,18,14500,16850,72,0.09825581395348837,0,0,0,0,0
27,57,12700,10000,36,0.0924962852897474,0,0,1,1,0
17,33,24190,17370,96,0.1166666666666667,0,0,1,1,0
3,55,18789,18636,72,0.07821428571428571,0,0,0,0,1
3,42,1501,1501,12,0.1066666666666667,0,1,1,0,0
4,62,21500,21500,48,0.153125,0,0,1,1,0
4,45,11900,9789,36,0.054,0,0,1,1,0
4,32,7450,7548,60,0.04819694868238558,0,0,1,0,0
17,34,6980,6980,60,0.0856760374832664,0,0,1,1,0
1,27,17048,18459,60,0.1008333333333333,0,0,0,0,0
0,64,20990,22486,60,0.176,0,0,1,0,1
0,21,18970,19417,60,0.2176,0,0,0,0,1
6,40,11900,5300,72,0.0397196261682243,1,0,0,1,1
41,65,23318,26313,72,0.1191666666666667,0,1,0,1,1
17,48,11800,2800,24,0.04711838006230529,1,0,1,0,0
4,62,24980,26146,60,0.2815384615384615,0,0,0,1,1
16,77,5990,2990,24,0.1015873015873016,0,0,1,0,0
0,50,22290,26834,96,0.1744444444444445,0,0,0,1,0
3,59,17998,5234,36,0.11,1,0,1,1,0
22,54,11591,12649,96,0.07789473684210527,0,0,0,0,0
10,48,5895,5319,60,0.05147058823529412,0,0,1,0,0
2,30,8100,7100,48,0.1156963890935888,0,0,0,0,0
4,21,8690,5050,48,0.05095541401273886,0,0,0,0,1
5,27,13890,14603,60,0.1031802120141343,0,0,1,0,1
7,29,4780,5126,48,0.04514285714285714,0,0,0,0,0
9,61,8990,5332,24,0.1376470588235294,0,0,0,0,1
0,23,11950,11950,60,0.1369446135118685,0,0,0,0,0
5,49,15700,14950,72,0.1493333333333333,0,0,1,1,0
5,47,8990,8869,60,0.02815376285868977,0,0,1,0,0
7,30,5990,5888,72,0.0752,0,0,0,0,0
16,76,6230,6358,24,0.1538888888888889,0,0,0,1,0
1,47,10795,3167,24,0.05389221556886228,1,0,1,0,0
0,29,16900,18841,96,0.15,0,0,0,0,1
0,20,22990,25703,96,0.2736363636363636,0,0,0,1,1
2,65,13200,9764,72,0.1007055805003207,0,0,1,1,0
14,71,8900,6900,60,0.1459770114942529,0,0,1,1,0
4,26,17980,17480,72,0.1873333333333333,0,0,0,0,0
10,49,9950,9950,84,0.06422018348623854,0,0,1,1,0
0,26,9100,9100,84,0.1104400345125108,0,0,0,0,1
1,64,7489,7489,12,0.16,0,0,1,1,0
4,26,8500,8149,60,0.1,0,1,0,0,1
0,32,15990,14928,48,0.12,0,0,0,0,0
23,79,6353,6353,60,0.09037037037037036,0,0,0,1,0
3,28,8100,4531,24,0.12125,0,0,0,0,0
3,23,23000,19500,60,0.08275862068965517,0,0,0,0,0
0,38,19990,22738,60,0.2255639097744361,0,0,0,0,1
1,20,6400,6940,60,0.08928571428571429,0,0,0,0,1
36,56,23090,13590,36,0.1161764705882353,0,0,1,0,0
1,28,20039,21680,60,0.1517948717948718,0,0,0,1,0
2,18,14010,16122,60,0.112,0,0,0,0,1
1,27,15990,13490,60,0.1232258064516129,0,0,0,0,0
0,30,21980,24191,72,0.1363636363636364,0,0,0,0,1
9,40,11990,10990,60,0.1028571428571429,0,0,1,1,0
4,38,21180,20142,84,0.2037037037037037,0,0,1,1,0
19,46,22702,16951,48,0.04622933884297521,0,0,1,1,0
6,23,19400,9400,48,0.1033797216699801,0,0,0,1,0
4,28,11590,11590,72,0.1483333333333333,0,0,0,0,0
7,47,10635,10635,60,0.1492857142857143,0,0,1,1,0
0,18,17000,12000,24,0.2534381139489195,0,0,0,0,0
26,45,15990,17495,72,0.1454054054054054,0,0,0,0,0
8,44,10228,11434,48,0.102,0,0,1,1,0
4,31,12790,14220,84,0.1379310344827586,0,0,0,0,1
21,60,8250,3250,48,0.0625,1,0,0,0,0
9,54,14500,2000,12,0.0855,1,0,0,0,0
6,43,18567,18567,96,0.1738461538461538,0,0,0,1,0
28,58,6428,6428,60,0.04791666666666667,0,0,0,0,0
8,51,10480,9778,48,0.0968609865470852,0,0,1,0,0
4,62,8990,8990,72,0.06,0,0,0,0,1
7,25,12490,13543,60,0.1567741935483871,0,0,0,0,0
0,46,7940,8610,60,0.08157894736842106,0,0,0,0,0
21,45,8490,7190,84,0.03726235741444867,0,0,0,0,0
15,45,11500,6500,24,0.2536363636363637,0,0,1,1,0
8,55,13750,10230,48,0.1614285714285714,0,0,1,0,0
3,59,5900,3000,48,0.0575,1,0,0,0,1
2,31,26877,22873,60,0.08954154727793696,0,0,0,0,0
0,18,12800,13908,60,0.2188034188034188,0,0,0,0,1
2,46,12980,13718,72,0.09469480889903023,0,0,0,0,0
40,62,7617,7617,48,0.0625,0,0,1,0,0
14,30,9950,7495,48,0.08366336633663367,0,0,0,0,0
13,39,13900,15076,60,0.06909090909090909,0,0,1,0,0
7,46,18865,10740,36,0.2292857142857143,0,0,1,1,0
8,29,5554,3838,48,0.05176470588235294,0,0,0,0,0
11,52,19500,13501,48,0.1463644948064212,0,0,1,1,0
23,56,19239,13065,36,0.2235294117647059,0,0,1,0,0
6,26,5670,6212,72,0.07461538461538461,0,0,0,0,1
7,58,10550,11158,96,0.1142857142857143,0,0,1,0,0
1,51,14519,15594,60,0.1587301587301587,0,0,0,0,0
37,54,5970,5970,36,0.06884615384615385,0,0,1,1,0
14,75,8718,8718,60,0.1093333333333333,0,0,0,0,0
7,67,4990,6275,60,0.1297898640296662,0,0,1,0,0
31,48,5890,3890,60,0.03173913043478261,0,0,0,1,0
0,33,27000,29219,96,0.1850649350649351,0,0,1,0,1
13,46,11795,9795,48,0.1047729918509895,0,0,1,0,0
1,48,24990,16676,96,0.09285714285714286,0,0,0,0,0
12,48,8490,5990,48,0.27,0,0,1,1,0
2,44,5641,5851,48,0.08516129032258064,0,0,1,1,0
4,30,22450,24689,72,0.114951768488746,0,0,1,0,0
3,50,9500,8500,36,0.1485380116959064,0,0,0,0,0
2,21,27000,29425,60,0.15,0,0,0,1,1
0,53,11010,11700,72,0.05629139072847682,0,0,0,0,0
3,20,12765,12765,48,0.1262295081967213,0,0,0,0,0
12,55,11890,9890,60,0.07722222222222222,0,0,1,0,0
17,65,6290,6995,36,0.1393609789259007,0,0,0,0,1
29,57,4940,5171,36,0.1169230769230769,0,0,1,0,0
0,66,6700,2868,36,0.0488235294117647,1,0,0,0,0
4,26,15250,13250,60,0.07608695652173914,0,0,0,0,0
23,42,7490,6773,48,0.075,0,0,0,1,0
9,74,16141,16141,60,0.056,0,0,1,0,0
19,69,5301,5301,24,0.1784615384615384,0,0,1,0,0
19,36,19440,4440,36,0.0534136546184739,1,0,1,1,0
5,55,8550,5422,60,0.08083333333333333,0,0,1,0,0
32,53,6500,7276,48,0.05851851851851852,0,0,0,0,0
24,52,7900,7900,60,0.05321428571428571,0,0,0,1,0
0,20,10990,11075,48,0.11875,0,0,0,0,1
1,42,9950,9950,60,0.0763265306122449,0,0,1,0,1
13,55,15000,3729,60,0.0345,1,0,1,1,0
0,37,8990,10106,84,0.1092307692307692,0,0,1,0,1
5,60,21370,5613,36,0.09476162448499117,1,0,1,0,0
1,54,8800,10414,84,0.1014814814814815,0,0,0,0,1
24,51,8500,8500,36,0.0262036642522369,0,0,1,1,0
4,28,11090,13090,84,0.1047058823529412,0,0,0,0,0
2,67,8980,8980,60,0.04615384615384616,0,0,0,1,0
2,22,13470,13470,48,0.1110344827586207,0,0,0,0,0
0,32,4045,4468,36,0.07314285714285715,0,1,0,0,0
5,28,10500,11280,48,0.09090909090909091,0,0,0,0,1
5,69,19490,13490,60,0.1111111111111111,0,0,1,0,0
8,53,7250,5750,60,0.07520325203252033,0,0,1,0,0
1,47,5990,5990,24,0.1793103448275862,0,0,0,0,0
33,54,10561,11381,48,0.1058333333333333,0,0,1,0,0
1,38,10890,10841,60,0.06685393258426967,0,0,0,0,0
0,30,20890,15890,36,0.06976744186046512,0,0,1,0,0
0,64,15950,14950,36,0.2345945945945946,0,0,1,0,0
4,47,5250,6161,72,0.02798018070533372,0,0,1,1,1
13,58,14785,10232,36,0.118,0,0,1,1,0
16,42,24990,22990,72,0.06203801478352693,0,0,1,0,0
22,56,12800,14045,48,0.0983524712930604,0,0,1,0,0
6,55,5878,5878,36,0.1270758122743682,0,0,1,0,0
8,71,20540,20540,48,0.1326973113616652,0,0,1,0,0
14,47,8000,3000,24,0.08666666666666667,1,0,0,1,0
4,27,14990,14600,96,0.0625,0,0,1,1,0
10,60,11000,3588,12,0.19,1,0,0,0,0
15,49,11790,12564,48,0.04034334763948498,0,0,0,0,0
28,50,16490,19178,72,0.08057553956834532,0,0,0,1,1
15,75,9500,16644,60,0.08027079303675048,0,0,1,1,0
13,67,8490,3990,36,0.09076923076923077,1,0,1,1,0
5,51,7300,8060,84,0.08833333333333333,0,0,0,0,0
3,29,24900,26833,48,0.4792,0,0,1,0,0
2,45,6500,6500,72,0.025,0,0,0,1,0
0,21,12390,14335,72,0.1675392670157068,0,0,0,0,1
3,20,14000,13130,60,0.08705882352941176,0,0,0,0,0
19,40,13900,10549,60,0.11,0,0,1,1,0
5,69,16430,5468,36,0.0805,1,0,1,0,0
18,60,21200,11803,48,0.1064,0,0,1,0,0
3,48,14777,16998,60,0.1666666666666667,0,0,0,0,0
5,55,4400,4940,48,0.069375,0,0,1,1,0
6,66,14069,14069,36,0.2964285714285714,0,0,1,1,0
32,51,15989,13756,72,0.1229411764705882,0,0,1,0,0
1,44,18900,15900,60,0.1168224299065421,0,0,1,1,0
40,58,32410,14000,72,0.1825,1,0,1,1,0
5,49,9400,8400,84,0.075,0,0,1,1,1
2,49,19179,22929,96,0.1729032258064516,0,0,0,0,0
11,33,8250,9015,72,0.1317307692307692,0,0,0,0,0
7,30,22900,17900,48,0.09523809523809523,0,0,0,0,0
29,54,25000,10000,36,0.03607142857142857,1,0,1,1,0
0,24,15990,17714,96,0.2857142857142857,0,0,1,0,1
7,47,7500,6551,24,0.116,0,0,1,0,1
5,57,13309,5294,12,0.2036363636363636,1,0,1,1,0
22,46,16500,3730,24,0.06653061224489797,1,0,1,0,0
24,53,21290,18290,72,0.121025641025641,0,0,0,0,0
4,30,16900,20346,96,0.1322222222222222,0,0,0,0,0
8,50,11390,9390,60,0.114,0,0,1,1,0
9,54,5812,5975,36,0.0895,0,0,0,0,0
2,48,5590,6370,60,0.08571428571428572,0,0,0,0,0
1,51,11000,9969,72,0.1193103448275862,0,0,0,0,1
37,55,23835,23985,72,0.1388888888888889,0,0,0,1,0
24,55,14990,7490,36,0.05107398568019093,1,0,0,1,0
16,33,7990,7995,60,0.07944444444444444,0,0,0,0,0
6,57,7790,7790,36,0.07232704402515723,0,0,1,0,0
0,22,10500,10450,72,0.08149171270718232,0,0,0,0,0
4,51,15450,11575,48,0.09375,0,0,0,0,0
1,53,23005,23122,60,0.09725490196078432,0,1,1,0,1
8,37,18500,19881,96,0.07231182795698925,0,0,1,1,1
2,34,4900,4290,36,0.06095238095238095,0,0,0,0,0
1,58,9080,9775,72,0.1292181069958848,0,0,1,1,0
15,53,20199,11604,60,0.08,0,0,1,1,0
3,34,14400,14400,48,0.06674565560821485,0,0,1,1,0
11,54,13189,10041,72,0.1062937062937063,0,0,1,0,0
1,28,15200,11785,48,0.1538461538461539,0,0,0,0,0
25,46,19990,9990,48,0.07620689655172413,0,0,1,1,0
4,32,21800,22617,60,0.07105719237435008,0,0,1,0,0
3,29,13830,10866,60,0.08333333333333333,0,0,1,1,0
2,64,8489,10053,96,0.07747866053841103,0,0,1,0,1
47,64,25099,19099,60,0.05766666666666666,0,0,1,0,0
36,58,22487,14084,48,0.05231037489102005,0,0,0,0,0
22,43,26014,26014,48,0.06614135625596944,0,0,1,0,1
3,19,18900,19677,48,0.1121970289288507,0,0,1,1,1
40,57,7106,7489,48,0.05017814726840855,0,0,1,1,0
0,49,17922,17922,60,0.2,0,0,0,0,0
2,34,22050,1662,24,0.05107913669064748,1,0,1,0,0
20,44,19250,18714,96,0.07027863777089784,0,0,1,1,0
2,44,27790,19067,48,0.09518072289156626,0,0,1,1,0
18,45,9276,9276,48,0.07777777777777778,0,0,1,0,1
0,58,9718,2718,24,0.0975,1,0,0,1,0
12,71,9150,4504,36,0.1096,1,0,1,1,0
9,69,5950,2560,24,0.08127721335268505,1,0,0,1,0
6,64,6040,6908,72,0.1057142857142857,0,0,1,0,1
1,49,12990,14442,84,0.2306818181818182,0,0,1,0,1
3,44,18500,18500,60,0.07668711656441718,0,0,1,1,0
0,24,15500,15500,84,0.1168900804289544,0,0,0,0,0
2,20,16990,19890,72,0.1638709677419355,0,0,0,0,1
19,84,19500,19500,60,0.1261538461538461,0,0,1,0,0
3,53,11350,10000,96,0.05318181818181818,0,0,1,1,0
19,58,6437,6635,36,0.07127272727272728,0,0,1,0,0
1,45,21000,22789,60,0.15625,0,0,1,1,0
15,55,7890,8804,84,0.1066666666666667,0,1,0,1,1
18,51,25089,15589,48,0.07092198581560284,0,0,1,0,0
1,30,7990,7324,48,0.04305740987983979,0,0,1,0,1
32,48,9850,9545,72,0.05576923076923077,0,0,0,1,0
20,36,24990,24990,60,0.09767441860465116,0,0,1,1,0
16,37,7430,5430,60,0.08888888888888889,0,0,1,0,0
10,49,12648,13820,72,0.13125,0,0,0,0,1
12,71,4023,2023,24,0.04756756756756757,0,0,1,0,1
1,27,14790,17249,72,0.09383033419023136,0,0,0,0,0
0,54,16980,10503,36,0.155,0,0,1,0,0
0,18,6690,7605,48,0.1071428571428571,0,0,0,0,1
1,50,11990,10931,60,0.07282051282051281,0,0,1,1,0
23,60,5866,6312,36,0.2188235294117647,0,0,1,1,0
0,23,12600,13705,60,0.2217391304347826,0,0,0,0,0
25,52,8515,10693,48,0.09108602569093033,0,0,1,1,0
17,66,19999,19999,60,0.07035714285714285,0,0,0,0,0
21,48,10450,11578,84,0.07348837209302325,0,0,1,0,0
36,58,8280,8705,60,0.05818181818181818,0,0,0,0,0
4,37,5400,4314,48,0.0485,0,0,1,1,0
5,22,20000,18334,48,0.2664516129032258,0,0,0,0,0
5,21,14732,14732,60,0.1095,0,0,0,0,1
16,46,20859,15859,72,0.03718285214348206,0,0,1,1,0
11,45,10593,11606,72,0.1340740740740741,0,0,1,1,0
19,50,15835,6779,24,0.1246808510638298,1,0,0,1,0
1,23,17500,5500,24,0.1825757575757576,1,0,0,0,0
14,35,8990,9156,48,0.1471428571428571,0,0,0,0,0
16,79,12950,7972,60,0.125,0,0,1,1,0
22,78,8500,3500,24,0.095625,0,0,1,0,0
4,52,11415,11731,72,0.1525,0,0,1,1,0
3,25,16950,14093,60,0.2114285714285714,0,0,0,0,0
2,43,14737,14876,24,0.1861764705882353,0,0,0,0,0
33,55,5990,6460,48,0.045625,0,1,1,0,0
9,61,7700,8098,36,0.1214430894308943,0,0,1,0,0
3,48,19250,19250,60,0.177,0,0,1,0,0
3,49,8750,6777,60,0.0735826296743064,0,0,0,0,0
35,61,7439,8056,48,0.13,0,0,1,1,0
38,54,10995,8400,60,0.04893617021276596,0,0,1,0,0
18,46,22940,20440,96,0.1458823529411765,0,0,0,0,0
2,49,16990,18386,60,0.08318181818181818,0,0,1,1,0
2,65,15228,11728,36,0.04669811320754717,1,0,1,1,0
0,63,7464,9266,84,0.1109090909090909,0,0,0,1,0
16,76,7404,7709,48,0.1416666666666667,0,0,0,0,0
10,48,13990,11735,60,0.1065656565656566,0,0,0,1,0
7,34,20960,16090,60,0.051513200257566,0,0,1,0,0
2,35,11200,12433,96,0.06547619047619048,0,0,0,0,0
15,48,23490,16990,60,0.07071428571428572,0,0,1,1,0
0,50,3990,4454,48,0.06515957446808511,0,0,1,0,0
5,23,5254,4254,36,0.08116883116883117,0,0,0,0,0
5,54,7500,4853,48,0.09909090909090909,0,0,1,1,0
7,55,7990,7990,60,0.08169934640522876,0,0,1,0,1
5,38,14495,10317,60,0.06333333333333334,0,0,0,0,0
1,51,15990,15990,60,0.04805555555555555,0,0,1,1,0
26,50,33200,19200,60,0.04411764705882353,0,0,1,1,0
7,54,18760,15760,72,0.06686626746506986,0,0,1,0,0
15,52,16990,10000,48,0.2227722772277228,1,0,0,0,0
0,33,10950,9715,60,0.1035294117647059,0,0,0,1,0
37,59,6630,6030,60,0.03476190476190476,0,0,1,1,0
11,46,4084,4342,24,0.1236842105263158,0,0,1,0,0
3,68,10500,9990,60,0.2274193548387097,0,0,1,0,0
6,43,5350,5927,84,0.108,0,0,1,0,0
25,51,5149,5149,36,0.0608,0,0,1,0,0
15,35,8190,5890,72,0.05277777777777778,0,0,1,0,0
45,65,7186,7769,36,0.07328,0,1,1,1,0
14,43,9990,11161,96,0.05666666666666666,0,0,1,0,0
19,83,4455,4455,48,0.09454545454545454,0,0,0,1,0
16,42,10250,6250,48,0.03722280887011616,0,0,1,1,0
6,50,4900,5284,48,0.09916666666666667,0,0,1,0,0
15,35,13470,9970,36,0.108289241622575,0,0,1,0,0
3,60,4016,4016,17,0.081,0,0,1,1,0
9,53,13980,15077,48,0.1625239005736138,0,0,0,1,0
1,33,15700,16353,60,0.1041666666666667,0,0,0,0,0
7,46,5327,3327,36,0.06666666666666667,0,0,0,0,0
8,56,13990,14003,72,0.0421875,0,0,1,0,0
2,43,8590,8167,48,0.1198125836680054,0,0,0,0,0
0,32,29990,29990,60,0.1257434154630416,0,0,1,0,1
14,51,20490,22389,72,0.1387755102040816,0,0,1,1,0
17,45,13794,14925,60,0.05541561712846348,0,0,1,0,1
10,30,17500,15500,48,0.08752556237218814,0,0,0,1,0
14,35,12500,13839,48,0.057,0,0,1,1,0
5,23,10885,9285,36,0.1141226818830243,0,0,0,0,1
0,27,14890,14890,60,0.1076614922383575,0,0,0,0,0
0,36,12717,12717,72,0.08594594594594594,0,0,1,1,0
7,28,16871,16818,60,0.09928656361474435,0,0,0,0,0
6,35,17700,17700,60,0.06461538461538462,0,0,1,0,0
10,31,5193,5193,36,0.09272727272727273,0,0,0,0,0
25,62,5700,1700,12,0.0576,1,0,0,0,0
2,37,30500,28500,72,0.09829457364341085,0,0,1,0,0
4,42,23070,17703,72,0.0874938210578349,0,0,0,1,0
58,78,4250,4340,12,0.1065714285714286,0,0,1,1,0
2,66,19890,5610,24,0.1490909090909091,1,0,1,0,0
9,44,14990,16699,48,0.04041204437400951,0,0,1,0,0
12,72,7700,7200,72,0.09395973154362416,0,0,1,1,0
6,56,18530,18573,72,0.1428571428571428,0,0,1,1,0
5,39,8990,9406,84,0.06124401913875598,0,0,0,0,0
5,43,5980,5980,48,0.137,0,0,0,1,0
0,30,12970,15596,96,0.07756463719766472,1,0,1,0,1
5,49,13800,15024,72,0.0993103448275862,0,0,1,0,0
2,68,6590,2722,24,0.09833333333333333,1,0,0,1,0
6,56,5037,5037,36,0.0745,0,0,0,0,0
2,26,10700,9843,48,0.0576923076923077,0,0,1,0,0
11,71,16799,14789,48,0.07407407407407407,0,0,1,0,0
26,60,13246,15075,60,0.1215384615384615,0,0,1,1,1
5,36,14000,11500,72,0.05966666666666667,0,0,1,1,0
25,53,3700,3758,48,0.06589147286821706,0,0,0,0,0
25,57,13700,5896,24,0.09886229894076108,1,0,1,1,0
10,37,19490,21202,60,0.08432229856339787,0,0,1,1,0
10,48,17000,11464,60,0.09263157894736843,0,0,0,0,0
1,19,15990,12790,48,0.1025423728813559,0,0,0,0,0
3,52,16400,12911,72,0.09045454545454545,0,0,0,1,0
2,35,5990,5030,60,0.04623115577889447,0,0,0,0,0
13,62,8500,8166,72,0.08246753246753247,0,0,0,0,0
7,52,15990,17788,96,0.1349772874756651,0,0,0,0,0
44,63,17930,5000,36,0.0735,1,0,1,0,0
26,49,5686,5686,20,0.091875,0,0,1,1,0
14,42,9200,10330,48,0.0932,0,0,0,1,0
20,56,3500,3623,24,0.1325,0,0,1,0,0
7,34,7170,7937,36,0.1376470588235294,0,1,0,0,0
40,69,19050,9699,36,0.151985111662531,1,0,0,0,0
35,55,13140,15372,84,0.07174231332357248,0,0,1,1,0
23,54,7039,4792,60,0.03461538461538462,0,0,1,0,0
36,61,13000,7235,72,0.06,0,0,1,1,1
2,47,17975,16412,72,0.1693440428380187,0,0,1,1,0
16,47,25000,25000,48,0.08571428571428572,0,0,1,1,0
29,56,20000,19712,60,0.1761557177615572,0,0,1,1,0
26,56,13050,14249,72,0.0875,0,0,1,1,1
0,35,8350,9356,48,0.2529411764705882,0,0,1,0,1
19,61,24500,13000,48,0.1333333333333333,0,0,1,0,0
1,56,27000,27000,72,0.2675,0,0,1,1,1
38,55,3700,3814,36,0.04956521739130434,0,0,1,0,0
6,48,13500,7538,48,0.104375,0,0,0,1,0
0,26,12495,13308,72,0.1270753512132823,0,0,0,0,1
14,79,1500,1514,12,0.05416666666666667,0,0,0,1,0
10,73,8970,3970,36,0.0740049751243781,1,0,1,1,0
25,60,5800,5800,60,0.07133333333333333,0,0,0,1,0
4,26,8372,8883,36,0.07634354595680562,0,0,0,0,0
1,24,17900,17900,48,0.1333333333333333,0,0,0,0,0
1,56,8190,6040,60,0.05285714285714286,0,0,0,0,0
30,61,9100,9100,72,0.0568,0,0,1,1,0
27,89,9450,7037,48,0.11875,0,0,0,0,1
2,39,18219,18219,72,0.1047368421052632,0,1,0,0,0
30,47,20190,17814,60,0.109,1,0,0,0,0
25,46,43210,20000,72,0.05288361440766188,1,0,1,0,0
0,28,9300,6818,60,0.09153846153846154,0,0,0,0,0
13,50,24900,22051,72,0.2326666666666667,0,0,0,0,1
0,23,16080,17106,72,0.119375,0,1,0,0,1
5,25,16990,15290,60,0.1176470588235294,0,0,0,0,0
3,35,21579,22349,60,0.1465778316172017,0,0,1,0,0
5,48,8743,9726,96,0.06705882352941177,0,0,0,0,1
37,55,22770,19865,48,0.05625,0,0,1,1,0
16,33,13490,14111,96,0.07953488372093023,0,0,0,0,0
4,55,6700,6700,48,0.08174097664543524,0,0,1,0,1
5,29,10220,7905,48,0.1375579598145286,0,1,0,0,0
4,62,4990,5447,60,0.06758620689655172,0,0,1,0,0
36,52,18300,16662,60,0.105,0,0,0,0,0
29,63,27500,10500,48,0.1657142857142857,1,0,0,0,0
8,40,18700,15528,72,0.07483317445185891,0,0,1,0,0
23,47,2880,3100,36,0.03485354097144976,0,0,0,1,0
0,48,8500,9495,48,0.1518438177874187,0,0,0,0,1
11,49,8100,7992,48,0.05766666666666666,0,0,1,1,0
2,58,9290,7937,60,0.06,0,0,1,1,0
6,46,11796,12959,72,0.07455197132616488,0,0,1,1,0
4,57,9000,9000,48,0.09666666666666666,0,0,1,1,0
5,52,5825,4825,24,0.09952380952380953,0,0,0,0,0
9,69,13300,12300,96,0.07380952380952381,0,0,1,1,0
25,49,14164,14164,72,0.06054794520547945,0,0,1,1,0
1,47,10490,6490,24,0.1709090909090909,0,0,1,0,0
1,26,15990,11990,48,0.1344444444444444,0,0,0,1,0
28,45,11020,10345,84,0.06476190476190476,0,0,0,1,0
3,35,7490,8078,48,0.09680851063829787,0,0,1,0,0
26,56,12800,12800,60,0.1025,0,0,1,0,0
3,27,6890,5688,36,0.05357142857142857,0,0,0,0,0
8,45,8000,5433,60,0.04761904761904762,0,0,1,1,0
2,60,10850,10416,84,0.1118518518518519,0,0,1,0,0
5,65,8490,8521,60,0.1162962962962963,0,0,1,0,0
28,47,18990,19130,72,0.06102594339622641,0,0,0,0,0
11,79,4990,4990,60,0.04476190476190476,0,0,0,1,0
19,78,13950,9895,60,0.1071428571428571,0,0,0,0,0
0,23,6990,6186,60,0.1933333333333333,0,0,0,0,0
6,38,7710,7710,48,0.1041176470588235,0,0,1,1,0
11,68,25995,13995,48,0.1892857142857143,0,0,1,1,0
1,28,18900,24561,96,0.126230975828111,0,0,1,0,0
1,47,12000,9000,36,0.03342508847817539,0,0,1,1,0
8,71,18500,13760,48,0.155,0,0,1,1,0
12,49,4274,4637,24,0.1725,0,0,0,0,0
4,62,9883,11248,60,0.1188976377952756,0,0,1,1,0
7,40,34990,28990,72,0.1538461538461539,0,0,1,0,0
2,27,5990,5530,24,0.09916666666666667,0,0,0,0,0
2,34,13078,14393,60,0.08608695652173913,0,0,1,0,0
6,24,15590,10582,36,0.1485714285714286,0,0,0,0,0
1,26,16898,17121,60,0.1598958333333333,0,0,0,0,0
18,50,22680,20180,84,0.1014285714285714,0,0,1,1,1
30,46,8950,4191,24,0.044,1,0,1,1,0
1,64,26500,20100,72,0.1251612903225806,0,0,1,1,0
8,60,7990,5690,60,0.0412,0,0,1,1,0
14,45,19571,19571,60,0.122279792746114,0,0,1,0,1
10,48,18990,20262,48,0.1242819843342036,0,1,0,0,1
7,28,17600,5316,24,0.1283333333333333,1,0,0,1,0
24,59,10235,10235,24,0.2095238095238095,0,0,0,1,0
0,38,17500,17500,96,0.07943548387096774,0,0,1,1,0
19,51,15000,6500,48,0.05444444444444444,0,0,1,0,0
10,42,14525,14536,60,0.09226190476190477,0,0,1,0,0
3,48,4057,4057,24,0.0704,0,0,0,0,0
3,21,16990,16990,72,0.14,0,0,0,0,0
7,26,22700,25149,84,0.1491304347826087,0,0,0,0,0
0,18,6900,6900,48,0.1445454545454545,0,0,0,0,0
22,54,8203,8203,72,0.05076923076923077,0,0,1,0,0
3,32,16990,9695,48,0.1042857142857143,0,0,1,0,0
0,24,10710,11724,60,0.125,0,0,0,0,1
3,24,8302,9122,36,0.1111111111111111,0,0,0,0,1
5,33,21920,23354,48,0.1136363636363636,0,0,0,0,0
3,18,4900,5275,48,0.08243130724396336,0,0,1,0,0
2,46,16908,18467,72,0.1150670794633643,0,0,0,0,0
8,28,9675,7873,48,0.08876629889669008,0,0,1,0,0
1,37,13890,15313,60,0.07751937984496124,0,0,0,0,1
21,42,21980,18980,48,0.3129657228017884,0,0,1,1,0
2,61,9950,10100,60,0.149,0,0,0,0,0
1,65,10467,1672,12,0.014,1,0,1,1,0
1,21,8990,9768,60,0.1384615384615385,0,0,0,0,0
11,56,4450,4000,24,0.087,0,0,1,0,0
25,50,17000,17000,60,0.07875,0,0,1,1,0
5,54,12690,11083,60,0.161189358372457,0,0,0,0,1
12,30,22990,22747,60,0.1175,0,0,0,1,0
3,28,18990,17390,60,0.1265116279069767,0,0,1,0,0
8,52,6990,5058,48,0.05080213903743316,0,0,1,0,0
0,24,10500,10500,48,0.1394117647058823,0,0,0,0,0
10,54,8059,8691,48,0.1451851851851852,0,0,1,1,0
2,30,18790,20332,60,0.1043755697356427,0,0,1,0,0
9,35,15800,17729,96,0.1173684210526316,0,0,0,0,0
4,40,14770,12113,96,0.04733333333333333,0,0,0,0,0
1,49,2718,2890,24,0.1893939393939394,0,0,0,0,1
20,40,11444,10978,60,0.07149758454106281,0,0,0,0,0
28,51,14900,10000,72,0.07090909090909091,0,0,0,0,0
9,39,22472,22030,72,0.1857335127860027,0,0,0,1,0
27,57,16580,9580,36,0.2,0,0,1,1,0
15,40,18900,20499,60,0.07621621621621621,0,0,1,1,0
2,28,18900,18900,60,0.2206666666666667,0,0,0,0,0
0,41,8990,9235,60,0.09916666666666667,0,0,0,0,1
1,50,9490,4087,48,0.03074866310160428,1,0,1,1,0
17,56,17143,12941,36,0.09,0,0,0,1,0
1,41,8990,9841,72,0.08032786885245902,0,0,1,1,0
0,32,7590,4590,48,0.06176470588235294,0,0,0,0,0
1,24,11400,8400,60,0.0812807881773399,0,0,0,0,0
3,49,24900,19000,48,0.1652631578947368,0,0,1,1,0
27,52,11690,12728,60,0.07966666666666666,0,0,1,1,0
1,60,5500,4500,36,0.04433333333333334,0,0,0,1,0
0,49,26926,29294,60,0.1785019455252918,0,0,0,1,1
8,25,16504,15047,60,0.09375,0,0,0,0,0
2,27,28609,28609,96,0.1679197994987469,0,0,0,1,1
26,84,11940,13028,72,0.05101394169835234,0,0,0,0,0
1,53,11975,7000,36,0.12875,0,0,0,1,0
11,32,6900,7731,48,0.08476190476190476,0,0,1,0,0
2,52,11990,11990,72,0.0718918918918919,0,0,1,0,0
6,45,4490,4842,48,0.06606060606060606,0,0,0,0,0
0,35,15000,15000,96,0.1575,0,0,0,0,1
37,69,23300,20800,48,0.09833333333333333,0,0,1,1,0
10,47,17900,18333,60,0.1396449704142012,0,0,1,0,0
2,22,21129,22547,48,0.134,0,0,0,0,1
0,35,10980,10322,60,0.1405797101449275,0,0,1,0,0
0,54,12990,14254,72,0.1133333333333333,0,0,0,0,1
1,32,9900,4149,24,0.1654545454545455,1,0,0,0,0
2,41,10800,9767,84,0.06136363636363636,0,0,1,1,0
23,50,21260,21900,72,0.136241610738255,0,0,1,1,0
0,37,5400,4346,60,0.03478260869565217,0,0,1,0,0
38,57,11110,9110,60,0.03979933110367893,0,0,1,1,0
25,49,9250,10380,96,0.05954545454545455,0,0,0,1,0
7,36,15400,10400,72,0.1061598951507208,0,0,0,0,0
5,24,25350,14850,48,0.16,0,0,0,0,0
8,57,12400,12212,60,0.1461538461538462,0,0,0,0,0
7,43,7380,6677,48,0.04540229885057472,0,0,1,1,0
10,59,3540,3054,48,0.07368421052631578,0,0,1,0,0
1,49,11990,12159,60,0.07739130434782608,0,0,1,1,0
4,48,8200,9150,84,0.06717171717171717,0,0,1,1,0
23,55,6553,7070,36,0.1612403100775194,0,0,1,0,0
14,59,4790,5027,36,0.07718780727630285,0,0,1,1,0
37,54,9985,9985,72,0.06421052631578947,0,0,1,0,0
3,41,9000,9920,60,0.1006711409395973,0,0,0,0,1
0,45,7970,2970,24,0.06878306878306878,1,0,1,0,0
26,47,22500,11103,36,0.06733630952380952,1,0,1,1,0
4,26,20770,20658,96,0.1613333333333333,0,0,0,0,1
1,49,8990,10088,96,0.06417382516422436,0,0,0,0,0
0,30,16550,9735,36,0.1226134917267713,0,0,1,0,0
7,27,19181,17681,48,0.1575,0,0,1,0,0
3,36,11800,10800,60,0.09285714285714286,0,0,1,0,0
5,51,4000,4433,36,0.1266666666666667,0,0,1,1,0
6,51,15480,13283,60,0.1079703429101019,0,0,0,0,0
1,37,15480,15480,60,0.1718654434250765,0,0,0,0,1
6,53,19590,14769,60,0.1475770925110132,0,0,1,1,0
16,54,7700,3000,24,0.04266666666666667,0,0,1,1,0
1,43,6000,2693,36,0.06916666666666667,0,0,1,0,1
17,57,5690,5690,48,0.03742857142857143,0,0,0,0,0
25,62,13990,7429,48,0.09823529411764706,0,0,1,1,0
8,54,10490,11367,60,0.08184818481848184,0,0,1,0,0
1,40,4680,3950,36,0.06311207834602829,0,0,1,1,0
20,47,6500,4000,36,0.06722222222222222,0,0,1,1,0
1,63,11890,9258,60,0.1051948051948052,0,0,0,0,1
10,30,8950,8950,60,0.07426199261992619,0,0,1,0,1
1,37,24900,26597,60,0.08027027027027027,0,0,1,0,0
0,45,17250,16657,72,0.1154661016949153,0,0,0,0,0
9,32,4100,4413,36,0.0536,0,0,0,0,1
0,32,16690,19023,60,0.1066559743384122,0,0,0,1,1
4,67,5569,2708,24,0.09076923076923077,1,0,0,1,0
25,42,11490,6640,36,0.1507692307692308,0,0,0,0,0
21,47,4990,3419,24,0.1006666666666667,0,0,1,1,0
5,63,14745,7370,24,0.1404347826086957,1,0,1,1,0
3,41,8968,9865,60,0.06583897667419113,0,0,1,0,0
2,55,13900,15251,72,0.1035714285714286,0,0,0,0,0
37,62,4140,4603,48,0.052,0,0,0,1,0
19,43,7922,6922,72,0.05151515151515151,0,0,0,0,0
0,20,5000,5257,60,0.08973172987974098,0,0,0,0,0
16,54,9900,4900,48,0.06848484848484848,1,0,0,1,0
7,29,5205,5602,36,0.09550561797752809,0,0,0,0,0
0,39,13500,4833,36,0.08875,1,0,0,1,0
11,58,2787,2787,12,0.08777777777777777,0,0,1,1,0
27,57,17790,19174,72,0.09272727272727273,0,0,1,0,0
1,65,6690,4690,12,0.2347058823529412,0,0,0,1,0
6,52,14139,10139,36,0.05931034482758621,0,0,0,0,0
21,49,24311,4490,12,0.1085714285714286,1,0,1,1,0
2,18,7770,8644,96,0.101,0,0,0,0,1
0,47,15490,18032,72,0.08130434782608696,0,0,1,1,0
6,56,9636,6752,60,0.04870466321243523,0,0,1,1,0
2,38,12975,12975,48,0.1290322580645161,0,0,0,0,1
2,37,13402,11146,48,0.07882352941176471,1,0,0,0,0
4,22,15475,15475,48,0.08,0,0,0,0,0
0,29,9990,10902,60,0.09571428571428571,0,0,0,0,1
2,62,5960,6458,36,0.1227272727272727,0,0,1,0,0
3,68,16990,4058,36,0.03478260869565217,1,0,0,0,0
1,36,7990,6697,36,0.09398854961832061,0,0,0,1,1
1,50,9800,9028,60,0.04705882352941176,0,0,1,0,1
7,25,5994,5994,36,0.1491666666666667,0,1,0,0,1
4,66,19990,23384,96,0.1442105263157895,0,0,1,0,0
1,29,6040,4965,60,0.06066666666666667,0,0,0,0,0
12,49,26400,28780,60,0.2105,0,0,1,1,1
31,54,13970,15159,60,0.06254545454545454,0,0,1,0,0
3,51,11900,3690,24,0.04909090909090909,1,0,1,0,0
28,45,22730,23480,60,0.1304761904761905,0,0,1,1,0
2,68,12500,10500,96,0.07111111111111111,0,0,0,1,0
1,23,19990,19990,72,0.1864285714285714,0,0,0,0,1
17,43,13490,8490,36,0.04464285714285714,0,0,1,1,0
2,26,14950,14950,72,0.1025,0,1,1,1,1
5,68,14500,9000,36,0.1871428571428571,0,0,1,0,0
10,48,12490,9490,96,0.02828746177370031,0,0,0,0,0
1,31,29990,29990,24,0.2257676098735701,0,0,0,0,1
14,32,12300,12300,84,0.1214285714285714,0,0,1,1,0
0,21,8990,10224,60,0.1406133133881825,0,0,0,0,1
2,27,11900,10489,84,0.1178294573643411,0,0,0,0,1
17,57,4724,4981,48,0.08188405797101449,0,0,1,1,0
30,56,13469,13469,60,0.06465863453815261,0,0,1,1,0
5,67,13900,8900,60,0.162,0,0,1,1,0
6,66,2700,2700,24,0.0936,0,0,1,1,0
3,26,13690,8690,60,0.075,0,0,0,1,0
19,44,8490,5912,48,0.06238095238095238,0,0,0,1,1
1,26,8600,9305,60,0.11,0,0,0,0,0
9,28,12950,13509,96,0.08944444444444444,0,0,0,0,0
1,32,6990,7611,60,0.1505263157894737,0,0,1,0,0
0,36,35000,29750,60,0.1261820330969267,0,0,1,1,0
15,54,14500,13000,84,0.1005882352941176,0,0,1,1,0
19,48,15960,15960,72,0.1087336244541485,0,0,1,1,1
8,51,11130,12433,48,0.130952380952381,0,0,1,1,0
6,49,10570,6270,72,0.014,0,0,0,0,0
7,59,24585,21585,60,0.1125523012552301,0,0,0,0,0
21,49,29710,21710,60,0.09384615384615384,0,0,1,1,0
5,33,13000,8615,48,0.1,0,0,0,0,0
22,45,20970,10785,48,0.05727272727272727,1,0,1,1,0
8,32,10000,10000,60,0.1102941176470588,0,0,0,1,0
1,32,13495,15696,72,0.098,0,0,0,0,1
2,24,12490,13009,72,0.1197604790419162,0,0,0,0,0
5,54,18880,20844,84,0.1833333333333333,0,0,0,0,1
6,36,7999,9355,72,0.08603351955307263,0,0,1,0,1
20,80,13940,8440,60,0.095625,0,0,1,1,0
35,52,9500,10465,72,0.1048484848484848,0,0,1,0,0
4,65,21500,18500,36,0.078,0,0,1,1,0
24,49,11544,11544,84,0.09055555555555556,0,0,0,0,1
6,56,14990,10517,48,0.1792307692307692,0,0,0,0,0
4,22,7995,8505,60,0.09,0,0,0,0,1
14,79,5990,2990,12,0.2141666666666667,1,0,0,0,1
2,29,9740,10739,48,0.1041176470588235,0,0,0,0,0
2,60,11744,12970,72,0.1273333333333333,0,0,0,0,0
5,29,19293,23164,96,0.09366666666666666,0,0,0,0,1
1,27,7000,4301,48,0.0775,0,0,0,1,0
1,64,16790,13790,48,0.1051612903225806,0,0,1,1,0
22,61,5500,2791,36,0.041,1,0,1,1,0
0,49,26450,24170,48,0.1456410256410256,0,0,1,0,0
31,54,14900,11900,60,0.04760855190654618,0,0,1,1,0
33,61,11800,3800,24,0.04685714285714285,1,0,1,1,0
5,22,10500,8149,60,0.1,0,0,0,1,1
3,19,5000,5563,48,0.0656,0,0,0,0,0
21,47,10500,3200,36,0.05673758865248227,1,0,1,1,0
2,35,2872,2872,27,0.06111111111111111,0,0,1,1,0
4,48,13680,13691,96,0.108125,0,0,0,0,1
1,53,7748,1544,12,0.1366459627329193,1,0,1,0,0
15,48,14500,15844,72,0.1714285714285714,0,0,1,1,0
2,37,10450,10450,48,0.1107142857142857,0,0,0,1,1
4,26,8726,8726,57,0.05882352941176471,0,0,1,0,0
13,52,8833,5190,36,0.1390909090909091,0,0,0,0,0
9,35,9300,10084,60,0.0670122176971492,0,0,1,0,0
1,49,12900,10900,48,0.078125,0,0,1,1,1
5,57,8800,8737,60,0.0805,0,0,1,1,0
0,24,12500,10500,60,0.1544,0,0,0,0,1
15,47,9670,7170,60,0.02592810842663524,0,0,0,0,0
1,29,15633,17610,96,0.07415107415107415,0,0,1,0,0
27,62,13900,14897,48,0.1816216216216216,0,0,0,1,0
5,47,6628,7159,48,0.08122833085685983,0,0,1,1,0
9,47,12500,9552,36,0.1466666666666667,0,0,1,1,0
0,48,11500,12708,36,0.11,0,0,1,0,0
19,38,22880,22880,72,0.07238095238095238,0,0,1,0,0
2,30,24500,14500,60,0.089,0,0,1,0,0
2,27,18990,17145,60,0.1239263803680982,0,0,0,0,0
7,58,21990,13990,60,0.056,0,0,1,1,0
12,63,22325,16075,72,0.07666666666666666,0,0,1,1,0
2,54,16390,17914,60,0.1862068965517241,0,0,0,0,1
29,46,11240,8335,96,0.0404,0,0,1,1,0
2,51,16480,18962,72,0.124860646599777,0,0,1,0,0
2,19,10490,11613,72,0.1013513513513514,0,0,0,0,0
4,57,15655,19299,72,0.1784511784511784,0,0,0,0,0
1,23,9900,9900,48,0.07052631578947369,0,1,0,0,1
1,37,10270,8626,96,0.05210526315789474,0,0,0,0,1
0,24,9580,6580,48,0.06666666666666667,0,0,0,0,0
14,54,15891,9590,48,0.18,1,0,0,0,0
0,28,10250,8100,96,0.05185185185185185,0,0,1,0,0
0,22,24421,26794,72,0.2141666666666667,0,0,0,0,1
0,19,13390,11890,48,0.1263636363636364,0,0,0,0,0
4,54,6648,7410,72,0.0728643216080402,0,0,0,0,0
6,50,8200,8816,36,0.22,0,0,0,1,0
5,70,5810,5973,36,0.1560283687943262,0,0,0,1,0
38,54,18590,16590,96,0.06466666666666666,0,0,0,1,0
2,40,13980,4286,48,0.03968253968253968,1,0,1,1,0
5,42,9500,10408,72,0.09257142857142857,0,0,1,0,0
12,58,6100,5500,24,0.08076923076923077,0,0,1,0,0
4,51,12480,10422,60,0.0784,0,0,1,1,0
29,76,11990,11990,96,0.1375227686703097,0,0,0,0,0
0,29,13116,10175,48,0.07125,0,0,0,0,0
15,35,12950,9950,60,0.05588673621460507,0,0,0,1,0
15,56,10650,8531,36,0.1008,0,0,1,1,0
41,57,9200,7200,60,0.03685714285714286,0,0,1,1,0
1,46,10000,10866,60,0.1176470588235294,0,0,0,0,1
7,37,18970,1810,12,0.055,1,0,0,0,0
3,26,24800,24800,48,0.1593333333333333,0,0,0,0,0
19,46,23950,11600,48,0.06912928759894459,1,0,1,1,0
4,38,18500,9500,48,0.1409395973154362,0,0,0,0,0
10,74,7990,4990,24,0.1825,0,0,1,1,0
1,24,13600,13600,60,0.1005555555555556,0,0,0,0,0
10,35,4940,2036,12,0.04325,0,0,1,1,0
4,40,20990,20990,72,0.1607717041800643,0,0,0,0,1
6,49,11235,7864,48,0.113125,0,0,1,1,0
3,44,28000,21500,72,0.1262857142857143,0,0,1,1,0
18,44,16200,16200,60,0.08695652173913043,0,0,0,0,0
7,23,13844,12494,36,0.1021953065859198,0,0,0,0,0
35,56,9990,10904,48,0.0956,0,0,1,0,0
5,33,6900,2900,36,0.07166666666666667,1,0,1,0,0
37,58,4450,4711,96,0.02291666666666667,0,0,0,0,0
6,35,16900,4220,60,0.04111111111111111,1,0,1,0,1
48,69,6500,7599,48,0.08461538461538462,0,0,1,0,0
10,67,6300,6888,48,0.04342857142857143,0,0,1,0,0
8,30,8595,9636,48,0.09681818181818182,0,0,0,0,0
5,66,15990,19138,84,0.2069230769230769,0,0,0,1,0
7,55,8500,9956,72,0.09384615384615384,0,0,1,1,0
31,50,11722,12641,48,0.1478982874935132,0,0,1,0,0
12,46,10300,11933,72,0.0809090909090909,0,0,0,1,0
1,57,5553,2125,24,0.08454545454545455,0,0,0,1,0
2,40,9625,10436,60,0.055,0,0,0,0,0
27,60,9735,10877,48,0.1388888888888889,0,0,0,1,0
4,35,9490,9490,60,0.08125,0,0,0,0,1
2,53,13500,14026,96,0.1141935483870968,0,0,1,0,0
14,55,17750,19663,96,0.188135593220339,0,0,1,0,0
15,78,11990,1990,24,0.05058823529411765,1,0,1,0,0
2,23,14500,14500,60,0.1977777777777778,0,0,0,0,0
6,68,16700,19196,60,0.1035,0,0,1,1,0
7,50,8450,7450,48,0.09510567296996662,0,0,1,1,0
3,27,11200,11200,48,0.1006666666666667,0,0,0,0,1
6,50,10220,11080,60,0.14,0,0,0,0,1
31,54,14850,16314,72,0.08517555266579974,0,0,1,1,1
3,55,11990,6990,96,0.056875,0,0,0,1,1
6,51,12861,2861,24,0.08714285714285715,1,0,0,0,0
24,62,7625,4925,60,0.04,0,0,1,1,0
1,20,26500,22800,72,0.1241176470588235,0,0,0,0,1
25,45,4300,4564,36,0.04624277456647399,0,0,0,0,1
9,29,12259,7259,72,0.09111111111111111,0,0,0,0,0
4,43,8490,8768,72,0.1,0,0,0,0,0
5,28,13250,7300,96,0.055,1,0,1,0,1
1,56,5000,4700,48,0.1330049261083744,0,0,1,0,0
26,56,7900,8658,48,0.1101499423298731,0,1,0,1,1
1,82,6500,6767,48,0.1083916083916084,0,0,1,0,1
16,45,7179,6438,48,0.12,0,0,0,0,1
14,32,6390,3637,36,0.07066666666666667,0,0,0,0,0
1,41,5900,5900,60,0.04142857142857143,0,0,0,0,1
6,58,6990,6980,72,0.07427413909520594,0,0,1,0,0
16,44,12700,10900,60,0.04793103448275862,0,0,1,1,0
15,48,5000,4000,36,0.05363636363636363,0,0,1,1,0
15,51,23485,12996,60,0.1294444444444444,0,0,1,1,0
33,63,5600,5600,36,0.03473684210526316,0,0,1,1,0
0,22,14150,11038,48,0.1626666666666667,0,0,0,0,0
4,54,12173,12173,48,0.05708333333333333,0,0,1,0,0
8,57,4470,4470,24,0.07918367346938776,0,0,1,1,0
18,40,9300,6272,60,0.01813471502590673,0,0,1,1,0
2,21,22950,22656,84,0.1228139904610493,0,0,0,0,1
16,80,22450,15450,36,0.1558620689655172,0,0,1,1,0
0,29,28665,19290,60,0.1153333333333333,0,0,1,0,0
13,72,8459,8459,60,0.05344827586206897,0,0,1,0,0
30,54,4598,4598,36,0.04035608308605342,0,0,1,1,0
22,42,14665,16068,72,0.1075581395348837,0,1,0,1,0
3,27,4847,5227,48,0.06742857142857143,0,0,0,0,0
3,31,15400,13400,60,0.08352941176470588,0,0,1,1,0
11,82,7850,7150,36,0.06935687263556116,0,0,1,1,0
15,50,13990,12263,84,0.1618181818181818,0,0,1,0,0
6,52,8900,8636,48,0.07823529411764706,0,0,1,0,0
0,63,11300,11300,24,0.362962962962963,0,0,1,1,0
1,44,11770,11735,60,0.1167567567567568,0,0,0,0,0
7,52,19500,20954,60,0.0834375,0,1,0,1,0
1,57,4071,4386,36,0.06363636363636363,0,0,1,1,0
1,21,11987,11987,60,0.1075,0,0,0,0,1
4,21,15900,17674,96,0.1533333333333333,0,0,0,0,0
0,51,15490,16960,72,0.08936170212765958,0,0,0,0,0
2,54,3869,3999,72,0.04338698390482855,0,0,0,0,0
4,60,25900,21854,60,0.10875,0,0,1,0,1
2,20,13990,15289,60,0.1640845070422535,0,0,0,0,1
5,28,16200,13128,48,0.205,0,0,1,0,0
6,30,15500,5000,36,0.0725,1,0,0,0,0
3,20,7990,8531,48,0.07226277372262774,0,0,0,0,1
25,51,19910,17914,96,0.09826086956521739,0,0,1,0,0
0,36,7208,7208,36,0.07792207792207792,0,0,1,0,0
13,58,11487,11301,60,0.1341935483870968,0,0,1,0,1
7,59,17495,19641,72,0.1458904109589041,0,0,0,0,1
7,33,17500,12500,72,0.04598092643051771,0,0,0,1,0
2,35,11600,12905,96,0.08388888888888889,0,0,1,0,1
8,51,19850,16350,48,0.1442028985507246,0,0,0,0,0
13,37,9950,10872,72,0.1178571428571429,0,0,0,0,0
1,39,14600,14600,84,0.09422222222222222,0,0,0,0,1
3,28,19990,18428,60,0.119047619047619,0,0,0,0,0
3,56,8000,8374,36,0.1235,0,0,1,1,0
11,47,25870,26790,48,0.205,0,0,1,1,0
9,57,9519,10845,72,0.0835,0,0,0,0,1
2,28,5490,6284,60,0.09076923076923077,0,0,0,0,0
6,23,29190,23825,48,0.14,0,0,0,0,0
2,48,13990,6646,72,0.07615384615384616,1,0,1,1,0
14,45,3819,3819,37,0.07857142857142857,0,0,0,0,0
3,60,25990,27927,60,0.1604878048780488,0,0,0,0,1
23,62,9885,6230,48,0.04212121212121212,0,0,1,1,0
1,62,7500,8176,48,0.1495934959349594,0,0,0,0,1
18,73,3659,3659,12,0.09424242424242424,0,0,1,1,0
6,51,19550,19050,96,0.05717884130982367,0,0,1,1,0
34,51,25500,21372,48,0.084375,0,0,0,1,0
10,73,31574,25490,60,0.235042735042735,0,0,0,0,0
1,37,19160,17485,60,0.0755868544600939,0,0,1,0,0
1,27,14880,14963,48,0.1177362304194037,0,0,0,0,0
6,34,13659,17476,72,0.1127777777777778,1,0,1,0,1
12,44,14990,16098,36,0.2159090909090909,0,0,0,0,0
20,48,16490,15225,72,0.1110344827586207,0,0,0,0,0
10,68,9990,10482,72,0.07136363636363637,0,0,0,0,0
1,31,24990,27800,96,0.1257739938080495,0,0,1,0,1
1,22,12900,13665,60,0.1168674698795181,0,0,0,0,1
1,22,9800,9364,60,0.0704,0,0,0,0,0
3,55,10870,6143,60,0.06436781609195402,0,0,1,1,0
3,57,12790,12024,84,0.1093333333333333,0,0,0,1,0
25,56,23990,23990,72,0.0803125,0,0,1,1,0
11,71,16140,15394,60,0.0995,0,0,0,0,1
2,30,10990,11070,60,0.08011363636363636,0,0,1,0,0
8,67,10100,10501,48,0.131739855475264,0,0,0,0,0
14,44,11495,9495,84,0.09571428571428571,0,0,0,0,0
26,46,13990,3990,24,0.05133333333333333,1,0,0,1,0
0,64,13069,10256,48,0.1155,0,0,1,1,0
40,63,13488,13488,72,0.117032967032967,0,0,0,1,1
0,26,14490,13055,60,0.1757142857142857,0,0,0,0,0
0,22,25500,25500,96,0.1812121212121212,0,0,0,0,1
20,59,6540,4225,24,0.08619047619047619,0,0,1,1,0
3,54,8569,7569,72,0.1,0,0,0,0,0
29,54,3489,3860,36,0.04448818897637796,0,0,1,0,1
1,49,32000,30000,36,0.14,0,0,1,0,1
6,47,5359,5359,24,0.0666857469948483,0,0,1,1,0
18,77,6290,2290,24,0.06533333333333333,1,0,0,1,0
0,32,6600,6600,60,0.08895265423242468,0,0,0,0,0
35,52,12000,13078,60,0.0613685179502915,0,0,1,1,0
0,35,7980,8593,48,0.05965463108320251,0,0,1,0,1
8,58,6373,6373,48,0.06454545454545454,0,0,1,0,0
13,41,13990,14114,60,0.08124215809284818,0,0,1,0,1
2,33,25590,12990,96,0.05032467532467533,1,0,1,0,0
6,34,6190,6720,24,0.1755223880597015,0,0,0,1,1
2,55,9630,11643,96,0.08587088915956151,0,0,1,0,1
16,64,25840,25840,72,0.1670588235294118,0,0,1,1,0
1,25,9750,10522,60,0.073125,0,0,0,0,1
1,22,6008,6684,96,0.052,0,0,0,0,0
16,47,19300,16300,60,0.07430555555555556,0,0,1,1,0
7,49,16388,16388,60,0.149,0,0,0,0,0
4,67,9355,9355,60,0.164,0,0,1,1,0
19,79,17874,17202,48,0.074,0,0,1,1,1
18,39,6150,7174,72,0.0580952380952381,0,0,0,1,1
2,60,13746,13885,72,0.1113989637305699,0,0,0,0,0
1,44,21790,20790,48,0.1436363636363636,0,0,1,0,0
4,31,25499,25499,72,0.09899665551839465,0,0,1,0,0
19,77,3990,4154,48,0.05588235294117647,0,0,1,0,0
0,28,21395,24372,60,0.1327272727272727,0,0,1,0,0
7,41,19600,18800,96,0.07628294036061026,0,0,1,0,0
3,55,9950,10837,84,0.04,0,0,1,1,0
15,75,8450,3450,36,0.05722222222222222,1,0,0,1,0
0,19,5400,4400,60,0.07904761904761905,0,0,0,0,0
2,57,10690,10690,84,0.10148849797023,0,0,0,0,1
18,57,23230,23980,60,0.09607142857142857,0,0,1,0,0
1,55,18100,6100,24,0.0508,1,0,1,1,0
10,48,3636,4018,36,0.1,0,0,1,1,0
4,50,14395,9173,72,0.1112,0,0,0,0,0
27,58,5901,5901,60,0.03264705882352941,0,0,1,1,0
19,55,11100,7982,48,0.06521739130434782,1,0,1,1,0
6,63,10600,6002,48,0.1038461538461539,0,0,1,1,0
20,84,16280,2287,12,0.1068119891008174,1,0,1,0,0
23,52,13159,13004,60,0.07347826086956522,0,0,1,0,0
29,58,6680,6992,36,0.05902578796561605,0,0,1,1,0
3,44,14850,15965,36,0.2078260869565217,0,0,0,0,0
0,26,14790,9437,48,0.1747826086956522,0,0,0,0,1
7,30,18287,20112,60,0.1687898089171974,0,0,0,0,0
13,58,18900,8900,72,0.09927536231884058,1,0,1,1,0
32,52,12500,11021,84,0.07526315789473684,0,0,1,1,0
17,54,18889,18889,96,0.2058333333333333,0,0,1,0,1
26,55,18402,3500,36,0.06666666666666667,1,0,0,1,0
0,31,6300,6295,48,0.07111501316944688,0,0,1,0,0
4,31,16050,12800,60,0.06,0,0,1,1,0
2,21,14351,14351,60,0.105625,0,0,0,0,1
0,48,13000,14116,24,0.15625,0,0,0,1,0
2,45,7900,6519,60,0.06315789473684211,0,0,0,0,0
11,71,2830,2830,24,0.08266666666666667,0,0,1,1,0
20,43,21700,16700,72,0.1201298701298701,0,0,1,0,0
13,47,20990,17795,60,0.1583333333333333,0,0,0,1,0
33,50,11500,11500,60,0.1095334685598377,0,0,0,1,1
6,28,8600,5370,36,0.09294117647058824,0,0,0,0,0
17,67,18500,18500,72,0.2312,0,0,1,1,0
0,25,21495,21495,72,0.1368421052631579,0,0,0,0,0
30,58,7970,7970,48,0.061,0,0,1,1,0
0,31,23500,17317,96,0.1235294117647059,0,0,1,0,0
0,32,24600,18300,72,0.1467181467181467,0,0,1,0,1
10,63,18980,17727,48,0.1164,0,0,0,0,0
3,24,13850,9514,36,0.1676470588235294,0,0,0,1,0
5,28,8500,7915,60,0.11,0,0,0,0,0
11,44,8225,9228,48,0.1341145833333333,0,0,1,0,0
21,45,11770,9078,60,0.05593451568894952,0,0,0,0,1
4,28,6750,6899,36,0.1373333333333333,0,0,0,0,0
14,51,7500,6626,60,0.02598457166057653,0,0,1,0,0
27,64,12960,10690,48,0.1072727272727273,0,0,1,0,0
20,46,4810,2391,48,0.01577380952380952,1,0,1,1,0
2,47,17089,11766,36,0.125,0,0,0,0,1
0,23,7749,8671,60,0.104,0,0,0,0,1
28,54,7157,7614,24,0.1964705882352941,0,0,1,0,0
6,55,12200,6737,60,0.1377777777777778,0,0,1,0,0
2,65,4625,5006,96,0.08235294117647059,0,0,1,1,0
2,20,27500,27000,72,0.1798701298701299,0,0,0,0,1
6,25,13950,7950,48,0.1076470588235294,0,0,0,0,0
6,51,10205,10205,36,0.2006666666666667,0,0,1,1,0
11,75,18300,18300,84,0.1004166666666667,0,0,0,1,1
19,80,7800,2374,36,0.04827586206896552,1,0,1,0,0
3,41,17990,17990,60,0.108695652173913,0,0,1,0,0
3,36,15890,17035,48,0.1367567567567567,0,0,1,0,1
13,38,10990,6057,48,0.07411764705882352,0,0,0,0,0
4,42,10990,12252,96,0.07192118226600985,0,0,1,0,0
2,22,12500,5914,48,0.07529411764705882,0,0,0,0,0
1,22,16950,16373,72,0.1013422818791946,0,0,0,0,1
12,53,20279,7279,48,0.08736842105263158,1,0,1,1,0
5,24,19100,17990,48,0.22,0,0,0,1,0
4,62,11931,12839,24,0.23125,0,0,1,0,0
2,33,11200,12463,48,0.1392857142857143,0,0,1,0,0
25,85,6854,6854,36,0.213265306122449,0,0,1,1,0
0,37,14990,13928,72,0.1089351285189718,0,0,0,0,1
4,64,12100,12100,60,0.1776,0,0,1,1,0
2,32,10490,11629,72,0.09102815979043877,0,0,0,1,1
0,43,9980,11102,96,0.04850746268656717,0,0,1,0,0
1,44,18500,14800,60,0.07247706422018349,0,0,1,1,0
23,42,15547,10329,60,0.08245948522402288,0,0,1,1,0
2,25,6471,6471,48,0.07567567567567568,0,0,1,0,0
0,28,13000,13000,96,0.1023081721771678,0,0,0,0,1
40,56,9500,4000,24,0.1,1,0,1,1,0
1,50,11000,7000,36,0.04746543778801843,0,0,1,1,0
0,47,23990,27719,72,0.1319727891156462,0,0,1,1,0
10,70,8508,9573,48,0.2075471698113208,0,0,0,0,0
20,50,6300,6300,24,0.02631578947368421,0,0,0,1,0
6,33,13659,14449,72,0.08611111111111111,1,0,1,0,1
4,44,7590,8247,60,0.1266666666666667,0,0,1,0,0
5,46,9990,9990,96,0.03727810650887574,0,1,1,0,1
6,31,14300,13093,84,0.06231343283582089,0,0,1,1,0
36,55,13500,13500,60,0.07652173913043478,0,1,0,0,0
13,54,7500,8149,60,0.075,0,0,1,1,0
0,56,13300,14970,60,0.1346666666666667,0,0,0,1,1
14,67,12030,9930,48,0.09936708860759494,1,0,1,1,1
10,35,12250,11775,72,0.092,0,0,1,0,0
16,62,16990,14990,72,0.07620689655172413,0,0,1,1,0
26,44,7140,5640,48,0.06722689075630252,0,0,0,0,1
1,30,3652,4032,36,0.1081818181818182,0,0,1,0,0
16,42,13500,5000,48,0.05285714285714286,1,0,1,0,0
8,34,5630,6081,48,0.1555555555555556,0,0,1,1,0
2,30,10485,12020,60,0.0855,0,0,1,0,1
11,29,14300,13300,96,0.08136094674556213,0,0,1,0,0
18,56,6990,7509,72,0.06902654867256637,0,0,1,1,1
2,30,16790,18385,60,0.2083333333333333,0,0,0,0,0
1,48,12880,15573,96,0.0586228287841191,0,0,1,0,0
4,49,5570,5570,60,0.05828571428571429,0,0,0,0,0
7,74,9100,9754,84,0.1014285714285714,0,0,0,1,0
3,37,24890,21585,60,0.08102493074792244,0,0,1,1,0
2,46,23600,18600,60,0.1477777777777778,0,0,1,1,0
5,22,7400,7400,72,0.08142857142857143,0,0,0,1,0
15,32,13350,11968,60,0.08015267175572519,0,0,1,0,0
3,37,17000,15000,72,0.0936,0,0,0,1,0
1,45,4950,3100,48,0.04411764705882353,0,0,1,0,0
2,38,8500,9217,60,0.0972877358490566,0,0,0,0,1
8,37,7990,7595,60,0.08526187576126674,0,0,0,0,0
7,51,9305,4705,24,0.134,0,0,1,1,0
11,52,12838,10953,60,0.08195876288659794,0,0,1,1,0
16,78,8460,8570,60,0.0904,0,0,1,1,0
0,29,21690,20690,72,0.1776461880088823,0,0,1,1,1
3,44,18500,17500,72,0.111875,0,0,1,1,0
4,30,9970,11025,36,0.1111111111111111,0,0,1,0,1
0,38,16690,18026,48,0.1552888222055514,0,0,0,0,0
3,24,17490,18403,72,0.1333333333333333,0,0,0,0,0
27,55,17550,7350,60,0.046,1,0,1,1,0
41,59,19630,17830,72,0.0564327485380117,0,0,1,1,0
1,29,19500,20651,96,0.1538961038961039,0,0,0,0,0
34,52,25750,28889,60,0.13,0,0,1,1,0
1,39,15980,15980,60,0.07005604483586869,0,0,1,0,0
6,25,15590,23032,72,0.1295238095238095,0,0,0,0,0
11,76,5552,3000,24,0.065,0,0,0,0,0
14,60,10490,8990,60,0.06166666666666667,0,0,0,0,0
17,55,10480,7851,36,0.1740740740740741,0,0,1,0,0
0,33,18990,18990,48,0.065,0,0,1,0,1
0,58,14900,15876,60,0.1168,0,0,0,1,0
2,29,7500,8173,60,0.09402985074626866,0,0,1,0,1
5,49,9690,9470,72,0.1275045537340619,0,0,1,0,0
9,64,9900,9900,48,0.102,0,0,1,1,0
28,55,10250,3000,36,0.045,1,0,1,0,0
12,61,5290,5424,36,0.0616357171078625,0,0,0,0,0
23,41,10990,10990,72,0.04613095238095238,0,0,1,0,0
13,45,5500,6515,84,0.0368,0,0,1,1,0
5,22,8234,8383,96,0.07479224376731301,0,0,0,0,0
16,71,14590,14590,60,0.1558823529411765,0,0,0,0,1
4,44,17300,17300,36,0.102962962962963,0,0,1,1,0
3,27,17800,14000,60,0.07894736842105263,0,0,1,0,0
5,44,5500,5900,36,0.0560655737704918,0,0,0,0,0
19,73,14470,14713,60,0.09879518072289156,0,0,1,0,0
8,36,9950,11488,60,0.08,0,0,1,0,0
20,69,10450,9450,96,0.1081818181818182,0,0,1,1,0
11,34,3500,923,12,0.04388888888888889,1,0,0,1,0
6,38,16490,14490,60,0.09433310297166551,0,0,1,0,0
6,23,7340,8064,72,0.1075,0,0,0,0,0
1,37,15450,16027,48,0.0844,0,0,0,0,0
27,52,9450,9450,60,0.03828355069415229,0,0,1,1,0
3,29,14500,14500,60,0.02365448504983389,0,0,1,0,0
6,46,12585,10285,60,0.1437037037037037,0,0,1,1,0
2,25,17410,13400,60,0.0852112676056338,0,0,0,0,1
20,79,15958,15958,48,0.0590625,0,0,1,0,0
4,39,16700,12674,84,0.05758620689655172,0,0,1,0,0
3,32,27500,21500,60,0.1578947368421053,0,0,1,1,0
0,41,7600,6579,48,0.0592,0,0,0,1,1
5,57,2500,2640,24,0.08712121212121213,0,0,1,1,0
0,24,11500,8500,36,0.1394838001098298,0,0,1,0,1
0,50,16500,9500,36,0.1385365853658537,0,0,0,1,0
13,58,8250,7789,72,0.08133333333333333,0,0,0,0,0
0,42,20719,23098,96,0.145877378435518,0,0,1,0,0
1,39,10990,12583,60,0.12,0,0,0,0,0
2,27,10500,8728,60,0.09333333333333334,0,0,0,0,0
2,29,11110,11800,60,0.05590909090909091,0,0,0,0,0
5,35,8300,5300,24,0.04449648711943794,0,0,1,1,0
17,53,13800,7800,24,0.09657142857142857,0,0,0,0,0
0,38,25390,25390,96,0.1247899159663866,0,0,0,0,0
13,65,6100,6490,36,0.1141176470588235,0,0,1,1,0
12,33,10000,8147,60,0.09182389937106918,0,0,1,1,0
11,42,23590,23591,72,0.1278571428571429,0,0,0,0,0
11,59,17490,10528,48,0.155818540433925,1,0,1,0,0
11,44,17980,4180,24,0.1,1,0,0,0,0
3,40,10975,3275,36,0.04341864716636198,1,0,0,0,0
9,32,10200,5000,36,0.03725,0,0,0,0,0
2,47,11449,13318,72,0.09107358262967431,0,0,0,0,0
5,78,11940,12676,72,0.1845454545454545,0,0,1,1,1
7,38,6140,5315,60,0.04901960784313725,0,0,1,0,0
2,60,15000,16008,60,0.1468292682926829,0,0,0,1,0
0,26,5250,5250,48,0.05498602050326188,0,0,0,0,0
21,77,5800,5800,60,0.03758620689655173,0,0,0,1,0
24,45,24400,26846,84,0.1221428571428571,0,0,1,1,0
7,44,12000,10700,96,0.08484848484848485,0,0,1,1,0
20,61,14200,16699,96,0.09227272727272727,0,0,1,1,0
0,45,5689,6397,48,0.06937234544596507,0,0,0,0,1
0,24,10325,10778,60,0.1224358974358974,0,0,0,0,0
1,34,3936,4357,36,0.07111111111111111,0,0,0,0,0
2,45,3488,3488,38,0.029375,0,0,0,0,0
2,63,13510,16775,72,0.09565217391304348,0,1,1,0,1
21,80,10500,12835,72,0.1307028360049322,0,0,0,0,1
2,25,8777,8227,36,0.1404761904761905,0,0,0,0,0
15,54,6590,4506,36,0.06842105263157895,0,0,1,1,0
39,56,28310,23200,12,0.07153846153846154,0,0,1,1,0
19,81,23490,18169,60,0.11,0,0,1,1,0
6,26,7950,8095,60,0.093125,0,0,1,0,0
0,29,27790,27790,48,0.1945454545454545,0,0,0,0,1
5,55,20390,22387,72,0.1006012024048096,0,0,1,0,0
4,65,6900,4900,48,0.06225165562913907,0,0,0,0,1
6,22,10800,6800,48,0.08695652173913043,0,0,0,1,0
11,27,10353,11226,60,0.134,0,0,0,0,0
6,33,15350,16803,72,0.1254437869822485,0,0,0,0,0
0,49,13327,12327,60,0.1261111111111111,0,0,1,1,0
24,84,5892,5892,48,0.07352941176470588,0,0,0,0,1
4,44,12480,11071,36,0.06641604010025062,0,0,1,0,0
6,56,12200,12073,96,0.12,0,0,1,1,1
28,46,8870,9325,60,0.1031839622641509,0,0,1,1,0
7,72,8980,8980,36,0.1574803149606299,0,0,0,0,1
3,45,10890,5292,60,0.04043478260869565,1,0,1,0,0
1,40,15874,15874,36,0.122,0,0,1,0,0
33,53,15500,14649,60,0.05076923076923077,0,0,1,1,0
1,28,15461,15600,60,0.1052631578947368,0,0,0,0,0
4,27,10000,3615,24,0.07822620827105133,1,0,0,0,0
10,46,5490,3605,36,0.0528169014084507,0,0,1,0,0
21,56,14069,3335,36,0.06896551724137931,1,0,1,0,0
2,35,5390,6276,60,0.03499260719566289,0,0,0,1,0
2,20,7950,8710,72,0.1236363636363636,0,0,0,0,1
15,48,10000,11271,96,0.1225,0,1,1,0,0
28,56,4500,4500,36,0.05782608695652174,0,0,1,1,0
0,32,4800,4800,48,0.07096774193548387,0,0,1,0,1
5,23,22559,19184,60,0.1388888888888889,0,0,0,0,0
18,35,15290,13290,60,0.101304347826087,0,0,0,0,0
0,24,9990,9867,60,0.1376923076923077,0,0,0,0,1
2,53,13600,7699,60,0.09400544959128065,0,0,0,0,0
10,39,4200,3330,36,0.02182628062360802,0,1,1,0,1
0,29,22000,24031,72,0.1316067653276956,0,0,0,0,1
0,39,15490,12000,48,0.09033333333333333,0,0,0,0,0
0,23,3200,3200,36,0.08545454545454545,0,0,1,0,1
4,37,29990,14990,36,0.1403368083400161,0,0,1,0,0
0,45,13500,12198,48,0.03819095477386935,0,0,1,0,0
0,28,9950,9550,72,0.08764705882352941,0,0,1,0,1
0,50,9600,10519,72,0.07460815047021943,0,0,0,0,0
0,27,15000,14106,60,0.09757575757575758,0,0,0,0,1
0,39,14490,16087,60,0.12,0,0,0,0,1
3,34,11400,11199,48,0.1040268456375839,0,0,1,0,0
2,52,13133,9011,84,0.06833333333333333,0,0,0,0,1
36,64,9880,9880,36,0.128695652173913,0,0,1,0,0
12,56,5000,2090,24,0.07583333333333334,1,0,1,1,0
9,42,10270,10270,60,0.06156351791530944,0,0,1,1,0
4,59,11420,11420,54,0.07055555555555555,0,0,1,1,0
25,45,16950,8950,60,0.0875,0,0,0,1,0
3,38,13500,11800,72,0.0756,0,0,0,0,0
2,30,21990,20324,72,0.1917647058823529,0,0,1,0,1
0,24,12890,13704,72,0.1323809523809524,0,0,0,0,0
6,40,14950,16358,72,0.08035714285714286,0,0,1,0,0
18,53,12328,6723,24,0.07225,0,0,1,1,0
2,24,6300,4300,48,0.099,0,0,0,0,0
0,64,4240,4832,48,0.0773598296664301,0,1,1,0,1
1,34,12790,8621,72,0.07277777777777777,0,0,0,0,0
3,23,6750,7073,84,0.06424242424242424,0,0,0,0,1
3,31,11370,12402,60,0.1509090909090909,0,0,1,0,1
6,49,20659,21932,72,0.1365714285714286,0,0,0,0,0
4,59,9966,8403,60,0.04,0,0,0,1,0
10,32,17910,13410,48,0.1054166666666667,0,0,1,0,0
1,52,16800,17941,48,0.1360655737704918,0,0,1,1,0
7,37,4500,5027,48,0.08222222222222222,0,0,0,0,0
8,52,14030,10047,48,0.06111111111111111,0,0,0,0,0
36,56,22630,22630,72,0.09898305084745762,0,0,1,1,0
16,52,16850,16628,60,0.08452722063037249,0,0,1,1,0
0,30,19590,21705,72,0.1203941730934019,0,0,1,1,0
29,49,21900,3833,36,0.03483992467043315,1,0,1,0,1
19,44,9380,10116,48,0.12,0,0,1,1,0
2,22,14500,14500,60,0.1804054054054054,0,0,0,1,0
12,33,25107,20543,84,0.1548571428571429,0,0,0,1,0
9,63,11508,11508,96,0.0821529745042493,0,0,1,1,1
1,47,9490,8467,60,0.08833333333333333,0,0,0,0,1
1,59,3980,4294,48,0.08083333333333333,0,0,1,0,0
0,22,17500,17500,84,0.1607843137254902,0,0,0,0,0
27,57,23300,14300,60,0.1011538461538461,0,0,1,1,0
0,22,9990,9849,72,0.106353591160221,0,0,0,0,0
11,41,4957,5335,36,0.07363636363636364,0,0,0,1,0
3,27,9500,2695,24,0.08428571428571428,1,0,0,0,1
36,61,7095,7330,24,0.13125,0,0,1,1,0
2,65,16900,16847,72,0.2,0,0,1,1,0
19,50,22700,20200,60,0.1152638190954774,0,0,1,1,0
2,26,10700,6147,36,0.06666666666666667,0,0,0,0,0
0,22,10333,11181,60,0.08928571428571429,0,0,0,0,1
0,39,20900,19697,24,0.1837244133799301,0,0,0,0,1
4,59,14950,11548,60,0.09909090909090909,0,0,0,0,0
2,65,10890,11709,60,0.117363344051447,0,1,1,0,0
3,50,5970,6641,60,0.07142857142857142,0,0,1,0,0
8,55,4932,4932,36,0.08222222222222222,0,0,1,0,0
15,53,9192,9192,72,0.05103448275862069,0,0,1,1,0
1,56,7975,8586,72,0.07692307692307693,0,0,1,1,0
4,29,10700,11708,72,0.07953816549069917,0,0,0,0,0
8,52,9200,6578,48,0.105638829407566,0,0,1,1,0
0,48,10499,10499,60,0.1164705882352941,0,0,1,0,0
0,32,20770,23628,60,0.08817891373801917,0,0,1,0,1
21,45,15470,15389,60,0.138,0,0,1,1,0
16,55,14990,6340,36,0.09589743589743589,1,0,1,0,0
1,25,8000,6825,48,0.09588235294117647,0,0,0,0,1
17,63,16450,16450,60,0.135,0,0,1,0,0
5,26,5500,5740,24,0.08846153846153847,0,0,0,0,0
28,50,14490,12790,84,0.08571428571428572,0,0,1,0,1
9,34,15490,8401,48,0.07,0,0,1,1,0
1,49,13750,13012,60,0.1193877551020408,0,0,1,1,0
2,45,3784,4106,24,0.06054421768707483,0,0,1,1,0
12,47,13500,9800,60,0.08190476190476191,0,0,1,1,0
1,48,14635,19204,96,0.1925619834710744,1,0,0,0,1
12,32,14090,10822,60,0.09177820267686425,0,0,1,0,0
16,48,10800,10800,60,0.06,0,0,1,1,0
0,32,15600,17283,84,0.1026086956521739,0,0,0,0,0
0,32,12490,12490,84,0.09960384833050367,0,0,0,0,1
0,46,16560,16690,60,0.1428571428571428,0,0,1,0,0
19,40,13490,13490,96,0.0635048231511254,0,0,1,0,0
0,30,10900,8900,60,0.08648648648648649,0,0,0,0,0
26,53,11950,10950,36,0.07652173913043478,0,0,1,0,0
7,37,6237,6999,96,0.0352,0,1,0,0,1
24,61,4417,4915,48,0.04652173913043478,0,0,0,0,1
26,53,9990,6508,60,0.05760921747479597,1,0,1,1,0
23,50,22670,22670,60,0.1828571428571429,0,0,0,1,0
15,43,12925,7925,36,0.1643550624133149,0,0,1,0,0
12,74,11900,12525,60,0.1316666666666667,0,0,1,0,1
2,28,18390,15890,60,0.04479949874686717,0,0,1,1,0
7,34,5300,5095,48,0.05545023696682464,0,0,1,1,0
16,46,24590,21251,72,0.1391111111111111,0,0,1,1,0
0,57,7300,7572,72,0.07866666666666666,0,0,1,0,1
3,22,13333,11747,60,0.1361290322580645,0,0,0,0,0
14,49,10000,7690,12,0.4366666666666666,0,0,0,0,0
4,51,10950,9450,60,0.08242424242424243,0,0,1,1,1
17,49,6121,6121,36,0.091,0,0,0,0,1
1,31,8096,8096,48,0.07956521739130434,0,0,0,0,0
2,30,9246,9725,36,0.04947773501924134,0,0,1,0,0
3,24,8900,8922,60,0.105,0,0,0,0,0
6,45,15490,12484,60,0.1192708333333333,0,0,1,0,0
2,32,16990,18437,60,0.07915057915057915,0,0,1,0,1
3,27,13990,20952,96,0.1721000758150114,0,1,0,0,1
12,58,6490,4367,60,0.05118110236220472,0,0,0,0,0
11,51,7400,7400,48,0.04347826086956522,0,0,1,1,0
1,50,15990,15990,60,0.1530769230769231,0,0,0,1,0
5,48,12490,11200,60,0.075,0,0,1,1,0
12,44,9850,9949,60,0.0915,0,0,1,1,0
1,42,9576,10514,60,0.05590909090909091,0,0,0,0,0
2,18,10600,9953,60,0.2725,0,0,0,0,0
4,21,14950,17447,72,0.1555555555555556,0,0,0,0,0
0,35,19694,21668,84,0.09899569583931134,0,0,1,1,0
0,52,8000,5364,36,0.05383022774327122,0,0,1,1,0
11,51,5522,5921,36,0.1221428571428571,0,0,1,0,0
2,49,16158,10000,60,0.1236842105263158,0,0,1,1,0
26,59,15500,15500,60,0.0296,0,0,1,1,0
0,27,18900,17800,60,0.1118343195266272,0,0,0,0,0
4,47,22500,12741,84,0.12,0,0,1,1,0
3,21,6450,6450,48,0.04473684210526316,0,0,0,0,0
2,27,3143,2198,12,0.1246666666666667,0,0,0,0,0
17,47,17890,9890,24,0.1128947368421053,0,0,1,0,0
28,59,9932,11431,96,0.0576,0,0,1,1,0
7,51,12900,11400,48,0.06416666666666666,0,0,1,1,0
1,24,14050,15462,60,0.1340361445783133,0,0,1,0,1
1,32,6598,1598,24,0.02478448275862069,1,0,1,0,0
3,31,16830,18428,60,0.1431818181818182,0,0,1,0,0
0,53,8990,10258,60,0.09430379746835443,0,0,0,1,0
10,61,24450,18450,72,0.146,0,0,1,1,0
33,50,29800,27300,96,0.1523809523809524,0,0,0,0,0
2,22,10900,11061,96,0.1914285714285714,0,0,0,0,0
13,39,5599,5599,60,0.05,0,0,0,0,0
8,53,17490,13605,72,0.1630769230769231,0,0,1,1,0
0,30,18480,21558,60,0.1668814432989691,1,0,0,0,1
6,66,9085,9735,72,0.125,0,0,1,1,0
3,62,7179,7853,60,0.09,0,0,1,1,0
1,37,16000,17762,96,0.1546626231993935,0,0,0,0,1
0,27,9750,9251,60,0.1164383561643836,0,0,0,0,0
25,55,14800,16048,60,0.0926923076923077,0,0,1,1,0
4,59,16950,15816,60,0.1388888888888889,0,0,0,0,0
1,55,6990,6990,72,0.08,0,0,0,0,1
7,24,23850,22850,96,0.1556756756756757,0,0,0,0,0
9,51,4990,4990,48,0.08214285714285714,0,0,0,1,1
16,78,7250,5638,48,0.09769230769230769,0,0,0,0,0
0,21,14390,4667,24,0.09181818181818181,1,0,0,0,0
0,65,14990,11511,72,0.045,0,0,1,1,0
8,73,12750,9750,36,0.03636363636363636,0,0,1,1,0
0,66,15078,9548,60,0.05,1,0,1,1,0
1,35,21080,21080,72,0.1327586206896552,0,0,0,0,0
36,58,17165,6855,24,0.2121428571428571,1,0,0,1,0
16,60,16270,17470,60,0.11125,0,0,1,1,0
2,23,20990,18925,60,0.1607142857142857,0,0,0,0,0
0,25,3150,2925,24,0.093841642228739,0,0,0,0,1
2,30,5875,5990,60,0.07087628865979381,0,0,1,0,0
7,41,7150,7444,48,0.06086956521739131,0,0,1,0,0
9,33,16980,15286,72,0.1022727272727273,0,0,1,1,0
2,34,8115,8115,48,0.08454545454545455,0,0,1,0,1
24,40,17666,17666,36,0.1585889570552147,0,0,1,1,0
4,53,11490,9768,84,0.06333333333333334,0,0,1,1,0
16,43,9990,7319,60,0.07222222222222222,0,0,0,0,0
33,57,5682,6365,60,0.05879396984924623,0,0,0,0,0
2,41,26170,26170,72,0.08992805755395683,0,0,1,0,0
38,63,6200,5565,48,0.0361764705882353,0,0,1,1,0
12,39,24300,23100,48,0.1735483870967742,0,0,1,1,0
0,37,16500,18798,60,0.1259036144578313,0,0,0,0,1
6,29,24300,22000,60,0.08622016936104696,0,0,1,0,1
9,75,6999,6999,72,0.0699614890885751,0,0,0,1,0
2,50,11073,11073,36,0.1334677419354839,0,0,1,1,0
1,34,10450,9832,72,0.1155815654718361,0,0,1,0,0
0,36,18900,18900,60,0.1666666666666667,0,1,1,1,1
3,52,13490,14424,48,0.08391304347826087,0,0,0,1,1
5,55,4097,4331,48,0.08583333333333333,0,0,1,0,0
1,28,12500,13659,72,0.1239520958083832,0,0,0,0,0
2,65,10895,11455,60,0.08609271523178808,0,0,1,1,0
11,51,18580,16695,84,0.162,0,0,1,1,0
1,23,8990,10088,96,0.08193548387096775,0,0,0,0,1
3,52,8500,9294,36,0.08611111111111111,0,0,1,0,1
4,66,12990,12990,60,0.05023761031907671,0,0,1,0,0
11,75,20700,11700,36,0.1206896551724138,0,0,1,1,0
4,42,2657,2825,24,0.076875,0,0,1,0,0
15,50,14950,14950,96,0.1044444444444445,0,0,1,1,1
2,67,10280,11153,36,0.1923076923076923,0,0,0,0,0
16,58,15990,12344,72,0.08041666666666666,0,0,1,0,0
2,63,13990,13990,60,0.1028,0,0,1,0,1
0,25,13500,13500,36,0.0875,0,0,0,0,0
4,35,8990,8791,84,0.0577319587628866,0,0,1,0,0
9,33,24885,22535,60,0.08358098068350668,0,0,1,1,0
29,61,12500,9800,72,0.07476190476190477,0,0,1,1,1
2,57,9950,9950,96,0.1373626373626374,0,0,0,0,0
2,21,20990,20267,48,0.264,0,0,0,0,0
37,53,10261,11670,60,0.09727272727272727,0,0,1,0,0
19,50,21200,6500,48,0.08647058823529412,1,0,1,0,0
9,37,4000,3759,36,0.08538461538461538,0,0,0,0,0
1,20,15078,15217,60,0.1318518518518519,0,0,0,0,1
6,36,11210,12405,60,0.05692307692307692,1,0,1,1,0
0,50,12490,12490,60,0.0624,0,0,1,1,0
6,33,15079,15769,72,0.08777777777777777,1,0,1,0,1
30,51,18875,20611,72,0.07827586206896552,0,0,1,0,1
0,34,4100,4100,36,0.08991228070175439,0,0,1,0,0
6,57,4850,3975,36,0.08357142857142857,0,0,0,0,0
2,30,11387,11526,60,0.05413223140495868,0,0,0,0,0
9,47,20990,15459,60,0.1129166666666667,0,0,0,0,0
5,36,14150,14150,60,0.04551661356395084,0,0,1,1,0
8,39,12100,9497,60,0.09057971014492754,0,0,0,0,0
12,48,29500,24000,60,0.075,0,0,1,1,0
16,49,30180,24301,72,0.1516,0,0,1,1,0
11,29,29079,28079,72,0.1482849604221636,0,0,1,0,0
9,44,26000,13000,72,0.07058414464534075,0,0,1,1,0
9,40,16085,11085,48,0.05835667600373483,0,0,0,1,0
1,50,8200,8882,60,0.09142857142857143,0,0,0,0,0
8,29,7995,8660,60,0.09685534591194969,0,0,1,1,0
3,62,14600,10800,60,0.1816666666666667,0,0,1,1,0
2,40,11268,12152,48,0.1395112016293279,0,1,0,0,0
1,33,22619,23409,60,0.1220833333333333,0,0,1,0,0
12,35,11000,7980,48,0.11,0,0,0,1,0
1,51,5990,6940,72,0.07428571428571429,0,0,1,0,0
1,24,25500,25810,72,0.1473684210526316,0,0,0,0,1
24,80,8093,8093,60,0.093125,0,0,1,1,0
0,35,6990,4840,48,0.05027173913043478,0,0,1,0,0
21,56,6500,5869,60,0.09166666666666666,0,0,0,1,1
33,49,13990,16761,96,0.1052631578947368,0,0,1,0,0
2,63,20590,17590,60,0.1088962716869694,0,0,1,0,0
33,68,3246,3409,24,0.05214285714285714,0,0,1,1,0
11,28,10500,6093,84,0.02980251346499102,0,0,1,1,0
0,21,4500,4500,36,0.07388888888888889,0,0,0,0,1
35,55,23723,12548,48,0.08454545454545455,1,0,1,1,0
0,20,21600,21612,72,0.2552,0,0,0,0,0
4,70,7000,7288,48,0.09588235294117647,0,0,0,1,0
1,46,11194,11194,36,0.1272166538164996,0,0,1,0,0
29,46,16809,16939,72,0.09317073170731707,0,0,1,1,0
33,49,19630,13532,24,0.07051691129546905,1,0,1,1,0
5,70,15740,11004,60,0.1279220779220779,0,0,1,1,0
1,26,15300,17038,48,0.1436198611852643,0,0,0,0,0
0,35,23090,25138,72,0.1558018252933507,0,0,0,0,0
6,49,24000,23000,60,0.1511335012594459,0,0,1,1,0
10,39,12950,9950,60,0.08116883116883117,0,0,1,0,0
5,29,5500,5500,36,0.108,0,1,0,0,0
1,25,13210,11900,60,0.1010479041916168,0,0,0,0,0
5,30,13990,16528,84,0.08608205953338696,0,0,1,1,1
0,27,13550,14796,72,0.0801583374567046,0,0,0,0,0
2,19,22990,26120,84,0.2453333333333333,0,0,0,0,1
16,43,4990,4316,48,0.1174418604651163,0,0,1,1,0
21,61,5500,5500,24,0.0744047619047619,0,0,1,0,0
1,41,12500,13965,96,0.06865912762520193,0,0,1,1,1
1,47,6100,6572,36,0.1599366587490103,0,0,0,0,1
1,39,1600,1600,24,0.04922644163150492,0,0,0,0,0
9,48,9130,3990,36,0.2681818181818182,1,0,1,0,0
14,78,12100,12100,48,0.1853333333333333,0,0,0,0,1
9,50,4490,4490,48,0.1144444444444444,0,0,1,1,0
3,32,13000,3000,24,0.08176100628930817,1,0,1,1,0
5,30,16900,12148,36,0.176056338028169,0,0,1,0,0
9,42,11990,14238,84,0.1121387283236994,0,0,1,0,1
19,84,7000,7216,36,0.1167567567567568,0,0,1,1,0
24,79,4500,2500,24,0.08011869436201781,0,0,0,0,1
1,57,12500,13194,48,0.08222222222222222,0,0,0,0,1
0,58,8100,8567,60,0.08758620689655172,0,0,0,0,0
0,29,11290,12084,48,0.07979002624671916,0,0,1,0,0
2,26,7750,8829,60,0.1314741035856574,0,0,0,0,0
4,57,5012,5282,48,0.1081818181818182,0,0,1,0,0
11,33,21990,8590,36,0.1285,1,0,1,0,0
10,39,12180,7000,48,0.05794947994056464,0,0,1,0,0
21,53,10300,10300,60,0.0776,0,0,1,0,0
0,20,9400,8400,72,0.1190909090909091,0,0,0,0,1
23,58,18142,18142,72,0.12,0,1,0,0,0
0,37,25400,28502,96,0.1948968512486428,0,0,1,0,1
20,58,20990,17390,84,0.0926923076923077,0,0,1,1,0
3,23,23000,23000,60,0.0975,0,0,1,1,1
1,48,11440,10181,72,0.1158620689655172,0,0,0,0,0
2,23,28101,28101,72,0.1941176470588235,0,0,0,0,0
0,25,6850,6850,48,0.0888235294117647,0,0,0,0,0
22,63,16650,15804,60,0.1088235294117647,0,0,1,0,0
14,52,9400,9400,24,0.08095238095238096,0,0,0,1,0
9,77,19990,19990,72,0.1114808652246256,0,0,1,0,1
19,38,5890,6400,60,0.06599552572706935,0,0,0,1,0
24,51,4100,3500,48,0.04444444444444445,0,0,1,1,0
0,26,10750,13021,96,0.1172413793103448,0,0,0,0,1
0,31,25480,27648,60,0.134453781512605,0,0,1,0,0
21,56,11450,11667,60,0.08788501026694046,0,0,1,1,0
42,59,20975,15000,72,0.1139795421334632,0,0,1,1,0
0,19,9190,9581,60,0.1014814814814815,0,0,0,0,1
9,48,7300,5759,60,0.255421686746988,0,0,1,1,0
28,49,7133,7266,24,0.1232558139534884,0,0,1,1,0
2,65,11494,2819,24,0.05454545454545454,1,0,1,0,0
1,21,13950,14827,60,0.1212121212121212,0,0,1,0,1
7,45,6479,7259,48,0.09737609329446065,0,0,1,1,0
3,32,10900,10900,48,0.08434343434343435,0,0,0,0,0
19,40,13000,11500,96,0.04308176100628931,0,0,1,1,0
14,32,9200,9200,72,0.06651053864168618,0,0,0,0,0
10,34,6500,4957,72,0.03727272727272727,0,0,1,1,0
29,59,27900,10878,36,0.09404761904761905,1,0,1,1,0
21,67,8681,8681,36,0.1706666666666667,0,0,1,0,0
8,53,13949,15011,84,0.1202346041055719,0,0,1,0,0
21,54,4750,4750,24,0.103,0,0,1,1,0
0,44,11140,11140,60,0.09740259740259741,0,0,1,0,0
0,49,16450,16450,60,0.155,0,0,0,0,0
9,50,27789,27789,72,0.1068,0,0,0,1,0
0,23,6990,6893,72,0.05703703703703704,0,0,0,0,1
4,37,18900,15628,60,0.1344,0,0,0,1,0
27,54,11790,11790,72,0.09125,0,0,1,1,0
0,31,17303,17303,72,0.1301605504587156,0,0,0,1,1
1,31,5150,5549,36,0.1590697674418605,0,0,0,0,1
17,78,12500,13014,48,0.09320388349514563,0,0,1,0,0
6,36,15885,14949,60,0.1047120418848168,0,0,1,0,1
2,26,12690,12569,60,0.1255555555555556,0,0,0,0,0
0,39,5500,5886,24,0.06521739130434782,0,0,0,0,0
7,34,15780,16998,72,0.1048522030117122,0,0,1,0,0
8,49,17600,3858,36,0.03254437869822485,1,0,1,1,0
0,21,7090,6579,48,0.1339130434782609,0,0,0,0,0
7,54,8100,8716,48,0.1528,0,0,0,0,0
0,29,13696,13855,60,0.07413719642096293,0,0,0,0,0
7,43,8950,7604,72,0.0612565445026178,0,0,1,0,0
4,47,10400,5000,36,0.1225,1,0,1,1,0
31,56,13450,10798,60,0.1007792207792208,0,0,0,0,0
12,29,28900,27937,36,0.08999280057595392,0,0,1,1,0
1,50,14500,10887,60,0.04530874097834803,0,0,1,1,0
3,51,13807,12076,36,0.2489655172413793,0,0,1,0,1
25,52,20489,15000,60,0.05714285714285714,1,0,1,1,0
2,20,13195,16129,60,0.2018181818181818,0,0,0,0,1
0,26,16985,18290,48,0.3107692307692307,0,0,1,0,0
3,66,9873,2873,12,0.1689655172413793,1,0,1,0,0
16,61,16568,16568,72,0.0692,0,0,1,1,0
18,46,12500,9653,48,0.03865979381443299,0,0,1,1,1
1,37,7250,2845,48,0.032,1,0,0,0,0
0,24,4900,3423,24,0.125,0,0,0,0,0
24,44,9000,9834,72,0.07891949152542373,0,0,1,1,0
7,30,9070,9638,96,0.06228571428571428,0,0,0,0,0
4,53,11400,8915,60,0.05076923076923077,0,0,1,1,0
2,56,8800,8800,24,0.1414814814814815,0,0,0,0,0
17,52,9000,10650,84,0.07777777777777778,0,0,0,0,0
1,28,24790,23504,60,0.1556756756756757,0,0,0,0,1
27,48,4919,5510,48,0.0605,0,0,1,1,0
20,56,4000,4000,36,0.08571428571428572,0,0,1,0,0
8,53,8212,8730,24,0.2617403314917127,0,0,1,0,0
18,63,8990,4400,48,0.07071428571428572,1,0,1,0,0
17,77,19500,16500,60,0.1097142857142857,0,0,1,1,0
14,74,7980,7278,48,0.06662395900064061,0,0,0,1,0
26,57,14670,17804,72,0.1437837837837838,0,0,1,0,0
3,36,5990,6872,48,0.07990735379270411,0,0,1,0,0
0,22,13950,15986,60,0.1647139903514817,0,0,0,0,0
20,53,5990,6949,72,0.0525,0,0,0,0,1
0,36,14990,14580,72,0.1146112600536193,0,0,0,0,0
27,51,9690,9690,48,0.106951871657754,0,0,1,0,0
0,41,16090,8590,36,0.1245161290322581,0,0,0,0,0
1,25,20000,20000,72,0.1111111111111111,0,0,1,0,1
2,34,10200,11068,60,0.1365591397849462,0,0,1,0,0
37,56,13900,14765,60,0.09283154121863799,0,0,0,0,0
5,25,14690,14152,72,0.1278571428571429,0,0,0,0,0
2,21,8600,9583,48,0.07272727272727272,0,0,0,0,0
21,82,13900,5900,48,0.1146551724137931,1,0,1,1,0
4,52,11990,11870,48,0.1516666666666667,0,0,1,1,0
2,32,7600,7600,60,0.0572,0,0,0,0,1
21,40,14490,10738,48,0.06526104417670683,0,0,0,1,0
44,63,9900,8900,60,0.09933333333333333,0,0,0,0,0
7,35,27095,26614,72,0.1497297297297297,0,0,1,1,0
0,26,6700,3433,36,0.1,0,0,0,0,0
3,23,14990,16451,72,0.1484615384615385,0,0,0,0,0
20,42,29780,29780,36,0.1367983367983368,0,0,1,1,0
0,59,15750,13905,72,0.1758333333333333,0,0,1,0,0
2,64,10250,9109,72,0.044375,1,0,1,1,0
53,76,10830,4800,72,0.04411764705882353,1,0,1,0,0
7,44,6200,6315,60,0.0595,0,0,0,1,0
9,37,10890,9178,48,0.03496260219168551,0,0,1,0,0
6,28,22368,19483,60,0.1538461538461539,0,0,1,0,0
35,54,11000,5364,36,0.05873493975903615,0,0,0,1,0
19,74,15900,16791,72,0.1081186572989852,0,0,0,1,1
31,59,16400,11923,48,0.08245445829338446,0,0,1,0,0
5,25,21990,22105,60,0.1297297297297297,0,0,1,0,0
1,24,17970,21228,72,0.1375485302273988,0,0,0,1,1
1,30,13770,16533,96,0.134,0,0,1,0,0
2,68,10408,10408,59,0.1752941176470588,0,0,1,1,0
3,53,24000,20614,60,0.1388888888888889,0,0,0,0,0
2,26,5240,3807,12,0.04177109440267335,0,0,1,0,0
0,27,8990,9893,72,0.089375,0,0,0,0,0
31,48,28390,14390,48,0.1851428571428571,0,0,1,1,0
24,45,6790,4950,48,0.05622489959839357,0,0,0,0,1
43,59,11839,3954,36,0.05451127819548872,1,0,1,0,0
1,31,7290,8305,60,0.1077777777777778,0,0,0,0,0
9,54,8222,8934,60,0.08224674022066199,0,0,1,0,0
2,24,15490,15490,72,0.1375690607734807,0,0,0,1,1
3,29,6900,7467,60,0.0778371954842543,0,0,1,0,0
4,45,8480,3795,36,0.02898936170212766,1,0,1,0,0
0,21,8900,8965,48,0.1056410256410256,0,0,0,0,1
9,52,6990,6441,48,0.08235294117647059,0,0,0,0,0
3,29,8830,9845,48,0.1142857142857143,0,1,0,0,1
10,74,8999,6599,36,0.03396551724137931,0,0,1,1,0
5,34,20980,15780,36,0.12,0,0,1,0,0
5,34,9266,9266,48,0.1095238095238095,0,0,0,0,0
7,35,19253,19611,60,0.04901960784313725,0,0,1,1,0
15,52,7120,6266,48,0.1605136436597111,0,0,1,1,0
4,58,21860,20860,96,0.1140667267808837,0,0,1,0,0
2,67,3300,3917,60,0.0592,0,0,1,1,0
5,44,2229,2251,12,0.09217474795967355,0,0,1,0,0
2,57,9700,10240,48,0.08564102564102564,0,0,0,1,1
2,30,5050,5164,48,0.0595,0,0,1,0,0
4,61,10990,8721,60,0.1256,0,0,1,1,0
1,20,13000,13533,72,0.1616,0,0,0,0,0
9,31,10150,6168,36,0.1011111111111111,0,0,0,0,0
26,48,8800,8800,60,0.05208333333333334,0,0,1,0,0
23,50,8650,5150,60,0.04619047619047619,1,0,1,1,0
1,18,10600,11606,60,0.1845454545454545,0,0,0,0,1
1,32,14390,15856,60,0.08207934336525308,0,0,0,0,1
30,58,8700,2347,12,0.08652173913043479,1,0,1,1,0
3,33,8866,8866,48,0.07861635220125786,0,0,0,0,0
4,51,8237,4357,60,0.03346938775510204,0,0,1,1,0
0,26,17750,17750,96,0.1294797687861272,0,0,1,0,0
2,37,22690,24554,60,0.1829787234042553,0,0,1,0,0
6,31,5500,5923,48,0.1190909090909091,0,0,0,0,0
2,38,16790,18473,84,0.1183550651955868,0,0,1,0,0
2,21,16790,18457,60,0.1226190476190476,0,0,0,0,0
16,55,3032,3032,15,0.129746835443038,0,1,0,0,1
1,44,12130,7033,48,0.076875,1,0,0,0,0
17,59,10950,10950,48,0.0976470588235294,0,0,0,0,0
3,53,13489,11098,60,0.09727272727272727,0,0,1,0,0
13,64,7490,6354,24,0.1415384615384615,0,0,1,1,1
2,43,14260,16582,72,0.09609756097560976,0,0,0,0,0
10,49,11900,13210,96,0.06204081632653061,0,0,0,0,0
6,33,23989,19989,72,0.04656923458013376,0,0,1,1,0
11,45,13790,13900,96,0.13203125,0,0,1,1,0
0,21,4500,1894,12,0.1044585987261147,1,0,0,0,0
3,21,8250,5806,84,0.05492957746478874,0,0,0,0,0
24,54,18789,18490,60,0.06526315789473684,0,0,1,1,1
18,55,7700,2200,24,0.04,1,0,1,1,0
2,67,5990,1688,12,0.08057142857142857,1,0,1,0,0
7,37,6602,6602,36,0.05733333333333333,0,1,0,0,0
7,45,16950,16950,96,0.1265984654731458,0,0,1,0,0
12,58,5098,5378,48,0.05904761904761905,0,0,0,0,0
1,27,8055,4055,36,0.03286908077994429,0,0,0,0,0
22,38,17800,16100,72,0.06716697936210131,0,0,0,1,0
27,45,8933,9692,24,0.2338888888888889,0,0,1,0,0
8,52,24711,28946,72,0.1657458563535912,0,0,0,0,1
8,30,17150,12750,60,0.06086956521739131,0,0,0,0,1
12,49,18900,17819,60,0.1987878787878788,0,0,1,1,0
0,41,10900,6343,36,0.04502369668246445,0,0,1,1,0
4,47,14600,5412,36,0.1033333333333333,1,0,0,0,0
0,19,11990,13060,60,0.1563636363636364,0,0,0,0,1
28,58,15069,11184,60,0.06478260869565218,0,0,0,1,0
2,26,20100,16100,48,0.07366849178695868,0,0,1,0,0
25,49,10140,11826,72,0.05208333333333334,0,0,0,1,0
6,41,7700,8183,24,0.0706,0,0,1,0,0
16,76,6885,6949,12,0.1583333333333333,0,0,0,1,0
1,26,11390,12331,72,0.08297872340425531,0,0,0,0,0
0,24,15700,17466,96,0.1457142857142857,0,0,0,0,0
1,52,11903,7403,24,0.04775549188156638,0,0,1,0,0
7,56,8440,9425,60,0.11,0,0,1,0,0
0,20,27980,27980,60,0.2520193861066236,0,0,0,1,0
0,39,4750,4826,36,0.1297148114075437,0,0,0,0,1
0,45,22390,22390,60,0.1427272727272727,0,0,0,0,1
5,55,5570,6350,48,0.07948860478043357,0,0,1,0,0
9,55,4775,2575,12,0.088,0,0,0,1,0
30,48,5900,5900,72,0.3166666666666667,0,0,1,0,0
1,64,13994,14626,60,0.1232258064516129,0,0,0,1,1
1,18,6200,6845,36,0.1496296296296296,0,0,0,0,1
4,41,7609,7836,60,0.09592326139088729,0,0,0,0,0
8,45,7200,6147,48,0.03766937669376694,0,0,1,1,0
4,46,16000,15592,60,0.113349131121643,0,0,1,0,0
8,30,18990,20670,72,0.08380112269446673,0,0,1,1,0
36,58,27790,27627,60,0.1178571428571429,0,0,0,1,0
1,22,17850,13092,36,0.1058823529411765,0,0,1,1,0
8,43,6850,5351,60,0.05771495877502945,0,0,0,1,0
3,67,13495,11495,48,0.1201923076923077,0,0,1,1,0
3,23,22422,22672,60,0.1413043478260869,0,0,0,0,0
2,67,13000,11000,96,0.072,0,0,1,0,0
4,23,7701,7701,72,0.06857142857142857,0,0,0,0,0
31,52,15840,15840,48,0.09136363636363637,0,0,0,0,0
25,59,5546,5546,36,0.0877005347593583,0,0,1,0,0
0,43,15990,15572,60,0.09974905897114178,0,0,0,0,0
21,64,19990,20322,72,0.13375,0,0,0,0,0
0,22,9990,11385,60,0.1604197901049475,0,0,0,0,1
4,53,16990,13990,60,0.1316666666666667,0,0,1,0,0
4,59,15990,15990,96,0.202,0,0,1,0,0
2,33,15990,17661,72,0.1074418604651163,0,0,0,0,1
2,40,23780,26125,96,0.1761111111111111,0,0,0,0,1
10,63,26170,10364,48,0.13,1,0,1,0,0
2,56,13200,9122,72,0.1272727272727273,0,0,1,0,0
37,54,11485,13358,72,0.0774385703648548,0,0,0,1,0
7,44,11900,11114,48,0.09096774193548388,0,0,1,0,0
2,25,6990,5790,48,0.05248618784530387,0,0,1,0,0
2,54,6500,2400,24,0.07,1,0,1,1,0
10,73,11590,7590,36,0.1425806451612903,0,0,1,1,0
2,20,15990,15990,96,0.1335095836087244,0,0,0,0,1
0,23,12950,13781,24,0.1345,0,1,0,0,1
0,48,22262,22469,60,0.2729032258064516,0,0,1,0,0
1,66,14500,12000,48,0.08624708624708624,0,0,0,1,0
41,59,13250,14102,60,0.09571428571428571,0,0,1,0,0
3,20,8200,5200,48,0.07531645569620253,0,0,0,0,0
13,58,3290,2481,12,0.1071428571428571,0,0,1,1,0
7,57,23800,20000,48,0.1414285714285714,0,0,1,1,1
4,43,9519,11089,72,0.0981012658227848,0,0,0,0,1
25,51,23600,14645,48,0.108,1,0,0,0,0
5,25,17098,18981,96,0.1282352941176471,0,0,0,0,0
14,48,15390,5217,96,0.04357142857142857,1,0,0,0,0
16,46,44743,14596,24,0.1848341232227488,1,0,1,1,0
0,26,5990,6721,48,0.1308333333333333,0,0,0,0,1
9,36,16000,16000,48,0.0988,0,0,1,0,0
0,30,5990,5640,48,0.1015384615384615,0,0,0,0,1
1,33,19510,17100,96,0.1341935483870968,0,0,0,0,0
8,52,9690,4690,48,0.06111111111111111,0,0,0,1,0
26,61,13690,13346,36,0.2282352941176471,0,0,1,0,0
0,38,11890,8555,60,0.1066481994459834,0,0,0,0,0
4,46,12300,11374,84,0.1071428571428571,0,0,0,0,0
7,36,18500,2500,24,0.03540414161656646,1,0,1,0,0
8,31,22990,16490,60,0.1003344481605351,0,0,1,0,0
9,58,13990,14950,60,0.1245454545454545,0,0,1,0,0
1,45,10500,11164,48,0.047,0,0,1,1,0
5,67,6712,7226,24,0.03807692307692308,0,0,1,1,0
16,53,21760,23829,60,0.10024364775496,0,0,1,1,0
16,68,15980,8980,48,0.0808,0,0,1,1,0
24,82,6680,6300,36,0.1105882352941177,0,0,0,1,0
6,46,23990,29502,48,0.1856521739130435,0,1,1,0,0
9,52,18990,10990,60,0.1091891891891892,0,0,0,0,0
1,43,7669,7955,48,0.061,0,1,0,0,0
2,29,7700,6700,48,0.05592592592592593,0,0,0,0,0
15,42,4529,4864,36,0.09225806451612903,0,0,0,1,0
9,68,4126,4126,60,0.05923076923076923,0,0,0,0,0
26,45,6787,7304,36,0.06019522776572668,0,0,1,0,0
1,24,7990,8556,36,0.1703703703703704,0,0,1,0,1
25,49,14623,14623,48,0.1736842105263158,0,0,0,1,0
5,30,16900,16900,72,0.1358823529411765,0,0,1,0,0
1,42,22600,20600,60,0.2857142857142857,0,0,1,0,0
0,61,21800,21612,60,0.2063829787234042,0,0,1,0,0
1,60,10050,9868,60,0.07214285714285715,0,0,1,0,0
1,40,17490,19077,60,0.1139919535091641,0,0,1,1,0
6,42,6890,1590,24,0.04004576659038902,1,0,0,0,0
41,61,15990,15990,36,0.295,0,0,0,0,0
1,44,12487,11429,72,0.1344,0,0,1,1,0
0,28,22490,16141,24,0.12,0,0,1,0,0
0,30,20950,22352,48,0.1577777777777778,0,0,1,0,0
2,49,8490,5631,36,0.09529411764705882,0,0,0,0,1
1,66,6990,6942,36,0.1078947368421053,0,0,1,1,0
9,28,22910,25744,60,0.1068672839506173,1,0,1,0,0
4,21,10900,10081,60,0.152,0,0,0,0,1
8,37,21990,16990,48,0.1324152542372881,0,0,1,0,0
10,43,10985,5000,24,0.1211111111111111,1,0,1,1,0
1,53,15990,10990,60,0.1818181818181818,0,0,1,1,0
2,25,14800,17144,72,0.1488235294117647,0,0,0,0,0
5,52,6250,5250,60,0.04,0,0,1,1,0
4,34,8650,8650,60,0.08716577540106951,0,0,1,1,0
2,35,11770,12230,72,0.1037367540435025,0,0,1,0,0
10,29,8500,6059,72,0.04545454545454546,0,0,1,1,0
2,35,9780,11655,84,0.1030150753768844,0,0,0,0,1
5,59,9500,9937,36,0.2424496644295302,0,0,0,0,1
6,29,16500,16102,72,0.125,0,0,1,1,0
4,47,6717,7504,96,0.04343675417661098,0,0,0,0,1
13,56,19250,15017,48,0.1356,0,0,1,1,0
13,43,21700,9700,60,0.09891891891891892,1,0,0,0,0
0,24,9990,9090,60,0.1269230769230769,0,0,0,0,1
15,53,8938,9711,60,0.089,0,0,1,1,0
0,57,8490,9942,72,0.05063868613138686,0,0,1,1,1
1,45,12994,13963,72,0.09085714285714286,0,0,1,0,0
2,55,15487,16361,72,0.125,0,0,0,0,0
21,42,15400,11400,36,0.0815,0,0,1,1,0
9,41,12400,9453,60,0.06214285714285715,0,0,1,0,0
4,33,9890,8227,60,0.03743589743589744,0,0,0,0,0
3,27,18800,18800,72,0.1226315789473684,0,0,0,0,0
8,40,15800,10800,48,0.1540372670807453,0,0,0,0,0
5,70,5425,5425,24,0.0952,0,0,1,0,0
0,48,15000,15000,36,0.1231986436846567,0,0,1,1,0
3,19,27706,27822,60,0.2,0,0,0,0,0
19,47,19900,10757,60,0.09428571428571429,1,0,1,0,0
16,48,27840,8000,24,0.08725,1,0,1,1,0
19,53,11869,11869,48,0.1092,0,0,0,0,0
8,50,11990,4398,36,0.1163636363636364,1,0,0,0,0
2,65,20900,15900,96,0.1094736842105263,0,0,1,1,0
10,74,13990,14140,84,0.1530769230769231,0,0,1,1,0
2,18,14200,6000,24,0.1457142857142857,1,0,0,0,0
3,50,10990,10301,60,0.06666666666666667,0,0,1,0,0
4,38,16985,16985,60,0.1904153354632588,0,0,0,1,0
2,42,13190,14510,60,0.06839945280437756,0,0,0,0,1
1,33,4990,5427,60,0.07214285714285715,0,0,1,0,1
2,33,22500,22500,60,0.18,0,0,0,1,1
10,64,7309,3514,24,0.1811764705882353,1,0,1,0,0
4,69,8790,3886,12,0.1103333333333333,1,0,1,1,0
16,54,6502,6502,48,0.05104166666666667,0,0,1,1,0
19,52,14560,9775,48,0.02225189141076991,0,0,1,1,0
0,21,18400,20647,96,0.1857142857142857,0,0,0,0,0
12,75,12480,8480,36,0.07676455435342606,0,0,0,1,0
5,54,9190,10578,60,0.09009009009009009,0,0,0,1,0
16,52,17500,14500,48,0.1189285714285714,0,0,0,0,0
9,27,9985,11781,96,0.08153846153846153,0,0,1,1,1
8,24,13990,15958,60,0.09425837320574162,0,0,0,0,1
0,36,24340,25489,72,0.08043626448534424,0,0,1,0,0
10,60,11200,5200,24,0.171,0,0,1,0,0
8,55,10980,8138,36,0.1072727272727273,0,0,0,1,0
1,46,25590,22877,60,0.1869565217391304,0,0,0,0,0
0,19,13900,13900,48,0.1075,0,0,0,0,0
1,29,11370,12176,48,0.07284172661870504,0,0,1,0,0
0,45,11990,11990,72,0.09113924050632911,0,0,1,1,0
6,25,13990,13990,84,0.119375,0,0,0,0,0
15,45,7835,8414,36,0.1569620253164557,0,0,0,1,0
23,58,5590,5590,36,0.06549019607843137,0,0,1,1,0
13,32,9300,10334,96,0.08689655172413793,0,0,0,0,1
1,41,25900,16900,60,0.109,0,0,1,0,0
27,56,5490,5850,60,0.0432,0,0,1,0,0
0,59,16980,10000,36,0.059,0,0,1,1,0
12,51,12490,10895,60,0.0847457627118644,0,0,1,0,0
11,50,6500,6128,48,0.05227272727272727,0,0,1,1,0
0,27,12690,13866,72,0.14,0,0,0,0,0
1,49,13333,8833,60,0.04347826086956522,0,0,1,0,0
4,33,6990,4516,36,0.0752262443438914,0,0,0,0,1
0,23,20639,21487,48,0.182,0,0,0,0,1
3,54,17856,11785,60,0.135625,0,0,1,1,0
0,21,18300,19359,60,0.1441885964912281,0,0,0,0,0
20,49,7990,8100,36,0.1593333333333333,0,0,1,1,0
7,63,14295,15583,72,0.1323119777158774,0,0,0,1,1
5,65,4090,2590,24,0.09666381522668947,0,0,0,0,0
26,43,4524,4853,36,0.08255269320843091,0,0,1,1,0
33,58,22000,22000,48,0.08996655518394649,0,0,0,1,0
6,77,17600,17600,60,0.2195367573011077,0,0,1,1,0
0,30,20490,13690,60,0.07107142857142858,0,0,0,0,0
0,38,14069,14712,96,0.1022592152199762,0,0,1,0,0
2,46,4700,2967,24,0.131,1,0,1,1,0
27,58,2650,2741,24,0.05619047619047619,0,0,1,1,0
5,36,8154,8622,36,0.05076628352490421,0,0,1,0,0
15,55,9950,5316,36,0.1652631578947368,1,0,1,0,0
9,49,12800,10800,60,0.09025270758122744,0,0,1,1,0
18,56,16490,4695,36,0.06428571428571428,1,0,0,1,0
0,36,4700,4700,12,0.1481481481481481,0,0,0,0,0
1,67,11215,7865,60,0.164367816091954,0,0,1,1,0
19,65,7974,7974,48,0.09888888888888889,0,0,1,0,1
4,54,12990,5359,36,0.09059633027522936,0,0,1,0,0
18,55,13000,8000,12,0.6702970297029703,0,0,1,0,0
3,59,10500,11259,60,0.1153846153846154,0,0,0,0,0
1,47,19190,15662,72,0.05961538461538462,0,0,1,0,0
10,47,6975,4124,36,0.07028571428571428,0,0,0,1,0
17,39,8900,9584,48,0.1009523809523809,0,0,0,0,0
11,50,9700,5037,36,0.1135646687697161,0,0,1,0,0
25,56,6202,6535,24,0.07025,0,0,1,0,0
11,48,14380,14380,72,0.1038095238095238,0,0,1,0,0
7,55,15100,15100,96,0.08382978723404255,0,0,0,0,0
5,29,18990,19798,72,0.2133333333333333,0,0,0,0,1
4,27,15290,12611,48,0.1290322580645161,0,0,0,0,0
15,37,14440,9850,72,0.06416666666666666,0,0,1,0,0
3,39,21475,20327,72,0.1620253164556962,0,0,0,0,0
5,50,11475,3196,12,0.2445454545454545,1,0,1,1,0
0,63,6800,3800,24,0.1481818181818182,0,0,1,1,0
25,61,4850,5397,48,0.0468,0,0,1,1,0
1,28,10000,10957,72,0.08333333333333333,0,0,0,0,1
0,43,21600,22295,48,0.1204,0,0,1,1,0
15,41,5811,3900,48,0.02835538752362949,1,0,1,1,0
38,59,19990,14990,60,0.052,0,0,0,1,0
17,45,21500,11000,48,0.07695652173913044,1,0,1,1,0
11,31,20493,22459,72,0.1138025594149909,0,0,1,1,0
1,30,25490,27583,60,0.07057416267942583,0,0,1,0,0
0,37,12490,14046,96,0.1384615384615385,0,0,1,0,1
0,23,12370,3849,24,0.1375,1,0,0,0,0
25,58,15617,17055,48,0.1933333333333333,0,0,1,1,0
29,49,28990,21500,72,0.06430678466076696,0,0,1,1,0
1,26,17950,16950,60,0.1122222222222222,0,0,0,0,0
16,77,11890,6445,60,0.08642857142857142,0,0,0,1,0
16,38,5500,3500,60,0.05108359133126935,0,0,0,0,0
32,51,15990,8500,48,0.07111111111111111,0,0,1,1,0
14,73,9750,10114,48,0.1054545454545455,0,0,1,1,0
6,47,12359,14067,60,0.07035714285714285,0,0,0,0,0
13,48,8839,8839,48,0.126875,0,0,0,0,0
19,54,13900,13900,72,0.06869565217391305,0,0,1,0,0
11,30,12500,11964,60,0.1858333333333333,0,0,0,0,0
13,53,16000,5500,36,0.09696969696969697,1,0,0,0,0
9,51,25150,23968,60,0.1523076923076923,0,0,1,0,1
1,27,8900,9642,48,0.1516150296638102,0,0,0,0,1
6,25,8262,9249,48,0.1435714285714286,0,0,0,0,0
5,22,10800,11823,72,0.08705882352941176,0,0,0,0,0
19,57,5566,5566,36,0.04549019607843137,0,0,0,1,0
3,48,19395,13440,60,0.1721428571428572,0,0,1,1,0
14,39,5000,5610,48,0.08389261744966443,0,0,0,1,0
0,37,15150,8940,60,0.07,1,0,1,0,0
25,52,13890,15100,60,0.1506666666666667,0,0,1,0,0
4,46,29900,4290,12,0.1226351351351351,1,0,1,0,0
5,26,5550,3275,36,0.05878787878787878,1,0,0,0,0
1,52,11990,11432,72,0.1056603773584906,0,0,1,0,0
19,49,3250,3592,36,0.04351464435146443,0,0,1,1,0
20,80,6862,6862,48,0.09426987060998152,0,0,0,0,0
20,53,12300,10300,48,0.08,0,0,0,1,0
1,30,12500,12500,60,0.06739130434782609,0,0,0,0,0
5,54,12990,14897,60,0.1427536231884058,0,0,1,1,0
18,42,9740,10541,96,0.05632582322357019,0,0,0,0,0
3,68,14410,14410,72,0.1066666666666667,0,0,1,0,0
5,59,17000,14614,36,0.1,0,0,1,0,0
4,64,12990,12198,36,0.1092160383004189,0,0,1,0,0
9,49,15350,11345,48,0.03484848484848485,0,0,1,0,0
13,32,14490,12490,60,0.103125,0,0,0,0,0
29,47,12100,11100,48,0.1372017353579176,0,0,1,0,0
6,59,9400,10000,60,0.08136363636363636,0,0,1,1,0
2,41,22329,26658,96,0.1212248322147651,0,0,1,0,0
14,52,13100,12992,96,0.1171428571428571,0,0,1,1,0
9,27,9150,7000,48,0.09470588235294118,0,0,0,0,0
4,67,18750,6700,24,0.17,1,0,0,1,0
9,70,17750,10000,60,0.05,0,0,1,1,0
8,39,6000,5370,36,0.05448275862068966,0,0,1,0,1
0,66,16990,14143,60,0.1428571428571428,0,0,1,1,0
35,51,23990,17000,72,0.1050209205020921,0,0,1,1,0
0,40,3990,2213,24,0.0410958904109589,0,0,1,0,1
40,56,13500,17013,60,0.1164,0,0,1,1,0
1,31,27390,27390,60,0.1133379405666897,0,0,1,0,0
2,53,3990,4119,48,0.04318181818181818,0,0,0,1,0
5,36,9088,9758,48,0.1217647058823529,0,0,1,0,0
31,66,13550,10550,84,0.06545454545454546,0,0,1,1,0
0,25,8500,9050,36,0.1025641025641026,0,0,0,0,0
2,28,7529,8164,60,0.08395202741290692,0,0,0,0,0
2,29,12800,14209,96,0.08647214854111406,0,0,1,1,1
17,36,13849,10849,60,0.08632478632478632,0,0,1,1,0
1,38,15615,18610,84,0.1239356669820246,0,0,1,0,0
9,29,7990,8183,60,0.07523809523809524,0,0,1,0,1
2,32,9789,2789,36,0.06384615384615384,1,0,0,0,1
17,34,12500,11626,60,0.07642857142857143,0,0,1,1,0
1,44,13000,11952,60,0.1215469613259668,0,0,1,0,1
5,67,17850,18767,60,0.115,0,0,1,1,1
0,33,9500,10562,84,0.1171383647798742,0,0,0,0,1
1,57,4990,4606,72,0.05846153846153846,0,0,0,0,1
6,24,12200,12200,60,0.06018054162487462,0,0,0,1,0
39,56,19890,21854,48,0.1694444444444445,0,0,1,0,0
17,45,4737,5130,24,0.07193548387096774,0,0,0,0,0
15,52,21990,21990,60,0.1002147458840372,0,0,1,1,0
19,43,12282,14016,60,0.1900149031296572,0,0,1,1,1
5,52,8328,8328,72,0.07547169811320754,0,0,0,1,0
4,38,29195,29195,60,0.09775,0,0,1,0,0
0,36,18990,20268,48,0.1117794486215539,0,0,1,1,0
2,26,19700,13700,60,0.09281678773204197,0,0,0,0,0
37,85,7700,8018,24,0.1504347826086956,0,0,0,0,1
5,70,21490,25090,60,0.1271111111111111,0,0,1,1,1
15,53,11895,9695,60,0.07451312447078746,0,0,1,0,0
24,61,20149,5264,36,0.08378378378378379,1,0,1,0,0
4,50,7900,8584,60,0.09376854599406528,0,0,1,1,0
20,49,11490,10086,36,0.04227304227304227,0,0,1,1,0
0,28,15799,6214,36,0.11125,1,0,1,0,0
3,27,13900,15244,72,0.1107142857142857,0,0,0,0,0
0,29,13811,15176,60,0.132,0,0,0,0,0
0,23,9650,9764,72,0.06,0,0,0,0,0
8,37,34829,13829,36,0.09828850855745722,1,0,1,1,0
22,38,12700,10200,60,0.07777777777777778,0,0,0,1,1
0,46,12500,11374,60,0.07523277467411546,0,0,1,1,0
5,59,22500,2800,12,0.1121673003802281,1,0,1,1,0
24,51,13000,11000,60,0.07095238095238095,0,0,1,0,0
2,39,7190,5190,60,0.06333333333333334,0,0,1,1,1
1,35,12500,8124,60,0.04578696343402226,0,0,1,1,0
8,60,9180,5820,48,0.06942236354001059,0,0,0,0,0
27,56,20000,18000,48,0.08333333333333333,0,0,1,1,0
6,25,10615,10615,72,0.08736842105263158,0,0,0,0,0
18,47,9498,9498,60,0.09722222222222222,0,0,0,1,0
1,23,15000,15000,48,0.1266666666666667,0,0,0,0,0
7,57,10200,11585,72,0.148695652173913,0,0,1,1,0
1,48,14900,9400,48,0.1348600508905853,0,0,1,0,0
6,56,13000,13000,96,0.1025,0,0,1,1,0
7,51,10970,12317,48,0.1544444444444444,0,0,0,0,1
2,65,16890,9890,60,0.08571428571428572,1,0,1,0,0
5,38,13850,12550,60,0.0924,0,0,1,1,0
15,49,13990,12176,84,0.122962962962963,0,0,0,1,0
2,26,27500,25502,60,0.2153846153846154,0,0,0,0,0
1,39,16890,4218,60,0.04470588235294118,1,0,0,0,0
0,56,11895,13296,36,0.1873547187354719,1,0,1,0,0
10,62,17990,21836,96,0.1766666666666667,0,0,0,1,0
14,55,13785,8785,48,0.1085714285714286,0,0,1,0,0
1,21,10800,11639,48,0.1857142857142857,0,0,0,0,1
4,34,10360,9990,48,0.1841666666666667,0,0,0,0,0
0,24,6950,7080,60,0.05598243688254665,0,0,1,0,1
9,42,25499,23099,48,0.086,0,0,0,1,0
3,47,11500,11161,72,0.05773809523809524,0,0,1,0,0
26,85,8340,5340,24,0.1221052631578947,0,0,0,0,0
17,50,24980,22780,72,0.06301775147928994,0,0,1,1,0
2,24,14078,14016,60,0.05538461538461539,0,0,1,0,1
1,42,18400,17698,60,0.06596306068601583,0,0,1,1,0
22,56,9650,9106,48,0.07444444444444444,0,0,1,1,0
5,25,13890,16070,72,0.1316666666666667,0,0,1,0,0
10,76,11900,8900,60,0.07133333333333333,0,0,0,1,1
8,48,14450,15870,72,0.0882051282051282,0,0,0,0,0
0,62,14000,9979,36,0.1745454545454546,0,0,1,0,0
17,37,6850,7170,60,0.06,0,0,1,1,0
16,75,7154,7447,48,0.03467741935483871,0,1,1,1,0
3,47,8100,7741,48,0.1350877192982456,0,0,1,1,0
13,52,10490,7490,60,0.05045454545454545,0,0,1,0,0
14,78,15490,15490,72,0.1223076923076923,0,0,1,1,0
7,45,8995,6995,48,0.06417112299465241,0,0,1,1,0
5,48,9400,10502,96,0.04765450483991065,0,0,0,0,0
1,36,16048,17789,84,0.1666666666666667,0,0,0,0,1
3,37,13291,13291,72,0.0852,0,0,1,1,0
5,29,12490,13871,48,0.1045,0,0,1,0,0
3,45,11290,2290,24,0.08608695652173913,1,0,1,1,0
0,23,3990,4641,72,0.05877862595419847,0,0,0,0,1
22,52,24200,6000,12,0.2419047619047619,1,0,0,1,0
10,49,5690,5690,36,0.07727272727272727,0,0,1,1,0
2,60,17067,15154,60,0.1525,1,0,1,0,0
8,52,6500,4950,48,0.07448275862068965,0,0,1,0,1
0,25,12300,12989,72,0.1019047619047619,0,0,1,1,0
7,44,5000,5103,24,0.158764367816092,0,0,1,1,0
1,33,6800,6800,36,0.06655737704918033,0,0,1,0,0
0,18,10200,9891,36,0.2466666666666667,0,0,0,0,0
1,54,15990,18408,60,0.1546666666666667,0,0,1,1,0
4,68,8790,8260,60,0.1313559322033898,0,0,0,0,0
8,72,8900,4400,60,0.0675,0,0,0,0,0
0,58,16990,16990,60,0.1666666666666667,0,0,0,1,0
13,52,18990,9990,48,0.1071428571428571,1,0,0,1,0
2,51,14365,11773,60,0.07939393939393939,0,0,1,1,0
5,51,3750,4069,24,0.118,0,0,0,0,0
18,41,7490,4742,36,0.09857142857142857,0,0,0,1,0
4,43,5000,5316,24,0.08105263157894736,0,0,0,1,0
39,60,19411,10590,48,0.05,1,0,1,0,0
17,62,5237,5237,36,0.1073871409028728,0,0,1,1,0
1,46,13410,12500,72,0.06116071428571428,0,0,0,1,0
1,55,10490,9506,96,0.08428571428571428,0,0,0,1,0
2,32,6985,7544,48,0.07393162393162393,0,0,1,1,1
21,45,14900,5251,36,0.06265664160401002,1,0,1,0,0
3,19,14560,16350,48,0.1775147928994083,0,0,0,0,1
3,23,8990,8990,60,0.09941176470588235,0,0,0,1,0
2,35,10950,11708,84,0.077,0,0,0,0,0
3,27,14100,13800,96,0.09333333333333334,0,0,0,0,0
0,50,8000,6314,24,0.09149130832570906,0,0,1,0,0
0,25,9281,9281,48,0.1505763688760807,0,0,0,1,1
39,63,14675,13475,72,0.0499009900990099,0,0,0,1,0
0,24,5475,5211,60,0.0875,0,0,0,0,1
2,21,24000,24000,60,0.2423592493297587,0,0,0,0,1
18,56,7449,7449,36,0.07433333333333333,0,0,1,1,0
1,21,5400,3649,36,0.1126315789473684,0,0,0,0,0
24,56,8000,6000,48,0.09642857142857143,0,0,1,1,0
1,43,15110,16384,60,0.08693081017149616,0,0,1,0,0
15,47,10800,9634,36,0.1009651076466221,0,0,1,1,0
3,53,12599,14498,60,0.2275,0,0,0,1,1
23,54,10995,11955,60,0.0855,0,0,1,1,0
2,34,13980,14555,48,0.0646875,0,0,1,0,0
0,22,3895,4312,36,0.08466666666666667,0,0,1,0,1
25,42,8500,5914,48,0.04571428571428571,0,0,1,1,0
2,18,20890,23055,72,0.08298507462686568,0,0,0,0,0
27,59,6795,7161,48,0.03833333333333333,0,0,1,1,0
4,54,5795,5795,48,0.080625,0,0,1,0,0
0,28,22050,24383,72,0.1670731707317073,0,0,0,0,1
3,22,23990,26200,72,0.1806451612903226,0,0,0,0,1
15,54,7790,7790,60,0.07833333333333334,0,0,1,1,0
1,58,6165,6607,60,0.06,0,0,0,0,1
6,40,6938,6938,60,0.0945945945945946,0,0,1,0,0
25,56,16990,14490,72,0.07738292925938227,0,0,1,1,0
4,46,9290,8009,72,0.1493055555555556,0,0,1,0,0
12,69,22126,12193,72,0.1775700934579439,0,0,1,1,0
2,20,27490,26490,72,0.1938888888888889,0,0,0,1,0
15,55,7990,4398,24,0.14,1,0,0,0,0
27,54,13890,11390,60,0.08666666666666667,0,0,1,1,0
0,21,5365,5483,12,0.2333333333333333,0,0,0,0,0
36,52,15985,15281,72,0.0737913486005089,0,0,0,1,0
24,55,7500,3500,36,0.03433333333333333,1,0,1,1,0
16,48,10390,9226,60,0.07378048780487804,0,0,1,1,0
19,57,19990,15781,48,0.15,0,0,1,0,0
1,36,10200,10200,60,0.05625576391023671,0,0,1,0,0
1,44,29900,28250,60,0.2256521739130435,0,0,1,1,0
8,35,12000,12000,72,0.06262135922330098,0,0,1,1,0
35,65,7500,6561,60,0.02725,0,0,1,1,0
24,42,19000,20063,96,0.1328334226031066,0,1,0,0,1
2,28,15890,15890,48,0.1779267663744198,0,0,0,0,0
34,54,19650,15669,48,0.1090909090909091,0,0,1,1,0
23,52,3757,3757,31,0.07407407407407407,0,0,1,1,1
17,68,5771,6074,60,0.0436,0,0,1,1,0
0,21,11900,7900,60,0.1515474919957311,0,0,0,0,0
38,59,25550,20550,60,0.1069565217391304,0,0,1,0,0
0,46,11490,11490,72,0.1245768449559919,0,0,1,0,1
0,22,8900,9826,84,0.65,0,0,0,0,1
2,39,13701,14958,72,0.08525576730190572,0,0,1,0,1
1,42,9800,8500,48,0.08863636363636364,0,0,1,0,0
5,27,15150,13766,60,0.0765,1,0,0,0,0
6,39,9500,10546,96,0.075625,0,0,0,0,0
0,21,6721,7003,24,0.1157407407407407,0,0,0,0,1
14,46,5500,5500,48,0.05060240963855422,0,0,1,1,0
4,68,15590,18706,84,0.1754838709677419,0,0,0,0,1
7,34,14800,11785,72,0.06518518518518518,0,0,1,0,0
2,46,14080,15272,60,0.1725,0,0,0,1,1
8,72,13900,13900,72,0.1276470588235294,0,0,1,1,0
1,31,27500,27500,96,0.1925,0,0,1,0,1
15,38,20790,24038,96,0.1130108423686405,0,0,1,0,0
17,61,11365,12165,84,0.0976470588235294,0,0,1,0,0
0,36,11836,12834,60,0.2137546468401487,0,0,1,1,0
0,56,16800,18910,60,0.1047237076648841,0,1,0,0,1
5,33,13990,8990,36,0.08571428571428572,0,0,0,0,0
12,40,8990,9828,48,0.04874878128046799,0,0,1,1,1
9,47,5666,5666,36,0.085,0,0,0,1,0
2,34,20900,19111,72,0.1645161290322581,0,0,0,0,0
24,44,16880,10543,48,0.1041666666666667,0,0,0,1,0
23,49,21989,21989,60,0.1553846153846154,0,0,0,0,0
23,77,13960,12981,48,0.1627777777777778,0,0,1,1,0
0,37,17500,17500,96,0.08721389108129439,0,0,1,0,0
26,57,4528,4528,48,0.06058823529411764,0,0,1,0,0
14,44,24390,7690,36,0.05952380952380952,1,0,0,0,0
2,31,14115,13275,60,0.05578859060402685,0,0,1,0,0
7,46,8100,7000,60,0.12,0,0,0,0,0
13,49,5924,6368,36,0.0916506717850288,0,0,1,1,0
1,48,11980,11980,48,0.08208955223880597,0,0,1,1,0
1,38,15500,16841,60,0.1878787878787879,0,0,0,1,1
0,53,26479,23068,60,0.1641666666666667,0,0,1,1,0
3,41,11500,11038,60,0.1286666666666667,0,0,1,0,0
0,64,4500,4816,48,0.05047619047619047,0,0,1,0,1
1,31,16220,17831,72,0.09734917733089579,0,0,1,0,0
17,38,14000,15895,60,0.09455200360198109,0,0,1,0,0
35,52,1649,1649,12,0.078125,0,0,1,0,0
0,18,6000,2000,24,0.1332263242375602,1,0,0,0,0
6,27,9699,8899,60,0.071875,0,0,0,0,0
0,28,21008,21008,60,0.1196506550218341,0,0,0,0,0
2,68,1600,1675,24,0.06083333333333334,0,0,1,1,0
5,38,18700,16566,36,0.0796812749003984,0,0,1,0,0
3,30,12790,9630,72,0.05551443375277572,0,0,1,0,0
4,28,8207,5207,36,0.1108333333333333,0,0,0,0,0
17,56,19936,20080,48,0.0811764705882353,0,0,1,0,0
10,41,13000,11952,60,0.1375,0,0,0,0,0
0,35,14890,9990,48,0.04088307440719542,0,0,0,0,0
27,50,3950,3950,36,0.06137566137566138,0,0,0,1,0
4,44,20600,23116,96,0.1590163934426229,0,0,1,1,1
1,26,13750,5400,12,0.1939655172413793,1,0,0,1,0
15,49,9990,17290,60,0.09359970403255642,0,0,1,1,0
26,52,15490,13452,48,0.1134782608695652,0,0,0,1,0
1,37,8980,10083,48,0.09497907949790795,0,0,1,0,1
21,57,5490,5607,60,0.072,0,0,0,1,1
5,43,14350,14350,96,0.1021052631578947,0,0,1,0,1
25,45,18600,3294,24,0.06409090909090909,1,0,1,1,0
1,63,16450,18180,48,0.1350574712643678,0,0,0,0,0
27,47,30100,25100,48,0.1292,0,0,1,1,0
12,44,8300,1624,60,0.01037037037037037,1,0,0,0,0
10,50,10590,9417,60,0.116551724137931,0,0,1,0,1
1,52,14490,8035,36,0.06331521739130434,0,0,1,1,0
30,51,15901,15990,72,0.09025641025641026,0,0,1,1,0
5,43,19999,23233,72,0.153288740245262,0,0,0,0,0
6,42,10990,10990,96,0.02156469408224674,0,0,1,1,0
15,49,5900,4691,36,0.08695652173913043,0,0,1,1,0
25,43,17290,9290,36,0.04166666666666666,0,0,0,0,0
17,40,16140,7886,48,0.116,1,0,0,0,0
0,53,7800,7865,60,0.07418546365914787,0,0,0,0,0
5,28,10990,10157,48,0.09375,0,0,0,0,0
0,49,12990,10076,96,0.059,0,0,0,0,0
5,70,6800,7268,48,0.1663157894736842,0,0,1,1,0
10,54,16500,15212,60,0.1696969696969697,0,0,1,1,0
2,42,11790,13061,96,0.08882175226586103,0,0,0,0,0
4,28,13985,15199,96,0.09929789368104312,0,0,0,0,0
2,39,13139,13074,72,0.1081226465841851,0,0,0,0,1
20,51,6600,2125,24,0.05352941176470588,1,0,1,1,0
0,27,9700,4997,24,0.1244979919678715,1,0,0,0,0
27,70,6850,6621,60,0.07094972067039106,0,0,0,0,1
2,55,6990,5251,48,0.05476190476190476,0,0,1,1,0
21,49,10200,12030,84,0.085,0,0,1,1,0
6,51,13500,11000,48,0.0707070707070707,0,0,1,1,0
12,53,17120,5660,48,0.062,0,0,0,0,0
4,44,16000,16000,72,0.1056,0,0,1,0,0
6,44,16500,16500,72,0.15,0,0,1,1,0
16,40,3000,3000,12,0.102,0,0,1,0,0
0,53,7890,6799,60,0.03531914893617021,0,0,1,1,0
26,52,9950,12973,84,0.07434782608695652,0,0,1,0,0
0,23,11495,9249,48,0.1205463182897862,0,0,0,0,0
4,41,9710,6800,48,0.05603448275862069,0,0,1,1,0
0,29,16730,11730,36,0.125,0,0,0,0,0
0,38,11100,10861,48,0.131578947368421,0,0,0,0,0
18,65,17290,17290,60,0.1176470588235294,0,0,1,0,0
18,41,6459,6966,48,0.0785,0,0,0,0,0
5,33,10850,5425,24,0.113,1,0,1,0,0
28,46,6200,5478,72,0.05088757396449704,0,0,1,1,0
12,61,10030,4676,36,0.08875,1,0,1,0,0
1,41,9300,1800,12,0.0616,1,0,1,0,0
7,26,5500,4000,36,0.06,0,0,1,0,1
7,56,9850,9767,96,0.07028571428571428,0,0,1,1,0
2,52,6990,7477,48,0.052,0,0,0,0,0
21,45,18990,18990,96,0.1039130434782609,0,0,0,0,0
0,23,7870,9885,60,0.182,0,0,0,0,0
1,32,9240,10739,60,0.07769726247987117,0,0,0,0,0
0,43,7600,7600,72,0.06609195402298851,0,0,1,0,0
25,59,26990,26990,72,0.1108,0,0,1,1,0
11,33,8040,8845,60,0.0712166172106825,0,0,0,1,0
21,63,24990,22490,72,0.11,0,0,1,0,1
1,65,5800,4300,60,0.054,0,0,1,0,0
1,27,10200,7753,48,0.1172035640849897,0,0,0,0,0
19,56,12500,10622,60,0.06413793103448276,0,0,1,0,0
2,67,13843,9221,48,0.02771428571428572,0,0,0,1,0
0,33,10900,10995,72,0.05863636363636364,0,0,1,0,0
8,46,32840,25240,48,0.1114537444933921,0,0,1,1,0
0,24,11990,10473,60,0.1071428571428571,0,0,0,0,0
0,20,7000,7606,60,0.09333333333333334,0,0,0,0,0
3,31,4450,4889,72,0.06,0,0,0,0,0
1,44,17500,7500,36,0.07892857142857143,0,0,1,1,0
11,48,9192,10490,60,0.0821917808219178,0,1,1,1,1
20,54,15695,10590,36,0.08894736842105264,1,0,0,0,0
43,60,8500,4841,48,0.0823076923076923,1,0,0,0,0
1,51,6300,7200,60,0.07857142857142857,0,0,0,0,0
17,46,14190,7828,60,0.07736842105263157,0,0,1,0,0
6,23,6640,6640,48,0.1055172413793103,0,0,0,0,0
4,31,13000,14793,60,0.18,0,0,0,0,0
19,59,13990,9990,60,0.08545454545454545,0,0,0,0,1
5,29,16990,23509,96,0.1599791558103179,0,0,1,0,1
3,30,8950,8950,60,0.0632065775950668,0,0,0,0,0
0,52,7000,7000,60,0.09428571428571429,0,0,0,0,1
3,20,8633,8633,36,0.1653696498054475,0,0,0,0,0
1,49,4550,4390,36,0.0645,0,0,1,0,1
2,27,30550,29911,60,0.1917241379310345,0,0,0,0,0
11,47,26797,26797,18,0.03804380438043804,0,0,1,0,1
31,61,24300,17000,60,0.08333333333333333,0,0,1,1,0
2,20,21990,24215,72,0.1325107296137339,0,0,1,0,1
0,18,11300,5300,36,0.26,0,0,0,0,0
0,36,7990,7595,60,0.0875,0,0,0,0,0
8,44,9814,8814,72,0.06752873563218391,0,0,1,0,0
7,52,11500,7595,60,0.0420954162768943,0,0,1,1,0
4,45,15850,9350,48,0.1251482799525504,1,0,0,1,0
1,55,28980,24376,60,0.1820833333333333,1,0,1,0,0
3,23,18500,19211,72,0.146,0,1,0,0,0
9,54,14990,14990,84,0.1131428571428571,0,0,0,0,0
17,47,5652,5652,72,0.02657142857142857,0,0,1,1,0
9,73,14100,9600,60,0.08190476190476191,0,0,1,1,0
11,30,13000,13000,60,0.05614035087719298,0,0,1,1,0
14,71,6900,5900,24,0.255,0,0,1,1,0
22,59,8500,9153,60,0.105,0,0,1,1,1
6,70,22290,17498,36,0.1783831282952548,0,0,1,0,0
3,27,14480,15843,72,0.1742857142857143,0,0,1,0,0
35,57,21439,22808,60,0.1410344827586207,0,0,1,1,0
17,52,5990,6394,36,0.0625,0,0,1,0,0
23,50,15550,12896,96,0.06577777777777778,0,0,0,0,0
24,51,14990,5350,36,0.03979328165374677,1,0,1,1,0
15,77,15650,15650,60,0.0916256157635468,0,0,1,1,1
18,74,12990,12990,96,0.1130994989262706,0,0,1,0,0
22,50,7990,8050,60,0.1309090909090909,0,0,1,1,0
16,56,10418,10418,60,0.0955,0,0,0,0,0
5,28,9500,7395,48,0.0711764705882353,0,0,0,0,0
3,54,14500,14000,72,0.0588,0,0,1,1,0
20,42,7900,7012,72,0.07785714285714286,0,0,1,0,0
8,57,5069,3140,36,0.04428571428571428,0,0,1,0,0
2,50,12538,9732,48,0.1131578947368421,0,0,1,1,0
0,45,16450,11000,48,0.0761307657859382,0,0,1,1,0
1,34,27120,28618,36,0.1212374581939799,0,0,1,0,1
7,27,33490,28490,36,0.2083333333333333,0,0,0,0,0
3,23,16109,16109,60,0.112,0,0,0,0,0
3,24,11995,12578,60,0.136,0,0,0,0,0
0,50,10390,11255,60,0.112739571589628,0,0,0,0,0
2,50,24870,28331,60,0.08170731707317073,0,0,1,1,1
3,60,8698,7148,72,0.077,0,0,0,0,0
18,70,19846,3846,24,0.09705882352941177,1,0,0,1,0
27,44,15100,10952,60,0.0615625,0,0,1,1,0
15,58,11950,9795,60,0.054375,0,0,1,0,0
14,53,8645,8645,36,0.09884615384615385,0,0,0,1,0
13,49,7037,3037,24,0.09352517985611511,0,0,1,1,0
25,58,7238,4427,36,0.1633986928104575,0,0,1,1,0
2,34,21950,21950,84,0.186875,0,0,0,0,0
3,35,24200,23685,96,0.1029306647605432,0,0,1,1,0
8,73,14914,14914,60,0.0865,0,0,1,0,0
16,59,7200,7899,48,0.04186265286923801,0,0,0,1,0
8,73,9500,9500,48,0.1733333333333333,0,0,1,0,0
10,31,9990,10822,60,0.1129411764705882,0,0,0,0,0
1,54,15490,15490,72,0.08421052631578947,0,0,1,0,0
10,72,8389,2489,24,0.1157894736842105,1,0,1,0,0
18,45,9990,9990,48,0.09276437847866419,0,0,1,1,0
44,61,3490,2617,36,0.038,0,0,1,1,0
0,29,11695,12957,84,0.09833333333333333,0,0,0,0,1
2,61,8930,9557,48,0.1918181818181818,0,0,1,0,1
6,52,11850,11230,72,0.04739507959479016,0,0,1,1,0
8,48,15809,14509,72,0.08157894736842106,0,0,0,0,0
21,48,7700,8937,72,0.06463414634146342,0,0,1,1,1
11,68,3634,3634,48,0.03565217391304348,0,0,0,0,1
2,29,10990,10523,60,0.1608333333333333,0,0,0,0,1
4,33,10000,10892,60,0.08461538461538462,0,0,1,0,1
3,33,9018,9018,24,0.1196969696969697,0,0,0,0,0
11,47,15046,19826,96,0.1606666666666667,0,0,1,0,0
1,26,7990,7990,96,0.06466666666666666,0,0,0,0,0
3,50,13280,9726,96,0.09166666666666666,0,0,0,1,0
5,41,6340,5470,48,0.05466666666666667,0,0,0,0,1
15,53,9990,4310,48,0.0792,1,0,0,0,0
2,33,19625,16125,60,0.09595959595959595,1,0,1,1,1
20,53,9215,8165,60,0.08108108108108109,0,0,1,1,1
1,45,22145,22145,60,0.1204444444444445,0,0,0,0,1
6,62,20839,17035,60,0.1251851851851852,0,0,1,1,0
17,42,12190,9690,48,0.135,0,0,1,0,0
5,59,7650,3938,24,0.1244444444444444,1,0,1,1,0
3,19,3200,2850,36,0.06538461538461539,0,0,0,0,0
3,61,6950,5731,36,0.11133069828722,0,0,0,0,1
0,21,10985,11487,72,0.1052941176470588,0,0,0,0,1
10,69,8900,4378,48,0.06827586206896552,1,0,1,1,0
10,63,11900,11900,60,0.04128205128205129,0,0,1,1,0
28,50,4450,4734,24,0.069,0,0,1,1,0
10,70,11985,2134,12,0.122,1,0,0,0,0
19,53,16500,15856,60,0.04658018867924528,0,0,1,0,0
9,55,10990,5166,24,0.05947368421052632,1,0,1,1,0
0,40,15990,15990,36,0.154703375942314,0,0,0,0,0
22,46,4999,5709,60,0.06470588235294118,0,0,0,0,1
11,35,14689,14358,60,0.075,0,0,0,0,0
1,30,11500,12358,48,0.1730769230769231,0,0,0,0,0
4,59,6300,6682,60,0.02533333333333333,0,0,1,1,0
42,59,16110,5854,36,0.05875,1,0,1,0,0
1,41,4500,4439,24,0.159504132231405,0,0,1,0,0
15,74,12500,10200,48,0.078,0,0,1,0,0
2,34,8700,10362,60,0.09789473684210526,0,1,0,0,1
1,30,16800,16800,60,0.09470588235294118,0,0,1,0,0
12,39,23990,20990,36,0.04357142857142857,0,0,1,0,0
11,51,17450,16144,96,0.1704347826086957,0,0,1,1,0
27,44,5943,5943,60,0.05090909090909091,0,0,0,1,0
8,60,12869,9989,48,0.1153846153846154,0,0,0,1,0
2,50,19890,16270,72,0.1601815823605707,0,0,1,0,0
3,66,17900,19003,72,0.1333333333333333,0,0,1,1,0
0,54,11890,12992,72,0.1377622377622378,0,0,0,0,0
34,59,10449,11011,48,0.09538461538461539,0,0,1,0,0
12,72,7780,2580,24,0.0888,1,0,0,0,0
4,43,23900,24815,60,0.103041825095057,0,0,1,1,0
1,31,8225,9944,96,0.07333333333333333,0,0,0,1,0
0,29,10990,9890,60,0.08411764705882353,0,0,1,0,0
3,27,19015,21407,48,0.4253246753246753,1,0,0,0,0
0,40,12890,11694,60,0.1085,0,0,1,0,0
35,56,8500,6813,36,0.09,0,0,1,1,0
2,31,6180,6180,48,0.09144736842105264,0,0,0,0,0
11,43,9700,10561,60,0.0796,0,0,1,0,1
11,44,14185,15583,72,0.1352813852813853,0,1,0,1,1
2,18,17390,19092,60,0.1257142857142857,0,0,0,0,1
1,32,10040,10040,96,0.06375502008032129,0,0,0,0,0
7,50,6269,6877,72,0.05583333333333333,0,0,1,1,0
19,49,13730,12494,60,0.04444444444444445,0,0,1,1,0
7,47,18490,21146,60,0.1104,0,0,1,0,1
5,56,13990,15061,72,0.1152380952380952,0,0,1,1,0
0,26,26000,24000,60,0.2870689655172414,0,0,0,0,1
11,33,10208,11125,72,0.0633693972179289,0,0,1,0,0
5,33,5990,5623,48,0.09694656488549619,0,0,1,0,0
5,36,11500,6500,60,0.03812600969305331,0,0,0,0,1
2,41,7000,3500,12,0.1368227731864096,0,0,1,0,1
5,34,17900,17397,72,0.1576470588235294,0,0,0,0,0
40,63,12150,9650,60,0.0303125,0,0,1,1,0
26,61,34490,19490,60,0.08620689655172414,0,0,1,0,0
8,28,5450,6120,72,0.07111111111111111,0,0,0,0,0
43,64,5666,6199,60,0.0456,0,0,1,1,0
3,66,4990,4490,48,0.099,0,0,0,0,0
9,31,6795,7429,60,0.03961965134706814,0,0,1,1,0
3,47,7875,5064,36,0.07238095238095238,1,0,1,0,0
6,35,16999,16999,60,0.1485714285714286,0,0,1,0,0
1,39,12270,10673,60,0.08347826086956522,0,0,0,1,0
5,30,9990,8500,60,0.054375,0,0,0,0,0
1,28,14351,14351,60,0.06074074074074074,1,0,0,0,1
1,55,7750,8622,96,0.09377901578458682,0,0,0,0,0
33,52,17985,11985,24,0.1303258145363408,0,0,1,1,0
13,30,6900,6260,48,0.03358208955223881,0,0,1,1,0
23,88,4000,4000,12,0.1133333333333333,0,0,0,1,0
4,52,12500,13394,48,0.07917888563049853,0,0,0,1,1
8,55,4190,4603,72,0.05,0,0,1,1,0
6,65,12900,12900,36,0.1754545454545454,0,0,0,1,1
26,43,16300,5940,48,0.07157894736842105,1,0,1,0,0
2,23,11820,10633,60,0.1382978723404255,0,0,0,0,0
0,30,14970,16951,96,0.12625,0,0,0,0,1
18,58,4950,5434,60,0.06060606060606061,0,0,0,0,0
21,39,16500,13500,72,0.1669230769230769,0,0,1,1,0
0,22,9105,9863,60,0.13,0,0,0,0,1
9,48,9425,9575,60,0.09284951974386339,0,0,1,0,0
1,56,7900,8540,60,0.1256,0,0,0,0,0
11,38,24559,9185,48,0.03191489361702127,1,0,1,1,0
0,25,11550,12537,60,0.114,0,0,0,0,0
1,38,31000,22000,84,0.2518518518518518,0,0,0,0,1
15,64,19550,12750,72,0.1421428571428572,0,0,0,1,0
5,66,3700,2540,48,0.04705882352941176,0,0,0,0,0
4,49,12840,12637,48,0.1420512820512821,0,0,0,0,0
0,23,26000,26000,96,0.279926335174954,0,0,0,0,1
24,58,13130,14019,72,0.1092391304347826,0,0,0,0,1
6,32,8500,9941,72,0.1171428571428571,0,0,0,0,0
0,39,9579,12756,96,0.0775,0,0,0,0,0
14,46,12790,9113,60,0.04175,0,0,1,1,0
23,56,26408,22098,48,0.05611111111111111,0,0,0,0,0
13,75,9850,9068,36,0.166875,0,0,1,0,0
0,38,9000,8430,36,0.03825347758887172,0,0,0,0,0
18,48,27960,28410,60,0.1271186440677966,0,1,1,1,1
2,47,9250,10170,60,0.05038759689922481,0,0,1,1,0
10,74,11800,12241,48,0.2081481481481481,0,0,0,1,0
6,55,11148,13063,72,0.09866666666666667,0,0,0,0,0
6,35,23819,21441,60,0.3973509933774834,0,0,1,0,0
3,56,29110,30000,60,0.2147368421052632,0,0,0,0,1
28,60,13209,13209,72,0.1766666666666667,0,0,1,1,0
20,48,7990,9100,60,0.07621951219512195,0,0,1,1,1
10,33,19990,8717,36,0.1588607594936709,0,0,0,0,0
0,49,12990,11049,72,0.1383763837638377,0,0,1,0,1
19,49,7800,5104,36,0.05722222222222222,0,0,1,0,0
5,54,14780,10780,24,0.2054794520547945,0,0,0,0,0
15,57,5990,3990,36,0.06538461538461539,0,0,1,1,0
28,82,6780,5280,24,0.1808846761453397,0,0,0,1,1
34,51,3075,3075,36,0.02275,0,0,1,1,0
5,41,12290,13535,48,0.08736717827626919,0,0,1,1,1
8,31,10900,11061,96,0.134,0,1,1,0,0
0,46,26000,20000,60,0.16,0,0,1,1,0
23,51,24900,26983,60,0.1395238095238095,0,1,1,0,1
3,22,23700,25917,72,0.1875,0,0,0,0,0
0,50,14450,15795,72,0.1170018281535649,0,0,0,0,1
0,22,15250,16836,36,0.1984,0,0,0,1,1
17,46,13466,13466,84,0.0722007722007722,0,0,1,1,0
1,50,8888,8946,48,0.05970149253731343,0,0,0,0,0
1,47,16140,16140,96,0.1306666666666667,0,0,1,0,0
2,33,23500,23500,48,0.1085487077534791,0,0,1,0,0
23,53,18881,17988,60,0.07703703703703704,0,0,1,0,0
2,45,5450,5450,60,0.07923076923076923,0,0,1,0,0
2,30,6903,7456,48,0.1315384615384615,0,0,0,0,0
15,60,6600,6600,36,0.1326666666666667,0,0,1,0,0
1,31,20250,18250,96,0.304635761589404,0,0,1,1,0
4,46,14900,10900,60,0.07884615384615384,0,0,0,1,0
5,24,6950,5950,60,0.04375,0,0,0,0,0
28,63,20310,21033,48,0.064,0,0,1,0,0
5,55,10500,11171,60,0.06451612903225806,0,0,1,0,0
11,40,25049,15049,36,0.04288321167883212,0,0,1,0,0
3,56,11990,9700,60,0.0935,0,0,1,0,0
45,61,19800,12800,36,0.1239130434782609,0,0,1,0,1
7,49,5239,5693,60,0.042,0,0,0,1,0
1,18,21990,23346,72,0.1282758620689655,0,0,0,0,1
3,20,17078,16992,48,0.2685714285714286,0,0,0,0,1
0,18,11680,12557,36,0.3133333333333334,0,0,0,0,1
0,26,5290,5385,36,0.1412280701754386,0,0,0,0,1
6,24,18150,17150,60,0.1082352941176471,0,0,0,0,0
1,28,10600,6379,24,0.1154166666666667,1,0,1,0,0
19,74,6500,3400,48,0.03615023474178404,1,0,1,1,0
0,37,9945,9945,60,0.1438461538461538,0,0,0,0,1
17,49,14610,9608,60,0.07818181818181819,0,0,1,1,0
2,21,12790,13948,60,0.1324137931034483,0,0,0,0,1
36,52,4322,4696,60,0.02866666666666667,0,0,1,1,0
3,23,19999,20937,72,0.2036363636363636,1,0,1,0,0
11,57,15827,14627,72,0.1095454545454545,0,1,1,0,0
1,49,9077,9077,48,0.1138888888888889,0,0,0,0,0
37,55,9840,7081,60,0.08466666666666667,1,0,1,1,0
3,25,14990,12510,60,0.1727941176470588,0,0,0,0,0
1,54,12490,12490,60,0.1176923076923077,0,0,1,0,0
13,55,7634,7634,48,0.07818181818181819,0,0,1,1,1
0,22,15000,15000,48,0.2068535825545171,0,0,1,0,0
45,62,7500,7500,72,0.06666666666666667,0,0,0,0,1
4,22,6780,7397,60,0.07307692307692308,0,0,0,0,0
34,55,17500,15532,60,0.07095238095238095,0,0,1,0,0
13,39,4600,3022,24,0.08666666666666667,0,0,0,1,0
1,24,18380,11801,60,0.1223076923076923,0,0,0,0,0
24,49,11090,11090,60,0.07906976744186046,0,0,1,1,1
2,26,10000,10832,60,0.08421052631578947,0,0,1,0,1
26,65,9190,9190,12,0.1965,0,0,1,1,0
2,29,22850,24863,60,0.1738879260543039,0,0,0,0,1
2,32,8900,8900,48,0.1441647597254005,0,0,1,0,0
12,73,18995,4580,36,0.1125,1,0,1,0,0
3,67,14000,14098,72,0.1369230769230769,0,0,0,1,1
14,46,24980,20480,72,0.0788,0,0,1,1,0
3,46,7800,6800,60,0.078125,0,0,0,1,0
0,50,13574,16557,96,0.08307692307692308,0,0,0,1,1
3,50,5636,6053,36,0.02656716417910448,0,0,1,0,0
1,50,23500,12000,36,0.1966666666666667,0,0,1,0,0
20,50,3990,4405,36,0.06666666666666667,0,0,0,0,0
0,28,14420,14420,84,0.1,0,0,1,0,0
28,52,12800,6443,36,0.09047619047619047,0,0,1,1,0
2,51,5300,5300,48,0.04603773584905661,0,0,1,0,0
0,40,13040,11168,60,0.1216216216216216,0,0,1,1,0
28,54,10205,10205,24,0.18625,0,0,1,0,0
18,47,9999,4999,12,0.1768595041322314,0,0,0,0,0
0,42,14500,12384,48,0.1191304347826087,0,0,0,0,0
3,68,12900,9500,60,0.1325757575757576,0,0,1,0,0
20,56,9149,8118,60,0.04266895761741123,0,0,1,0,0
30,51,4950,4950,48,0.07881773399014778,0,0,0,0,1
27,51,20467,8000,60,0.05833333333333333,0,0,1,1,0
15,60,11999,10150,96,0.05,0,0,1,1,0
1,27,14900,12900,48,0.09105263157894737,0,0,0,0,0
1,38,15300,16362,48,0.05106480421341882,0,0,1,0,0
4,47,15920,15920,60,0.05591715976331361,0,0,0,1,0
17,49,5890,7217,96,0.044,0,0,1,0,0
3,38,7990,8747,48,0.1020512820512821,0,0,0,0,0
0,32,13517,11316,60,0.08236017209588199,0,0,1,0,0
27,49,16500,11500,36,0.1223826714801444,0,0,1,1,0
12,79,8441,8441,48,0.06,0,0,1,1,0
4,45,8990,9958,72,0.1017647058823529,0,0,0,0,0
25,55,19500,14479,60,0.1444444444444444,0,0,0,0,0
0,36,21350,25813,96,0.1982323232323232,0,0,0,1,0
1,65,12000,12000,60,0.08315863032844165,0,0,1,1,0
6,35,17350,17500,96,0.095,0,0,1,1,1
0,22,7900,7408,48,0.1046666666666667,0,0,0,0,0
1,57,9600,4600,48,0.05888888888888889,1,0,1,1,0
1,25,15900,15300,72,0.1795642374154771,0,0,0,0,0
5,40,10490,8765,72,0.09785714285714285,0,0,1,1,0
3,27,6700,4992,24,0.1252941176470588,0,0,0,0,0
1,19,15950,16449,60,0.08422522103303862,0,0,1,0,1
8,55,11821,6321,48,0.05500758725341427,0,0,1,1,0
15,50,26600,13600,48,0.08466666666666667,1,0,1,1,0
22,45,18260,11032,48,0.1183168316831683,0,0,0,1,0
1,64,9500,8500,60,0.1103448275862069,0,0,1,0,0
46,63,7650,9055,96,0.07519788918205805,0,0,1,1,0
2,18,7600,7600,60,0.1473684210526316,0,0,0,1,0
26,52,18380,20278,60,0.1758569299552906,0,0,1,1,0
0,32,7165,6685,60,0.09230769230769231,0,0,0,0,1
0,40,12500,13849,84,0.05935929648241206,0,1,1,0,1
0,55,6100,6673,84,0.07364341085271318,0,0,0,0,0
1,33,28864,21931,84,0.1386756238003839,0,0,1,0,0
10,28,20490,17990,60,0.1131578947368421,0,0,0,0,0
0,43,9260,10197,60,0.06567796610169492,0,0,1,0,0
0,34,15714,15003,48,0.1033333333333333,0,0,1,0,1
4,39,10400,11432,72,0.08,0,0,1,0,1
24,51,6000,6480,48,0.1146153846153846,0,0,0,1,0
5,33,27500,21500,60,0.07408450704225353,0,0,1,1,0
22,77,3750,3750,48,0.08970438328236494,0,0,0,0,0
1,31,5790,3305,24,0.07255200405885337,0,0,0,1,0
8,73,6314,6573,48,0.0925,0,1,1,1,1
7,27,15600,13600,36,0.1095238095238095,0,0,1,0,0
0,46,13300,12500,96,0.1078014184397163,0,0,0,0,0
13,58,9990,4990,60,0.06266666666666666,0,0,1,1,0
1,51,16990,6758,36,0.04355555555555556,1,0,1,1,0
1,28,15900,16642,60,0.1388888888888889,0,0,1,0,0
17,70,10500,10932,48,0.07770762506070908,0,0,1,1,0
4,53,7440,8421,72,0.1095652173913043,0,0,1,1,1
24,57,10700,11383,60,0.1569230769230769,0,0,1,1,0
36,53,15330,6600,24,0.1136,1,0,1,1,0
7,60,17350,8000,36,0.117,1,0,1,1,0
5,30,15800,15822,72,0.09547738693467336,0,0,1,0,1
1,19,19999,22122,72,0.1961538461538462,0,0,0,0,1
0,23,7290,7290,96,0.1226666666666667,0,0,0,0,0
1,58,15740,13280,48,0.188,0,0,1,0,0
0,52,12129,11562,60,0.05033333333333333,0,0,1,0,0
7,51,8904,8529,60,0.119,0,0,1,0,0
10,73,10800,5800,48,0.0665,1,0,1,1,0
1,50,4990,3211,36,0.06333333333333334,0,0,0,0,0
1,20,24198,18302,60,0.1351724137931034,0,0,0,0,1
2,21,25858,25972,72,0.1758620689655172,0,0,0,0,1
1,57,8000,4211,48,0.04177897574123989,0,0,0,0,0
1,36,8950,8838,36,0.2023076923076923,0,0,1,0,0
1,22,10987,12566,60,0.09893550407013149,0,0,1,0,1
24,44,10900,10900,72,0.04358974358974359,0,0,1,1,0
0,56,9190,4834,36,0.05791666666666666,1,0,1,0,0
3,40,12980,14444,48,0.1060924369747899,0,0,0,1,0
1,54,9490,9490,60,0.1432,0,0,0,1,0
1,21,15500,15500,60,0.09714285714285714,0,0,0,0,0
1,29,14990,12768,48,0.09482758620689655,0,0,0,0,0
21,43,10780,6683,48,0.05846153846153846,0,0,1,1,0
10,30,9490,7696,60,0.023,0,0,1,0,0
3,70,22593,12593,60,0.1145,0,0,1,1,0
2,49,5698,5698,36,0.03925233644859813,0,0,1,1,0
6,25,19280,18608,48,0.3161538461538462,0,0,0,0,0
30,48,9000,3189,24,0.09387755102040816,1,0,0,0,0
14,59,11290,11359,60,0.1146153846153846,0,0,1,1,0
8,71,12811,9990,72,0.149,0,0,1,1,0
0,27,6950,7552,60,0.08967741935483871,0,0,1,0,0
1,20,8700,9319,48,0.1016,0,0,0,0,0
32,57,5389,3783,48,0.04292929292929293,0,0,1,0,0
20,52,8676,8919,12,0.2015395381385584,0,0,1,1,0
7,55,13750,14551,48,0.0804,0,0,1,1,1
22,55,7997,7997,60,0.1,0,0,1,1,0
4,53,12138,13274,60,0.1330769230769231,0,0,1,0,1
8,55,11395,8879,36,0.2173913043478261,0,0,1,0,0
39,55,9289,8904,72,0.07944444444444444,0,0,1,0,0
14,48,22490,18490,72,0.1173767752715121,0,0,0,1,0
8,43,15550,16334,60,0.06296572280178837,0,0,1,1,0
18,35,11290,9736,60,0.075,0,0,0,0,0
2,38,11060,11060,60,0.05377777777777778,0,0,0,0,0
1,22,7600,7600,48,0.09583333333333334,0,0,0,0,1
5,39,16980,10610,24,0.558252427184466,0,0,1,0,0
0,53,10990,12133,84,0.1095890410958904,0,0,0,0,1
5,49,4900,4648,60,0.05538461538461539,0,0,1,1,0
2,65,11800,11800,96,0.212962962962963,0,0,0,0,0
7,52,11990,11990,72,0.0655,0,0,1,1,0
14,60,12000,7385,48,0.04857142857142857,0,0,1,1,0
4,36,9335,2394,12,0.05904486251808973,1,0,1,0,1
12,32,7500,6565,72,0.05132113821138212,0,0,0,0,0
15,60,9300,8514,60,0.095625,0,0,0,0,0
7,28,6701,4701,24,0.1457142857142857,0,0,0,0,0
23,47,17890,9290,48,0.1045,0,0,1,1,0
28,47,9380,9380,60,0.112,0,0,0,0,0
3,31,5986,5986,24,0.07333333333333333,0,0,0,0,0
1,66,19700,15509,48,0.04858044164037855,0,0,1,1,0
14,46,15900,8226,48,0.0712,1,0,1,1,0
1,36,8147,8147,60,0.106993006993007,0,0,1,0,0
23,39,12650,13745,60,0.1260587942202292,0,0,1,1,0
6,41,13750,13750,60,0.07113341204250295,0,0,1,1,0
9,30,15990,14143,60,0.2046153846153846,0,0,0,0,0
6,61,9040,7086,48,0.1152,0,0,0,0,0
7,29,10850,5850,36,0.1146666666666667,0,1,0,0,0
28,47,16300,17304,72,0.09399075500770417,0,0,0,0,0
19,52,20150,12702,48,0.09456066945606695,1,0,1,1,0
3,34,20500,16590,60,0.093125,0,0,0,1,0
3,35,6710,8228,72,0.1245210727969349,1,0,1,1,0
1,51,14500,14500,60,0.06743185078909612,0,0,1,1,0
13,72,13170,7170,48,0.04583333333333333,0,0,1,1,0
29,48,16480,11580,36,0.05777054515866558,0,0,1,0,0
3,68,16289,14789,48,0.1069767441860465,0,0,0,1,0
16,61,21709,10709,48,0.06144306651634724,0,0,1,1,0
2,60,7695,8100,24,0.26,0,1,1,0,0
2,48,4156,4463,36,0.08627450980392157,0,0,0,0,0
4,35,15490,17585,60,0.1,0,0,1,0,0
13,41,12690,10190,60,0.1327116212338594,0,0,0,1,0
0,21,11950,10333,60,0.1129411764705882,0,0,0,0,0
40,58,7840,5690,60,0.03620689655172414,0,0,1,1,0
1,29,7960,8721,72,0.08717948717948718,0,0,0,0,0
16,57,15402,16479,60,0.1121052631578947,0,0,1,1,0
1,64,6100,5400,60,0.06227106227106227,0,0,0,0,0
18,52,15490,15490,72,0.08586206896551724,0,0,0,1,0
6,42,9990,10124,72,0.128448275862069,0,0,1,0,0
3,37,10575,9434,60,0.05314465408805032,0,0,1,0,0
4,21,12800,13986,72,0.1514285714285714,0,0,0,0,0
6,32,15700,17429,96,0.09442870632672333,0,0,1,0,1
0,51,9790,9738,84,0.1477777777777778,0,0,1,1,0
0,26,25789,29160,72,0.2284552845528455,0,0,0,1,0
2,45,14697,13017,60,0.04181286549707602,0,0,1,1,0
0,51,8000,2000,24,0.03018181818181818,1,0,1,1,0
27,61,19100,9865,36,0.07608695652173914,0,0,1,1,0
2,39,14710,10970,60,0.063125,0,0,1,0,0
1,62,6250,6250,24,0.1245454545454545,0,0,0,0,1
0,39,13990,8990,72,0.05597326649958229,0,0,0,0,0
7,26,14240,14240,84,0.12125,0,0,1,1,0
1,23,14269,15704,60,0.1052941176470588,0,0,0,0,1
3,24,12300,11949,60,0.1155950752393981,0,0,0,0,1
9,36,8800,6456,48,0.1062547098718915,0,0,0,0,0
3,47,6190,5190,36,0.09935064935064936,0,0,1,1,0
1,44,4690,5226,60,0.05647058823529412,0,0,0,0,0
0,19,19990,19000,72,0.1492829204693611,0,0,0,0,0
1,40,14990,13990,60,0.09887218045112782,0,0,0,0,1
4,42,10050,8222,36,0.1244791666666667,0,0,1,0,0
14,37,10690,10230,48,0.1027272727272727,0,0,1,0,0
3,35,10564,8447,60,0.04996857322438718,0,0,1,1,0
10,51,18500,18689,96,0.1183783783783784,0,0,1,1,0
5,54,27377,27439,60,0.1233333333333333,1,0,1,1,0
42,60,9990,11641,84,0.07162790697674419,0,0,0,0,0
1,43,19900,18895,60,0.2225,0,0,1,0,1
3,26,23640,23640,60,0.2683333333333333,0,0,1,0,0
11,50,20780,19409,48,0.05504866180048662,0,0,1,0,0
1,50,15400,16347,72,0.150625,0,0,1,0,0
0,36,7990,9127,60,0.07253886010362694,0,0,1,0,1
1,33,16000,9747,60,0.09470899470899471,0,0,1,0,0
2,25,5990,6594,48,0.0703306939916162,0,0,1,0,0
7,29,4300,4750,36,0.1052631578947368,0,0,1,0,1
1,36,13250,12423,60,0.07842105263157895,0,0,0,0,0
10,75,3600,3211,36,0.05974842767295598,0,0,0,0,0
2,43,4500,4846,48,0.09145299145299145,0,0,0,0,0
23,49,24100,22100,48,0.08333333333333333,0,0,1,1,0
8,42,6070,4252,24,0.1162060301507538,0,0,1,1,0
4,46,22618,7378,60,0.04328859060402684,1,0,1,1,0
0,34,20047,20047,60,0.1828571428571429,0,0,0,0,1
6,53,6298,6782,48,0.1,0,0,0,0,0
18,43,6430,6920,36,0.1,0,0,1,0,0
5,36,13259,13803,72,0.1194285714285714,0,0,0,1,0
1,22,24800,24300,72,0.09523809523809523,0,0,0,0,0
0,54,6990,6644,60,0.07203389830508475,0,0,0,0,0
5,25,4000,2167,48,0.04601769911504425,0,0,0,0,1
6,33,19200,16200,96,0.08075313807531381,0,0,1,0,0
0,21,6350,7254,60,0.1108333333333333,0,0,0,0,0
4,69,10000,9200,48,0.137012987012987,0,0,0,1,0
22,40,12790,13878,60,0.05790240349599417,0,0,1,0,1
0,60,3990,4105,96,0.04333333333333333,0,0,1,1,0
2,52,17800,18934,72,0.07266313932980599,0,0,0,1,1
5,40,10990,7583,60,0.06756756756756757,0,0,0,0,0
5,69,1501,1501,12,0.08951048951048951,0,0,1,1,0
6,31,4795,3646,36,0.09818181818181818,0,0,0,0,0
26,59,9750,6687,96,0.02382352941176471,0,0,1,1,0
3,38,6360,3360,24,0.042,0,0,0,0,0
2,29,11600,7366,60,0.06717948717948719,0,0,0,1,0
14,49,16500,14821,60,0.069,0,0,1,1,0
1,39,13480,15352,60,0.1177489177489178,0,0,1,0,1
6,71,7865,7990,72,0.045,0,0,1,1,0
8,68,11428,9558,72,0.09909090909090909,0,0,1,1,0
37,57,13490,11990,60,0.075,0,0,1,1,0
20,39,8395,5818,48,0.08051628764597418,0,0,0,0,0
22,82,6900,6900,48,0.112859097127223,0,0,1,0,0
6,66,15125,12939,60,0.1144827586206897,0,0,0,1,0
0,22,14000,9000,24,0.1556,0,0,0,0,0
24,51,6749,6164,60,0.05523809523809524,0,0,0,0,0
17,52,3875,3990,48,0.03503308680420397,0,0,1,0,0
3,68,21377,19541,60,0.184,0,0,1,1,1
1,42,21872,21872,72,0.1225490196078431,0,0,1,1,0
5,26,21200,21200,72,0.08941605839416059,0,0,1,0,0
15,77,9259,3259,24,0.1391050583657588,1,0,1,0,0
6,36,12700,14508,60,0.1483333333333333,0,0,0,0,1
1,50,14900,12995,72,0.1290909090909091,0,0,1,1,0
2,51,8499,9206,60,0.1481818181818182,0,0,1,1,0
7,41,6040,6514,60,0.06333333333333334,0,0,0,0,0
5,44,6500,7231,96,0.03640256959314775,0,0,1,0,0
17,39,18990,18990,60,0.08823529411764706,0,0,1,1,0
4,24,17490,18695,48,0.1647058823529412,0,0,0,0,0
12,53,10000,2000,24,0.051875,1,0,0,0,0
1,24,7100,7100,48,0.2162162162162162,0,0,0,0,1
15,49,5490,5490,72,0.05352941176470588,0,0,0,0,0
0,29,19414,22300,72,0.1393709327548807,0,0,1,0,0
2,60,18000,19422,60,0.105,0,0,1,0,1
2,54,12900,10832,60,0.12,0,0,0,0,0
2,53,8200,8200,24,0.1795,0,1,0,0,0
0,50,7551,8125,48,0.11125,0,0,1,0,0
0,25,22985,13770,36,0.1371428571428571,0,0,1,0,0
0,50,5956,6178,48,0.090625,0,0,1,1,0
2,53,16895,12782,96,0.1153846153846154,0,0,1,0,0
1,46,5990,5990,48,0.09857142857142857,0,0,1,1,0
6,26,28794,27294,72,0.1872727272727273,0,0,0,0,0
12,73,10890,10890,36,0.1304,0,0,1,1,0
21,59,28500,20684,60,0.11875,0,0,0,0,0
1,36,21260,15260,36,0.1228932584269663,0,0,1,0,0
0,35,6900,5991,48,0.05877483443708609,0,0,1,0,1
3,31,16900,16394,72,0.1727272727272727,0,0,1,0,0
5,24,10990,9622,48,0.1004761904761905,0,0,0,0,0
44,64,11884,7843,48,0.077474249888043,0,0,0,0,0
10,33,7900,5900,48,0.05657093124456049,0,0,1,1,0
7,32,13990,14079,84,0.1565217391304348,0,0,1,0,0
25,51,3608,3608,12,0.1343478260869565,0,0,0,0,0
0,38,4550,4892,36,0.123728813559322,0,0,0,0,0
2,42,11950,6919,36,0.08739130434782609,0,0,1,0,0
9,51,3500,3338,36,0.06125,0,0,1,1,0
5,54,10630,12232,60,0.1558333333333333,0,0,0,1,1
15,76,18610,13910,60,0.1969230769230769,0,0,1,1,0
0,24,6114,6864,48,0.1291666666666667,0,0,0,0,0
30,53,16300,22660,96,0.125,0,0,1,1,0
36,61,15947,15947,36,0.07733333333333334,0,0,1,1,0
5,56,15695,16911,36,0.1566343042071197,0,0,1,1,0
28,57,14990,9678,72,0.08857142857142856,0,0,1,1,0
1,47,16300,17374,48,0.04497206703910615,0,1,1,0,0
9,39,9510,3769,36,0.04319066147859922,1,0,1,1,0
19,48,3044,3269,36,0.05647058823529412,0,0,0,0,0
14,48,7900,4419,36,0.07470588235294118,1,0,1,1,0
4,23,8990,8213,36,0.07894736842105263,0,0,0,0,0
3,23,6480,7055,36,0.06277777777777778,0,0,0,0,0
12,58,20290,21813,72,0.09151515151515152,0,0,1,1,0
11,52,19249,22019,60,0.1125,0,0,1,1,0
10,27,25858,25972,60,0.2166666666666667,0,0,0,0,1
0,23,13980,13980,60,0.1191185229303157,0,0,0,0,1
0,42,22000,20000,96,0.1806451612903226,0,0,0,0,1
1,34,11300,6363,60,0.06560283687943262,0,0,1,1,0
7,52,14200,15727,96,0.08227272727272728,0,0,1,0,1
22,52,15351,7490,60,0.02878787878787879,1,0,1,1,0
1,33,10950,10950,72,0.09263157894736843,0,0,0,0,0
0,35,12760,7169,24,0.1616216216216216,0,0,0,0,0
12,44,16990,16381,72,0.05451388888888889,0,0,1,1,0
17,76,8173,8173,48,0.0801762114537445,0,0,1,0,0
19,84,3957,4079,36,0.08266666666666667,0,0,0,0,1
0,20,8500,8000,24,0.07154929577464789,0,0,0,0,0
0,27,24990,18673,36,0.2611336032388664,0,0,0,0,1
15,49,7790,8401,48,0.09807991696938247,0,0,0,0,0
31,58,9068,9960,48,0.125962596259626,0,0,0,1,0
15,47,15590,14403,84,0.0784,0,0,0,1,0
13,42,20289,20289,60,0.2210526315789474,0,0,0,0,0
11,43,5500,5500,60,0.06666666666666667,0,0,1,1,0
23,45,13600,10600,84,0.04221711659965537,0,0,1,1,0
34,51,5870,6449,72,0.02724867724867725,0,0,1,1,0
4,31,12537,13594,60,0.1876923076923077,0,0,0,0,0
16,64,7450,5600,48,0.08689655172413793,0,0,1,1,0
3,22,18990,17490,60,0.1354838709677419,0,0,0,0,1
14,62,12975,10975,60,0.0612,0,0,1,1,0
8,39,5591,5199,48,0.02127272727272727,0,0,1,1,0
4,67,18400,18400,60,0.0732,0,0,1,1,0
7,47,7860,6329,48,0.06041666666666667,0,0,1,0,0
0,63,12900,8314,36,0.2075,0,0,1,1,1
1,28,14990,16254,60,0.1051494418437162,0,0,0,0,0
1,57,22259,24139,84,0.1079310344827586,0,0,1,1,0
10,39,24990,24990,60,0.1405094494658997,0,0,1,0,0
1,58,9190,10507,96,0.05363636363636363,0,0,0,0,0
16,54,13200,13200,48,0.05454545454545454,0,0,1,0,0
9,45,16389,13719,72,0.08148148148148149,0,0,0,1,0
0,21,6490,6999,48,0.1436363636363636,0,0,0,0,1
11,54,9521,9479,96,0.08222222222222222,0,0,1,1,0
1,33,7919,7919,60,0.07149712092130518,0,0,1,0,0
8,32,7940,9463,84,0.083125,0,0,0,0,0
7,62,15580,18369,84,0.1063829787234043,0,0,1,0,0
0,21,6020,6846,60,0.1145454545454545,0,0,0,0,1
18,51,13049,13853,72,0.05894886363636364,0,0,1,0,0
5,41,5990,6635,72,0.092,0,0,0,0,1
2,49,8298,5701,36,0.0692,0,0,0,0,0
16,39,9900,9400,60,0.03719599427753934,0,0,1,1,0
5,39,18327,8327,36,0.03514285714285714,1,0,1,0,0
0,22,10900,11843,60,0.1038095238095238,0,0,1,0,1
1,35,23232,23232,72,0.1363636363636364,0,0,0,0,0
3,31,15590,16916,60,0.1223470661672909,0,0,0,1,1
6,40,10430,10430,48,0.07121212121212121,0,1,0,1,0
12,55,15495,11495,60,0.1423512747875354,0,0,0,1,1
5,53,24500,10927,72,0.122962962962963,0,0,1,0,0
2,46,5200,5584,36,0.05689655172413793,0,0,0,0,0
1,18,10990,11822,48,0.110625,0,0,0,0,1
1,44,8990,8784,72,0.05675675675675676,0,0,0,1,0
13,58,7900,6732,84,0.0624561403508772,0,0,0,0,0
34,51,14990,4490,24,0.1581967213114754,1,0,0,1,0
15,35,6791,3822,48,0.0085,0,0,1,1,0
16,52,19800,14658,84,0.07615230460921844,0,0,0,0,0
2,54,9750,6051,36,0.0712,0,0,1,0,0
0,19,13900,15766,96,0.1130681818181818,0,0,1,0,0
13,82,13480,13858,36,0.2608695652173913,0,0,0,0,1
36,53,7210,8443,72,0.05435897435897436,0,0,1,1,1
19,60,9195,9824,60,0.1572727272727273,0,0,1,1,0
6,69,13300,5300,48,0.07333333333333333,1,0,1,0,0
3,25,18000,19599,60,0.0975,0,0,0,0,1
0,53,13990,15226,60,0.1005882352941176,0,0,0,0,1
10,34,11825,8311,48,0.1246666666666667,0,0,0,1,0
15,55,14890,12769,36,0.3141666666666666,0,0,0,1,1
3,35,20114,9946,72,0.1247906197654941,0,0,1,0,0
1,23,13000,13000,48,0.13,0,0,0,1,0
2,37,11000,11000,96,0.1433155080213904,0,0,1,0,0
21,58,9836,9836,36,0.116,0,0,0,1,1
5,31,8950,9481,48,0.1216056670602125,0,0,0,0,0
10,46,34960,28179,48,0.1554639175257732,0,0,1,1,0
14,37,11950,5446,48,0.076875,1,0,0,1,0
6,43,6600,4690,60,0.03826086956521739,0,0,0,1,0
2,66,23990,8990,60,0.0584648493543759,1,0,0,1,0
1,23,10700,10700,60,0.197252208047105,0,0,1,0,0
24,60,16500,13500,48,0.131578947368421,0,0,1,0,0
4,53,11480,15292,60,0.1781818181818182,0,0,1,1,0
7,28,15490,16294,72,0.1059090909090909,0,0,0,0,0
25,56,15500,15500,60,0.09545454545454546,0,0,0,0,1
6,60,10900,9552,72,0.102,0,0,1,1,0
7,23,12700,12700,36,0.1780952380952381,0,0,0,0,0
9,37,28500,20242,72,0.1386666666666667,0,0,1,0,1
23,43,10000,10000,36,0.04857512953367876,0,0,0,0,0
17,54,6045,6045,48,0.0633257403189066,0,0,0,1,0
31,51,23000,15000,60,0.0930795847750865,0,0,1,0,0
9,58,23500,20089,72,0.1454283657307416,0,0,1,1,0
3,49,28000,17000,48,0.04471544715447155,0,0,0,1,0
3,31,20990,22844,60,0.1083333333333333,0,0,0,0,0
1,28,5580,6075,60,0.076,0,0,0,0,1
1,59,9300,7689,48,0.07478260869565218,0,0,1,1,0
7,65,5490,5915,72,0.04454545454545455,0,0,0,0,0
23,55,10975,7080,72,0.08148148148148149,1,0,0,1,0
21,60,8878,8878,48,0.08333333333333333,0,0,0,1,0
1,51,18500,17500,60,0.1788888888888889,0,0,1,0,1
4,51,13000,5800,36,0.04358974358974359,0,0,0,1,0
5,65,9990,7490,72,0.041,0,0,1,1,0
0,26,7900,7900,72,0.1023368251410153,0,0,0,0,1
0,26,9600,8400,96,0.07846153846153846,0,0,0,0,0
10,51,15980,13738,48,0.07777777777777778,0,0,1,0,0
3,35,6580,6580,24,0.1064540059347181,0,0,1,1,0
2,36,17480,20632,84,0.1873333333333333,0,0,0,0,0
1,32,9990,9990,72,0.08968609865470852,0,0,1,0,0
7,25,19780,21516,60,0.1647058823529412,0,0,0,0,1
16,61,15570,12170,72,0.08130434782608696,0,0,1,1,0
1,32,11300,10551,96,0.07560543414057885,0,0,1,1,1
27,55,8102,8539,48,0.12,0,0,1,0,0
23,57,23397,25557,84,0.1469387755102041,0,0,0,0,0
18,49,12790,12790,60,0.09127906976744186,0,0,0,0,1
13,36,12639,12639,60,0.06157112526539278,0,0,0,1,0
5,65,3990,4710,60,0.06833333333333333,0,0,0,0,1
29,47,29760,14000,60,0.08782365290412876,1,0,0,1,0
37,56,27500,27500,60,0.0818421052631579,0,0,1,1,0
6,49,16250,10380,96,0.07168674698795181,0,0,0,0,0
3,32,14990,14990,96,0.0559375,0,0,0,0,0
3,46,11800,11800,60,0.1585714285714286,0,0,0,0,1
4,53,11000,12033,72,0.088,0,0,0,1,1
2,24,14000,15189,60,0.1233333333333333,0,0,0,0,0
0,29,10970,7118,24,0.1361833406787131,0,0,0,0,0
33,54,12430,14009,48,0.09538461538461539,0,0,0,0,0
13,45,4600,4600,24,0.03672727272727273,0,0,1,1,0
1,34,11949,8012,48,0.08067456700091158,0,0,1,1,0
8,30,16990,13204,72,0.08933333333333333,0,0,0,1,1
3,21,10090,11948,60,0.1384615384615385,0,0,0,0,0
4,33,4600,3600,48,0.05804195804195804,0,0,1,0,0
1,18,14575,14575,60,0.1157142857142857,0,0,0,0,0
13,37,11590,9590,60,0.06515151515151515,0,0,0,0,0
12,77,17100,14200,60,0.1003846153846154,0,0,1,1,0
19,51,13738,8738,48,0.07962813257881972,0,0,1,0,0
0,39,17480,13480,48,0.0587797619047619,0,0,1,0,0
1,48,7800,9539,96,0.0928,0,0,0,0,0
13,49,10980,10980,24,0.1781481481481481,0,0,1,1,0
3,23,8790,9778,96,0.08413284132841328,0,0,0,0,1
2,32,9490,10370,72,0.1046666666666667,0,0,0,0,1
13,73,3721,3721,24,0.101875,0,0,1,0,0
3,19,18990,20281,72,0.1914285714285714,0,0,0,0,1
3,46,10117,10117,60,0.1134549600912201,0,0,1,0,1
1,26,12990,12990,84,0.087,0,0,0,0,0
14,30,20850,25599,72,0.1170833333333333,0,0,0,0,0
0,26,18739,17739,96,0.1134133042529989,0,0,0,0,0
20,58,13990,15871,72,0.1127272727272727,0,0,1,1,0
15,54,14040,11630,60,0.02688172043010753,0,0,1,1,0
7,57,20550,22207,72,0.1082608695652174,0,0,1,1,0
0,48,7920,5391,24,0.1315496098104794,0,0,1,0,0
22,45,19070,17817,48,0.1102857142857143,0,0,1,1,0
0,26,12000,12000,60,0.08571428571428572,0,0,0,1,0
0,28,10900,10900,96,0.1075794621026895,0,0,0,0,0
57,85,6800,6800,48,0.09176470588235294,0,0,0,0,0
30,58,17300,5488,24,0.135,1,0,1,1,0
11,39,15958,15958,30,0.0978125,0,0,1,1,1
7,41,3500,3000,12,0.1108695652173913,0,0,1,1,0
14,37,3660,3660,12,0.1175373134328358,0,0,1,1,0
9,52,5250,5250,60,0.066,0,0,0,0,1
3,26,7000,7573,60,0.09671361502347418,0,0,0,0,1
3,24,11490,5000,36,0.09733333333333333,1,0,0,0,0
1,40,12000,11199,84,0.1344,0,0,1,0,0
1,23,7970,7970,72,0.084,0,0,0,0,0
0,29,15500,16771,60,0.1138888888888889,0,1,0,1,0
32,48,14790,12790,72,0.0694078947368421,0,0,1,0,0
12,77,13990,13990,96,0.1328125,0,0,1,0,0
1,32,23850,26275,72,0.1601441812564367,0,0,0,0,1
12,41,12940,10940,48,0.1153846153846154,0,0,1,0,0
1,18,12000,11458,72,0.1315384615384615,0,0,0,0,1
11,71,16990,9490,48,0.05319148936170213,0,0,0,0,0
32,51,22500,22500,72,0.1236666666666667,0,0,1,0,0
16,39,12950,14398,84,0.1097297297297297,0,0,1,0,0
14,38,28190,18190,60,0.113302752293578,0,0,1,1,0
0,57,10300,9710,48,0.06497431248111211,0,1,1,0,1
0,43,11130,8130,48,0.1153846153846154,0,0,1,1,0
1,57,17990,19272,60,0.15,0,0,0,0,1
0,19,12835,12335,60,0.16,0,0,0,0,0
5,50,10000,10785,48,0.1150568181818182,0,0,1,0,0
1,23,8500,9751,60,0.08707865168539326,0,0,0,1,1
0,51,18710,19700,72,0.08122448979591837,0,0,0,1,0
25,46,13500,15118,96,0.0885,0,0,0,0,0
1,54,7600,2758,12,0.1958333333333333,1,0,1,1,0
27,65,9680,4680,48,0.06303030303030303,1,0,1,0,0
0,26,10001,10001,48,0.1185458377239199,0,0,0,0,0
4,33,4200,4499,48,0.05545454545454546,0,0,0,0,0
4,27,10970,10290,60,0.09947368421052631,0,0,0,0,0
16,58,6000,6722,60,0.08266666666666667,0,0,1,1,1
16,46,17860,16640,60,0.2234678624813154,0,0,1,0,0
7,56,23900,10071,60,0.06666666666666667,0,0,0,0,0
1,58,18390,19471,96,0.152,0,0,0,0,0
14,31,12990,17041,48,0.06627218934911243,0,0,1,1,0
0,33,16949,18632,72,0.1123991935483871,0,0,1,1,0
22,57,23370,13427,48,0.1143478260869565,1,0,1,0,0
0,25,6500,7093,36,0.05299145299145299,0,0,0,0,0
7,59,7480,8020,60,0.06428571428571428,0,0,0,0,0
0,42,13600,9100,72,0.05102407473948976,0,0,1,1,0
20,53,11650,11650,84,0.0656,0,0,1,1,0
6,32,8660,7290,48,0.06666666666666667,0,0,1,0,0
17,54,17990,8990,36,0.005128205128205128,0,0,1,1,0
0,64,12410,14029,84,0.09024390243902439,0,0,1,1,0
9,28,9990,9197,60,0.0583810888252149,0,0,1,1,0
0,26,19886,23192,72,0.256551724137931,0,0,1,0,0
3,30,9790,9790,72,0.1221052631578947,0,1,1,1,0
17,48,28500,18500,60,0.0891304347826087,0,0,0,1,0
16,54,6985,7598,60,0.05524861878453038,0,0,0,0,0
1,64,23100,19100,72,0.1709090909090909,0,0,1,1,0
32,58,13500,6909,36,0.1042105263157895,0,0,1,1,0
2,30,20990,17105,48,0.1621621621621622,0,0,0,0,0
19,48,10990,6565,60,0.06051282051282051,0,0,0,0,1
1,43,13880,14128,60,0.1814285714285714,0,0,1,0,0
14,60,4310,4511,36,0.266,0,0,1,1,0
1,32,25030,28437,60,0.1520618556701031,0,0,0,1,0
23,45,7813,8381,36,0.1261633919338159,0,0,1,1,0
25,48,11450,11450,72,0.05333333333333334,0,1,1,1,0
4,26,5900,4738,48,0.065625,0,0,0,0,0
20,40,8800,8800,48,0.06601307189542484,0,0,1,1,0
4,42,29184,29561,72,0.2453237410071943,0,0,1,1,0
2,37,23660,23660,72,0.1628930817610063,0,0,1,0,1
19,45,17850,14637,48,0.06833333333333333,0,0,1,1,0
7,70,11179,10794,36,0.0567741935483871,0,0,0,0,1
0,34,35286,27555,60,0.05489749430523918,0,0,1,1,0
4,32,8800,10208,72,0.062,0,0,1,0,0
2,40,6990,7628,72,0.04384615384615385,0,0,1,0,0
4,49,7800,7876,96,0.06,0,0,0,0,0
17,54,8160,4290,36,0.07677419354838709,0,0,1,1,0
1,27,9950,10901,72,0.1077313054499366,0,0,1,0,0
8,37,14939,13493,48,0.1857355126300149,0,0,0,0,0
1,40,11950,8565,48,0.0516,0,0,1,1,0
0,49,12190,12190,72,0.2115789473684211,0,0,1,0,0
10,59,18900,16900,60,0.03260288615713522,0,0,1,0,0
22,45,12870,8353,24,0.0676,0,0,1,0,0
1,20,13778,15171,60,0.1207142857142857,0,0,0,0,1
8,72,5880,6302,60,0.068,0,0,1,1,1
18,79,7605,7605,60,0.1588888888888889,0,0,1,1,0
0,19,11900,11900,60,0.129373474369406,0,0,0,0,1
2,47,15820,16667,36,0.07283018867924529,0,0,1,1,0
43,60,5908,6404,36,0.09090909090909091,0,0,0,1,0
4,70,18857,8399,36,0.1377777777777778,1,0,1,1,0
3,44,4716,4716,96,0.03647058823529412,0,0,0,0,0
10,70,10850,9000,72,0.04976462676529926,0,0,1,1,1
0,29,23000,25306,84,0.17,0,0,0,0,0
15,60,16500,14000,60,0.1287179487179487,0,0,1,0,0
2,44,31000,20311,48,0.1137538779731127,0,0,1,1,0
4,54,15600,14600,96,0.191,0,0,1,0,0
0,48,18290,13884,72,0.08975481611208407,0,0,1,1,0
16,50,9950,8760,60,0.02947976878612717,0,0,0,1,0
2,47,5500,5931,48,0.07362637362637363,0,0,1,0,0
18,49,9990,8990,60,0.04695652173913043,0,0,0,1,0
0,20,11313,8490,48,0.1533018867924528,0,0,0,0,0
21,62,3750,3875,24,0.224,0,0,1,1,0
7,27,12400,12008,84,0.08666666666666667,0,0,1,0,0
1,28,14790,12990,24,0.1655555555555556,0,0,0,0,1
1,52,18990,21803,60,0.1673239436619718,0,0,0,0,1
13,49,24980,13999,48,0.0607843137254902,0,0,1,1,0
2,34,20200,15772,24,0.07692307692307693,0,0,0,0,0
8,68,16000,18654,48,0.125,0,0,1,1,0
28,50,10890,10890,60,0.0501002004008016,0,0,1,0,1
15,61,9890,11742,96,0.08506841165972635,0,0,1,0,0
3,40,12990,12025,72,0.1033519553072626,0,0,1,1,0
3,24,12350,12490,72,0.0939119170984456,0,0,0,0,0
0,18,6800,6794,48,0.1610526315789474,0,0,0,0,1
4,48,14990,14890,60,0.09268465909090909,0,0,1,1,0
1,28,7500,6193,60,0.114,0,0,0,0,0
0,22,2900,1900,24,0.07545454545454545,0,0,0,0,0
30,47,22390,22390,60,0.1142857142857143,0,0,1,1,0
0,47,3500,3500,12,0.01976805482340538,0,0,0,0,0
3,55,16490,16490,48,0.1232142857142857,0,0,1,1,1
0,58,18900,2051,12,0.2777777777777778,1,0,1,1,0
13,50,10995,5060,72,0.02091152815013405,0,0,1,1,1
2,25,11485,13305,72,0.1344594594594594,0,0,0,0,1
29,59,24710,21500,48,0.09371428571428571,0,0,1,1,0
10,36,8476,9005,24,0.2036842105263158,0,0,0,0,0
36,63,12360,7900,48,0.048,0,0,1,1,0
5,50,7685,8342,60,0.076,0,0,1,0,0
5,50,6200,6200,72,0.060625,0,0,1,1,0
10,62,6490,4407,36,0.08125,0,0,1,0,0
8,53,13409,15271,60,0.1935714285714286,0,0,0,0,0
36,60,10379,8984,48,0.07629629629629629,0,0,1,1,0
13,72,16000,13590,72,0.1147368421052632,0,0,1,1,0
9,75,4005,4005,24,0.125,0,0,1,1,0
5,24,6200,2400,48,0.03857142857142857,1,0,0,0,0
9,57,3260,3587,24,0.06782608695652174,0,0,1,1,0
3,22,6750,6175,36,0.1166666666666667,0,0,0,0,0
2,29,19290,21082,60,0.1951219512195122,0,0,0,0,1
4,38,6990,4990,48,0.06222222222222222,0,0,0,0,0
7,37,22000,20689,60,0.1,0,0,0,0,0
13,71,10185,9985,84,0.1074074074074074,0,0,0,0,0
19,39,22930,22930,60,0.09119496855345911,0,0,1,1,0
5,69,9500,9500,84,0.07428571428571429,0,0,0,1,1
1,64,8970,8970,60,0.03523809523809524,0,0,0,0,1
8,36,12120,5901,96,0.04202719406674908,1,0,0,0,0
22,45,4848,5154,24,0.08092485549132948,0,0,1,1,0
9,70,21300,18300,84,0.172,1,0,0,0,1
6,50,5100,5100,72,0.03359511343804537,0,0,1,0,0
0,27,20090,22005,72,0.2148760330578512,0,0,0,0,1
9,40,22900,24093,84,0.191875,0,0,0,0,0
1,37,26476,28997,72,0.0948346542771249,0,0,1,1,1
0,56,11326,11089,72,0.03542319749216301,1,0,1,0,0
5,40,8990,8000,60,0.0703306939916162,0,0,1,1,0
1,23,5666,5666,60,0.064,0,0,0,0,1
1,31,12950,11435,72,0.1,0,0,0,0,0
16,74,6805,7155,60,0.092,0,0,0,0,1
1,66,16500,18576,60,0.0775,0,0,1,1,0
20,54,8000,9175,60,0.06,0,0,1,0,1
1,47,10786,11203,24,0.07911392405063292,0,0,1,1,0
3,49,14950,15740,96,0.1392307692307692,0,0,1,0,1
34,54,14900,15986,96,0.06814814814814815,0,0,1,0,0
1,19,21950,21950,60,0.17375,0,0,0,0,1
1,55,32350,20350,48,0.188,0,0,1,1,0
3,29,9700,9385,96,0.076,0,0,0,0,1
17,81,6589,6427,60,0.0775,0,0,0,1,0
27,56,3990,1990,12,0.13203125,0,0,1,0,0
40,58,10000,10000,60,0.04417670682730924,0,0,1,0,1
1,23,13500,14647,60,0.1047058823529412,0,0,0,1,0
6,57,15627,14007,60,0.06478260869565218,0,0,1,1,0
7,47,11990,12130,72,0.0784313725490196,0,0,0,0,0
1,47,20940,20940,96,0.1123404255319149,0,1,1,1,1
3,27,20239,19638,72,0.1069364161849711,0,0,0,0,0
5,38,12000,9000,36,0.08966666666666667,0,0,1,0,0
8,67,18800,16800,60,0.1321678321678322,0,0,0,0,1
33,53,6078,6957,60,0.0715846994535519,0,0,1,0,0
2,25,8914,4911,60,0.11,1,0,0,0,0
5,40,16900,15662,96,0.1790909090909091,0,0,1,0,0
4,37,9900,10172,60,0.11,0,0,0,1,0
7,27,8160,9340,60,0.1353846153846154,0,1,0,0,0
10,30,12985,11917,60,0.0867816091954023,0,0,1,0,0
1,38,7990,8816,72,0.03848895224518888,0,0,1,0,1
2,36,6250,5000,48,0.078,0,0,0,1,0
8,28,18000,8000,48,0.07666666666666666,1,0,0,0,0
1,40,10078,11194,72,0.1257183908045977,0,0,1,0,0
1,30,9200,2200,24,0.05277777777777778,1,0,0,0,0
26,61,10350,11659,48,0.05333333333333334,0,0,0,0,0
1,20,15334,15334,60,0.1236220472440945,0,0,0,0,0
14,38,28770,23279,96,0.089,0,0,0,0,0
2,26,17000,17332,60,0.191875,0,0,0,0,0
1,32,5900,6437,60,0.1216879293424926,0,0,0,0,1
22,58,20990,10644,48,0.1113636363636364,1,0,0,0,0
3,31,18990,20897,72,0.09581589958158995,0,0,1,1,0
2,73,5396,5451,12,0.07142857142857142,0,0,1,1,0
23,40,8463,9088,36,0.04474123539232053,0,0,1,1,0
1,58,9900,10619,60,0.0972027972027972,0,1,1,0,1
0,50,10970,11095,60,0.03533333333333333,0,0,0,0,1
26,53,15290,13290,72,0.04625,0,0,1,1,0
9,48,15340,15450,60,0.07010812696198117,0,0,1,0,1
0,20,20000,22677,60,0.2307692307692308,0,0,0,0,1
34,51,9460,2009,12,0.06305970149253731,1,0,1,1,0
7,54,4999,5790,48,0.1209090909090909,0,0,0,0,1
16,46,13100,14209,60,0.2742857142857143,0,0,1,0,0
34,50,31915,29407,72,0.112094395280236,0,0,1,1,0
6,66,22619,25614,72,0.1567251461988304,0,0,1,0,1
23,58,8870,9000,60,0.0872093023255814,0,0,1,1,0
7,51,14490,14919,84,0.08968609865470852,0,0,1,0,1
5,23,13129,15365,60,0.1254901960784314,0,0,0,0,0
4,47,22900,22900,72,0.155625,0,0,1,1,1
3,24,5900,4340,48,0.08559322033898305,0,0,0,0,0
1,30,7340,8522,60,0.08388888888888889,0,0,0,0,0
31,51,13528,10528,60,0.05944444444444445,0,0,0,0,0
1,33,7750,5878,48,0.06285714285714286,0,0,1,0,0
0,28,7563,7563,24,0.1000658327847268,0,0,0,0,0
3,31,11890,6676,36,0.0776,0,0,1,0,0
6,35,17000,18834,84,0.0954326030449313,0,0,1,1,0
5,55,13680,11378,60,0.06818181818181818,0,0,0,1,0
3,32,6550,7318,96,0.06357142857142857,0,0,0,0,1
0,20,15100,14100,60,0.1523076923076923,0,0,0,0,1
1,26,5990,5649,48,0.08291139240506329,0,0,0,0,0
5,61,14490,14490,60,0.2191489361702128,0,0,0,0,0
16,62,9950,11553,96,0.05,0,0,1,0,1
15,71,19400,20397,60,0.2038461538461538,0,0,1,1,0
1,34,17500,17500,72,0.0595118689401538,0,0,1,1,0
8,45,14290,9290,60,0.06043478260869565,0,0,0,0,0
8,61,7500,8626,60,0.1383333333333333,0,0,1,0,0
1,23,28400,26448,60,0.2069182389937107,0,0,0,0,0
26,49,16450,10450,36,0.08733624454148471,0,0,0,1,0
18,62,8300,8889,48,0.1132723112128146,0,0,1,0,0
0,18,7750,8514,72,0.09771754636233952,0,0,0,0,1
4,22,8000,8130,72,0.082,0,0,0,0,1
22,54,11220,11406,48,0.04953488372093023,0,0,1,0,0
16,82,9999,7114,48,0.1552380952380952,0,0,1,0,1
1,53,4990,3211,36,0.07539682539682539,0,0,1,0,1
27,55,16970,18141,72,0.108,0,0,0,1,0
24,47,5255,5255,24,0.12,0,0,0,0,0
26,45,14800,10902,96,0.1505882352941176,0,0,1,1,0
24,62,13900,5200,60,0.048,1,0,1,1,0
1,53,14999,12114,96,0.1146926536731634,0,0,1,1,0
6,39,11501,14483,60,0.09423076923076923,0,0,1,0,0
22,54,24129,26147,60,0.09504685408299866,0,0,1,0,0
7,53,21970,22887,60,0.1661111111111111,0,0,0,0,0
11,46,6900,6000,60,0.035,0,0,1,1,0
8,37,6990,4822,36,0.0492371705963939,0,0,1,1,0
0,29,13985,15948,60,0.0722972972972973,0,0,0,0,0
20,46,17900,15377,60,0.06181818181818182,0,0,0,0,0
12,51,24460,18960,36,0.09166666666666666,1,0,1,0,0
11,47,16990,20400,96,0.1710344827586207,0,0,1,1,1
1,36,5189,5189,48,0.0476,0,0,0,0,0
21,49,21000,16000,48,0.1071428571428571,0,0,0,1,0
40,57,22890,13570,48,0.1,0,0,1,1,0
21,41,10950,12260,96,0.07879730430274753,0,0,0,0,0
28,51,4800,2870,12,0.1152380952380952,0,0,1,0,0
5,23,6990,7648,60,0.0808,0,0,0,0,1
18,37,21000,7549,48,0.07727272727272727,1,0,1,1,0
3,30,15945,17664,96,0.0992023928215354,0,0,1,1,0
0,39,19500,18361,48,0.08791666666666667,0,0,0,0,1
1,42,18485,18585,96,0.1384615384615385,0,0,1,1,0
7,57,6800,5800,60,0.09,0,0,0,1,0
18,54,5971,6138,36,0.0736,0,0,1,0,0
8,36,14990,16527,84,0.109,0,0,0,0,0
0,40,13800,15006,60,0.07535714285714286,0,0,0,0,0
4,40,8440,5364,36,0.07449856733524356,0,0,1,1,0
15,60,10500,6790,36,0.04080895630191405,0,0,0,1,0
14,74,8499,9239,60,0.08,0,0,0,1,0
23,46,6968,7503,48,0.09222222222222222,0,0,1,0,0
17,40,12290,3000,36,0.04229323308270676,1,0,1,0,0
0,40,8890,7525,60,0.1053763440860215,0,0,0,1,0
3,61,4700,1700,36,0.04473684210526316,1,0,0,0,0
16,37,25290,20290,60,0.0594059405940594,0,0,1,1,0
1,30,12500,10293,60,0.07176470588235294,0,0,0,0,0
20,37,6495,6436,72,0.05487480021310602,0,0,0,0,0
7,46,12490,7611,60,0.08125,0,0,1,1,0
3,44,12290,13936,60,0.1361538461538462,0,0,0,0,0
2,39,7862,7862,30,0.1295238095238095,0,1,1,1,1
2,25,14090,11845,48,0.081875,0,0,0,0,0
6,72,16070,12070,72,0.04144427001569859,0,0,1,0,0
1,57,7900,8057,72,0.07875,0,0,0,0,0
9,37,17650,16640,36,0.06252232940335835,0,0,1,0,0
1,65,9720,10131,72,0.1462962962962963,0,0,1,0,1
6,43,16690,15690,48,0.07423076923076923,0,0,1,0,0
3,48,7490,2804,24,0.065,1,0,0,1,0
9,35,11970,5977,72,0.0436032582654528,0,0,0,0,0
40,56,4558,4807,24,0.1055,0,0,1,0,0
11,73,5576,5576,24,0.0988,0,0,1,0,0
21,41,17305,20789,96,0.0893792071802543,0,0,1,0,1
25,51,16750,10750,60,0.05078947368421052,0,0,1,1,0
3,43,6887,6887,36,0.06766666666666667,0,0,0,1,0
7,24,25600,23300,72,0.1022727272727273,0,0,1,1,0
7,33,9500,4500,72,0.0233160621761658,1,0,1,0,0
3,68,7069,6856,60,0.05598958333333334,0,0,1,0,0
1,26,15848,17394,60,0.1775,0,0,0,0,1
1,58,8540,7473,36,0.11,0,0,0,0,1
11,76,8271,8271,36,0.1936,0,0,1,1,0
7,47,28190,19876,72,0.131304347826087,0,0,0,1,0
27,46,6000,6506,60,0.04875,0,0,1,0,0
10,53,16190,15462,96,0.08545454545454545,0,0,1,1,0
25,44,5400,5986,36,0.1092171717171717,0,0,1,1,0
0,57,9129,10293,96,0.1037099494097808,0,0,0,0,0
0,32,4500,4500,24,0.1293333333333333,0,0,0,0,0
6,53,6000,6000,36,0.0885,0,0,0,0,0
4,20,21990,24948,60,0.1810909090909091,0,0,0,0,1
11,55,9990,10503,60,0.1591666666666667,0,0,1,1,0
25,46,18650,14650,72,0.08066666666666666,0,0,1,1,0
2,36,10389,9191,72,0.0680952380952381,0,0,1,0,0
1,24,28990,29777,72,0.1994736842105263,0,0,0,0,1
23,40,20900,19200,60,0.05651162790697675,0,0,1,1,0
11,43,13200,10000,48,0.0575,0,0,1,0,0
26,52,15834,17231,60,0.1435714285714286,0,0,1,1,0
17,75,20450,15450,60,0.15,0,0,0,1,0
8,49,19431,22099,72,0.07517241379310345,0,0,1,1,0
21,45,13500,11000,72,0.08706345302508608,0,0,1,1,0
5,36,7390,6892,48,0.07238095238095238,0,0,0,1,0
30,51,7900,3694,60,0.03777777777777778,0,0,0,0,0
0,45,12850,13965,96,0.1416666666666667,0,0,0,0,1
14,54,16800,14533,72,0.1294117647058824,0,0,1,1,0
15,49,6900,6722,60,0.072,0,0,1,0,0
1,44,16990,16990,48,0.07891949152542373,0,0,0,0,0
0,44,30850,20980,48,0.1655359565807327,0,0,1,0,0
1,51,16500,6700,36,0.09428571428571429,1,0,1,1,0
45,62,6470,6470,48,0.08,0,1,1,1,0
6,29,34990,27306,72,0.0881976991904559,0,0,1,0,0
12,31,10900,9099,60,0.04849397590361446,0,0,1,1,0
16,77,5350,5350,36,0.1316666666666667,0,0,0,1,0
20,51,22733,24634,60,0.114452798663325,0,0,1,0,0
8,35,9500,4150,36,0.04963971176941553,0,0,1,0,0
8,47,11490,5301,48,0.118,1,0,1,0,0
16,46,6300,5707,48,0.06508264462809918,0,0,1,0,0
3,25,3488,3846,36,0.08615384615384615,0,1,0,0,1
9,45,8350,9551,60,0.075625,0,0,1,0,1
31,54,8462,9501,48,0.08663967611336032,0,0,1,1,0
1,21,21990,21990,60,0.1929032258064516,0,0,0,0,0
5,35,23144,13934,60,0.04672489082969433,1,0,1,0,0
0,47,15990,13990,60,0.1664507772020725,0,0,1,0,0
1,48,17000,18496,60,0.1469255663430421,0,0,1,0,1
26,45,16695,10595,60,0.03918918918918919,1,1,0,1,0
8,39,29899,23899,60,0.07138157894736842,0,0,1,1,0
23,54,13500,9000,60,0.04338624338624339,0,0,1,1,0
4,43,6900,7525,72,0.05078720162519045,0,0,0,0,1
30,46,14350,16100,60,0.103,0,0,0,1,0
17,60,8690,9939,60,0.09783783783783784,0,0,1,0,0
16,72,14500,13585,60,0.11,0,0,0,0,1
15,45,16900,4400,48,0.04304347826086957,1,0,0,0,0
1,18,24990,24990,96,0.1876138433515483,0,0,1,0,1
2,22,12150,12512,96,0.1436363636363636,0,1,0,0,0
4,26,19990,15975,48,0.1363636363636364,0,0,0,0,0
14,55,24490,26830,96,0.1993650793650794,0,0,1,0,0
24,72,16490,16490,48,0.08535714285714285,0,0,1,1,0
27,44,12990,10990,48,0.09884615384615385,0,0,0,0,0
1,66,17781,17278,36,0.1308333333333333,0,0,1,1,0
3,38,11480,11480,60,0.04608150470219436,0,0,1,0,1
5,30,5937,5937,48,0.08645161290322581,0,0,0,1,0
0,63,14990,13990,84,0.06266666666666666,0,0,1,1,0
4,67,16359,14359,48,0.1398058252427185,0,0,1,1,0
6,59,7500,7991,60,0.09545454545454546,0,0,1,0,0
5,42,17150,20826,96,0.1204044117647059,0,0,1,0,1
12,81,10300,5300,48,0.09076923076923077,0,0,0,0,1
7,35,16200,13000,60,0.06191950464396285,0,0,1,1,0
1,32,12234,6635,36,0.0764,1,0,0,1,0
4,37,17000,17000,72,0.06840277777777778,0,0,1,1,1
2,19,11853,11853,60,0.1372774267662263,0,0,0,0,0
3,45,12901,9990,84,0.1007142857142857,0,0,1,1,0
2,63,10990,8290,48,0.039375,0,0,0,0,1
7,41,12010,13401,84,0.1147058823529412,0,0,0,0,1
7,29,7500,8189,48,0.1075268817204301,0,0,1,0,1
5,48,21500,7000,12,0.14975,1,0,1,1,0
4,59,9900,9002,60,0.04375,0,0,1,1,0
7,30,7990,8374,36,0.09843137254901961,0,0,1,0,0
7,55,16628,17303,60,0.1023809523809524,0,0,1,0,0
1,30,15985,18442,60,0.1147368421052632,0,0,0,0,1
1,23,9940,7940,60,0.1252144082332761,0,0,0,0,0
10,74,4430,4555,36,0.08242424242424243,0,0,0,0,0
1,51,20500,21155,60,0.1182222222222222,0,0,1,1,0
0,34,13204,14689,72,0.1159517426273458,0,0,1,1,1
10,56,8620,9241,60,0.07142857142857142,0,0,1,0,0
28,55,17945,20863,72,0.07623478883321402,0,0,1,1,0
18,36,14550,15828,60,0.07013888888888889,0,0,1,1,1
2,56,11900,3900,48,0.07333333333333333,1,0,0,0,0
2,32,14478,14006,72,0.07013574660633484,0,0,1,0,0
4,45,16325,17570,96,0.1015180265654649,0,0,1,1,0
1,53,15650,16340,72,0.094375,0,0,1,1,0
8,71,15980,18274,60,0.103,0,0,1,0,1
9,74,12500,12817,84,0.186,0,0,0,0,0
4,53,16000,12000,96,0.06160337552742616,0,0,1,0,0
18,47,6220,3564,36,0.03311036789297659,0,0,0,1,0
8,46,13850,13850,96,0.1096969696969697,0,0,0,1,1
6,55,3369,3486,24,0.06863636363636363,0,0,0,0,0
8,38,14658,14158,60,0.1722532588454376,0,0,1,1,0
3,26,5990,5990,96,0.02860596293311845,0,0,0,0,1
1,22,14950,12872,72,0.125625,0,0,0,0,1
5,31,8900,9930,72,0.03535198278512142,0,0,1,1,0
10,32,12500,12500,48,0.07612667478684532,0,0,1,0,0
1,43,4230,4543,36,0.08375,0,0,0,1,0
7,46,11680,11680,72,0.05405405405405406,0,0,1,0,0
5,52,21490,11490,48,0.1992307692307692,0,0,1,1,0
23,41,6490,6490,60,0.03888888888888889,0,1,1,1,1
6,29,7990,9253,60,0.04773129051266942,0,0,1,0,0
3,29,15990,8210,72,0.02216216216216216,1,1,0,0,0
13,42,8983,8983,36,0.0951867816091954,0,1,1,1,0
3,32,9650,7850,48,0.07636363636363637,0,0,0,1,0
7,72,6990,7011,72,0.07260273972602739,0,0,0,0,0
1,24,10400,11927,60,0.133276740237691,0,0,0,0,1
28,47,8500,5000,24,0.02888888888888889,0,0,1,0,0
14,59,10500,11147,72,0.1083333333333333,0,0,1,1,0
1,46,11250,13360,84,0.114321608040201,0,0,1,0,0
2,27,9380,7204,60,0.1346938775510204,0,0,1,1,0
0,42,16950,17639,72,0.09904661016949153,0,0,0,0,0
5,36,24783,27112,72,0.2568965517241379,0,0,1,0,0
1,38,2500,2132,24,0.05647058823529412,0,0,1,0,1
3,67,21970,23539,84,0.1106896551724138,0,0,1,1,0
6,56,15990,15490,60,0.08545454545454545,0,0,0,0,0
1,26,14190,14190,60,0.1225,0,0,0,0,0
6,34,7970,8732,72,0.05774946921443737,0,0,1,0,0
6,36,25600,9799,48,0.1033333333333333,1,0,0,0,0
2,24,546,546,6,0.05111111111111111,0,0,0,0,0
17,61,13950,17012,84,0.13,0,0,1,1,0
1,38,16990,11701,48,0.1535294117647059,0,0,0,0,1
25,60,7517,5517,36,0.08578947368421053,0,0,1,1,0
2,55,5900,5707,48,0.05333333333333334,0,0,0,0,0
14,32,6450,1589,12,0.06753376688344172,1,0,0,0,0
5,23,10450,10841,60,0.07230769230769231,0,0,0,0,0
44,60,8450,8034,60,0.05692307692307692,0,0,1,1,0
5,59,14023,14023,56,0.06211180124223602,0,1,1,0,1
2,55,14290,4290,24,0.1377777777777778,1,0,0,1,0
1,35,13730,15520,60,0.08833333333333333,0,0,0,0,1
4,30,18400,17403,60,0.08363636363636363,0,0,0,0,0
0,52,13135,13135,72,0.0672,0,1,0,1,1
3,53,14010,10104,60,0.07466666666666667,0,0,1,1,0
39,64,7950,3950,24,0.1554545454545455,0,0,1,1,0
9,34,7990,9489,84,0.1172727272727273,0,0,0,0,0
0,37,17075,11950,48,0.08823529411764706,0,0,0,0,0
2,23,18900,22048,72,0.08943396226415094,0,0,0,0,1
10,56,7950,8471,60,0.1046979865771812,0,0,1,1,0
2,42,10500,11572,84,0.075,0,0,0,0,0
20,41,16990,17251,60,0.06044444444444445,0,0,1,1,0
25,59,6070,4070,36,0.12,0,0,1,1,0
2,67,8900,8900,48,0.1018181818181818,0,0,1,1,0
5,58,17500,11200,36,0.1675,0,0,1,1,0
11,43,14140,10255,48,0.1026086956521739,0,0,1,0,0
29,48,5700,5700,24,0.1335135135135135,0,0,1,1,0
11,74,18740,18838,60,0.2816666666666667,0,0,1,0,1
13,73,18990,9770,48,0.1004484304932735,1,0,1,1,0
0,38,13950,13950,60,0.1505882352941176,0,0,1,0,1
37,56,8451,8451,60,0.078125,0,0,0,1,0
1,27,17540,19208,60,0.163448275862069,0,0,1,0,1
30,55,22130,10325,48,0.07766666666666666,0,0,1,1,0
8,56,6990,6990,48,0.1680851063829787,0,0,1,1,0
6,68,2948,3088,24,0.1038461538461539,0,0,1,1,0
20,51,27750,12950,36,0.07107142857142858,0,0,1,1,0
18,47,13500,12826,48,0.10375,0,0,0,0,0
6,70,4208,4337,36,0.05565217391304348,0,0,1,0,0
7,33,7700,1700,12,0.07944444444444444,1,0,1,0,0
27,62,11000,11789,48,0.0532,0,0,1,1,0
33,54,26590,20000,48,0.1768,0,0,1,1,0
3,43,23779,21912,72,0.1290566037735849,0,0,1,1,0
2,37,17890,16790,96,0.1927272727272727,0,0,0,0,1
39,56,7300,7862,60,0.03096774193548387,0,0,1,1,0
21,58,5990,5990,72,0.061875,0,0,1,0,0
0,20,10120,11001,36,0.1251851851851852,0,0,0,0,0
1,20,18500,19015,60,0.2052941176470588,0,0,0,0,0
37,63,12490,9834,60,0.08227272727272728,0,0,1,0,0
7,29,18750,13750,60,0.06235294117647059,0,0,0,1,0
1,30,13070,13423,60,0.1648648648648649,0,0,1,0,0
24,54,10850,6000,12,0.1703333333333333,0,0,1,1,0
3,35,17845,14470,60,0.1444444444444444,0,0,0,0,0
19,53,12690,10690,60,0.08521739130434783,0,0,1,0,0
19,52,4143,4143,24,0.05,0,0,1,1,0
8,37,27500,27500,72,0.1227364185110664,0,0,0,0,0
0,28,4490,3390,24,0.1655555555555556,0,0,1,1,0
3,60,13680,13612,96,0.1312977099236641,0,0,1,1,0
3,44,17900,5000,24,0.09727272727272727,1,0,1,1,0
9,41,23998,23998,60,0.0715130023640662,0,0,1,1,0
24,48,5768,6262,24,0.1522222222222222,0,0,1,1,0
0,39,25000,25347,84,0.21,0,0,0,0,1
20,44,8999,9529,84,0.05367965367965368,0,0,1,0,0
1,28,11750,11750,24,0.09398099260823653,0,0,0,0,1
29,61,12844,14020,60,0.08689655172413793,0,0,0,1,0
17,49,22200,18099,96,0.07801418439716312,0,0,1,1,0
5,67,2079,2122,24,0.09583333333333334,0,0,1,0,0
2,32,16260,16260,60,0.1102702702702703,0,0,0,0,0
18,35,15550,6024,60,0.04037037037037037,1,0,1,1,0
3,37,3924,3924,12,0.0297029702970297,0,0,1,0,0
6,55,5990,6695,60,0.072782874617737,0,0,1,0,0
4,51,8750,10469,84,0.1061538461538462,0,0,0,0,0
40,57,10500,5500,24,0.1268421052631579,0,0,1,0,0
0,52,10890,10890,72,0.09297297297297297,0,0,0,0,0
13,68,6170,3859,24,0.1251851851851852,0,0,1,0,0
0,26,9900,9323,72,0.07487179487179488,0,0,0,0,1
19,49,11062,11062,60,0.126875,0,0,0,1,0
0,32,13600,15329,96,0.1225490196078431,0,0,0,0,1
3,56,9100,4241,24,0.09333333333333334,0,0,1,1,0
5,31,9900,7900,48,0.07880724174653887,0,0,1,0,0
17,77,6990,6990,60,0.1281818181818182,0,0,0,1,0
4,29,10585,11878,96,0.07334963325183375,0,0,0,0,1
20,42,47051,21585,72,0.06830065359477124,1,0,0,0,0
0,37,28000,16000,48,0.1378676470588235,0,0,1,0,0
3,32,11200,11200,48,0.1391666666666667,0,0,1,1,0
20,44,24610,27495,96,0.1113333333333333,0,0,1,1,0
15,58,15550,16469,60,0.109,0,0,1,0,0
44,60,24640,24640,60,0.1029508196721311,0,0,1,1,0
16,50,9940,9092,60,0.08,0,0,1,1,0
4,69,5207,5207,48,0.08285714285714285,0,0,0,0,0
1,47,13200,10000,60,0.08761904761904762,0,0,0,0,0
20,83,13300,10797,48,0.1869230769230769,0,0,0,1,1
0,30,10980,9465,36,0.1355185909980431,0,0,1,0,1
2,66,6590,7735,60,0.1117647058823529,0,0,1,0,1
13,33,14990,11990,48,0.07514611745059839,0,0,1,1,0
15,71,15400,5400,36,0.1325,1,0,1,1,0
28,50,3030,3030,12,0.1223809523809524,0,0,1,0,0
9,37,22100,22100,96,0.1350401606425703,0,0,0,0,0
0,35,12680,9680,24,0.01690251572327044,0,0,1,0,1
29,51,5300,5215,60,0.04584527220630372,0,0,1,1,1
16,48,13870,9725,60,0.07782608695652174,0,0,1,0,0
0,42,7200,8025,72,0.1389473684210526,0,0,0,0,1
2,45,4500,4500,24,0.03698884758364313,0,0,1,0,0
1,43,12500,11432,60,0.2107843137254902,0,0,0,0,0
11,47,25190,25190,96,0.09031877213695395,0,0,1,1,0
8,33,25858,25972,72,0.1411167512690355,0,0,0,0,1
8,46,10497,11678,48,0.1333333333333333,0,0,1,0,0
5,31,21895,24053,72,0.204,0,0,0,0,1
12,78,11155,11284,60,0.09333333333333334,0,0,1,0,0
2,47,9695,9978,60,0.08765133171912833,0,0,0,0,0
25,50,14990,3710,24,0.09470588235294118,1,0,1,1,0
39,60,20666,21147,48,0.08285714285714285,0,0,1,0,0
2,41,27990,27294,72,0.1789473684210526,0,0,0,0,1
0,40,21495,18971,60,0.148421052631579,0,0,0,0,0
6,60,14756,14756,60,0.1084,0,0,1,1,0
16,42,19910,20336,84,0.1409784324039979,0,0,1,0,0
13,36,6200,7173,72,0.06588235294117648,0,0,0,1,0
37,60,4651,3371,48,0.038860103626943,0,0,0,0,0
6,48,11950,9950,36,0.09404388714733543,0,0,0,0,0
3,26,7650,9225,96,0.08592592592592592,0,0,0,0,0
23,50,10900,4689,48,0.03785714285714286,1,0,1,0,0
2,41,18685,18685,60,0.08693910256410256,0,0,1,0,1
3,23,12600,12600,60,0.09058823529411765,0,0,0,0,0
20,44,7990,8672,60,0.04432537749634681,0,0,0,0,0
7,67,21250,21250,48,0.1620689655172414,0,0,1,1,0
10,69,6350,7443,60,0.1218181818181818,0,0,1,0,0
3,51,10490,8490,36,0.1018018018018018,0,0,1,1,0
1,54,33485,26485,96,0.07666666666666666,0,0,1,1,0
9,32,14050,7886,60,0.06982248520710059,0,0,0,0,0
6,48,5000,5433,60,0.06666666666666667,0,0,1,1,0
2,41,7990,8677,60,0.04008016032064128,0,0,1,0,0
8,46,3700,3185,24,0.06164383561643835,0,0,1,1,0
27,53,11975,10975,60,0.08307692307692308,0,0,1,1,0
14,75,8300,5300,96,0.062,0,0,0,0,0
0,28,14500,6000,60,0.08384615384615385,1,0,0,1,0
2,31,18990,18990,60,0.1835714285714286,0,0,0,0,1
7,67,20000,20790,60,0.1657142857142857,0,0,1,0,0
19,40,8590,9288,72,0.06524547803617571,0,0,1,0,0
10,49,16990,16747,96,0.09714285714285714,0,0,1,1,0
0,47,10970,12759,72,0.09754901960784314,0,0,1,1,0
5,53,9980,8680,48,0.02952646239554317,0,0,1,1,0
8,40,13970,11970,48,0.07238442822384428,0,0,1,0,0
21,41,9408,10201,60,0.0993485342019544,0,0,1,1,0
0,21,16990,16990,96,0.1211764705882353,0,0,0,0,1
25,62,9385,9385,48,0.06228571428571428,0,0,1,1,0
0,21,17990,20070,48,0.1838709677419355,0,0,0,0,1
1,30,13790,14984,72,0.16,0,0,1,0,1
1,43,25200,22700,48,0.06516129032258064,0,0,1,1,0
4,36,9950,11215,96,0.07564766839378238,0,0,0,0,1
15,75,9900,5015,60,0.07230769230769231,0,0,1,1,0
20,39,5300,4700,36,0.06211453744493392,0,0,1,1,0
5,49,17500,17500,96,0.09346938775510204,0,0,0,0,1
14,32,21657,18766,72,0.04714285714285715,0,0,1,1,0
10,50,9539,11299,84,0.106,0,0,0,0,0
21,86,3040,3154,48,0.1290909090909091,0,0,0,1,0
1,22,10900,11934,36,0.168,0,0,0,0,0
8,45,8104,8104,60,0.03814218993253762,0,0,0,0,0
11,72,10490,10490,48,0.233201581027668,0,0,0,0,0
22,46,11450,12586,72,0.06909090909090909,0,1,1,0,1
1,25,11285,10351,96,0.0615,0,0,0,0,0
2,48,12000,13957,72,0.1038095238095238,0,0,1,0,0
29,61,15250,7250,36,0.1064044377206253,0,0,0,1,0
0,58,5990,2059,24,0.0712,1,0,0,0,0
6,47,11636,12539,48,0.1186440677966102,0,0,1,0,0
11,38,15340,11340,36,0.1594543744120414,0,0,0,0,0
10,44,15990,15990,60,0.1130769230769231,0,0,1,0,0
12,72,16900,7400,72,0.119,1,0,0,1,1
1,25,10900,12291,48,0.1457894736842105,0,0,0,0,1
1,30,9450,9450,48,0.1542397660818713,0,0,1,0,0
26,54,13300,14149,36,0.1515151515151515,0,0,1,1,0
5,61,10561,10542,60,0.0550098231827112,0,0,1,0,0
30,56,8670,6670,36,0.05898203592814371,0,0,1,1,0
1,36,7801,7562,60,0.0695,0,0,0,0,1
0,55,11299,8799,60,0.0725,0,0,0,0,0
0,31,5990,4742,36,0.0768361581920904,0,0,0,0,0
1,19,21890,23828,60,0.1428571428571428,0,0,1,0,1
1,36,19093,22090,72,0.2379310344827586,0,0,1,0,1
1,45,3690,3967,36,0.0734567901234568,0,0,1,1,0
22,56,10500,5990,60,0.06277777777777778,0,0,1,1,0
3,23,8300,8300,48,0.119375,0,0,0,0,0
11,77,17460,5350,24,0.1526666666666667,1,0,1,1,0
6,35,20111,20290,72,0.1069264069264069,0,0,1,0,0
11,41,13990,13534,96,0.1170058139534884,0,1,0,0,0
25,49,14990,16300,96,0.1131428571428571,0,0,0,1,0
4,58,11504,12041,36,0.08875,0,0,1,1,0
2,48,23000,4000,24,0.05272727272727273,1,0,1,1,0
1,53,16950,17699,48,0.106270943034945,0,0,1,0,0
0,43,10600,11582,72,0.05161290322580645,0,0,1,0,1
3,64,15115,8527,60,0.1776470588235294,1,0,1,1,0
11,35,15999,16755,60,0.1636212624584718,0,0,0,0,0
13,47,6220,7059,60,0.08758620689655172,0,0,0,0,0
3,54,23280,20379,96,0.1215,1,0,1,1,0
9,30,7500,3866,24,0.1,1,0,0,0,0
7,32,15319,16069,72,0.122,0,0,0,0,0
15,50,11790,7790,60,0.06631578947368422,0,0,0,0,0
29,45,5173,5173,36,0.05703703703703704,0,1,1,1,0
8,32,33500,27500,60,0.101,0,0,1,1,0
3,50,17490,15577,84,0.09045454545454545,0,0,1,1,0
0,29,11800,13266,96,0.0708955223880597,0,0,1,1,1
15,76,11690,3690,24,0.161,1,0,1,0,0
5,65,9760,10215,60,0.2071197411003236,0,0,1,0,0
5,31,9080,9080,72,0.07124183006535947,0,0,0,0,0
5,49,7200,8079,48,0.054,0,0,1,0,1
2,51,16940,15312,84,0.12,0,0,0,0,0
0,21,17990,19725,72,0.138,0,0,0,0,1
1,43,15890,15890,96,0.1266666666666667,0,1,0,0,1
24,45,7991,7991,36,0.09192307692307693,0,0,0,0,0
3,49,5704,5704,24,0.2245454545454545,0,0,1,0,0
2,26,6800,7435,60,0.0823076923076923,0,0,0,0,0
2,26,11600,7088,36,0.1161111111111111,0,0,0,0,0
3,65,5101,5271,24,0.1145,0,0,1,1,0
2,22,14760,14760,48,0.1564245810055866,0,0,0,0,0
1,46,5382,5726,24,0.2091666666666667,0,0,0,1,0
0,36,9890,9890,60,0.08230088495575222,0,0,1,1,1
0,50,10990,8329,36,0.1757142857142857,0,0,0,0,0
1,58,4834,5158,60,0.05294759825327511,0,0,1,0,0
20,75,16990,16990,96,0.1916666666666667,0,0,1,1,1
3,38,12990,13284,84,0.07924693520140105,0,0,1,0,0
26,58,6990,4205,48,0.06551724137931035,0,0,0,0,0
1,49,9990,6929,36,0.163855421686747,0,0,0,0,0
5,42,7024,5392,36,0.07234432234432235,0,0,1,0,0
0,27,9950,9950,60,0.057,0,0,1,0,0
10,33,15500,10000,60,0.03652173913043479,0,0,0,1,0
2,29,22850,22850,60,0.1519352975158868,0,0,0,0,1
11,75,5350,3850,36,0.08590806330067823,0,0,1,0,0
15,51,16900,10100,36,0.05555555555555555,0,0,0,0,0
19,42,12780,14341,96,0.1340740740740741,0,1,0,1,0
19,48,16700,8817,48,0.1143712574850299,0,0,1,0,0
3,53,6500,5976,60,0.07333333333333333,0,0,0,1,0
4,52,18100,18100,96,0.03571988093373022,0,0,1,1,0
5,22,14000,4000,36,0.07597402597402597,1,0,0,0,0
28,48,20990,13990,36,0.1210918114143921,0,0,1,1,0
0,21,13250,13250,60,0.074375,0,0,0,0,0
2,29,8990,10032,48,0.09235294117647058,0,0,0,0,1
2,51,3640,3952,24,0.0961111111111111,0,0,1,1,0
5,53,4250,4745,48,0.06294117647058824,0,0,0,1,0
3,55,10130,10536,72,0.05452035886818495,0,0,1,0,0
4,38,11900,5815,48,0.07198660714285714,1,0,1,0,0
6,40,15400,15400,60,0.108,0,0,1,1,0
3,28,11600,11494,60,0.1084210526315789,0,0,0,0,0
7,60,5360,1948,36,0.04142857142857143,1,0,1,0,0
2,25,8990,9748,60,0.1346153846153846,0,0,0,0,0
5,35,4188,4188,12,0.1444,0,0,0,0,0
6,45,9000,10055,96,0.05202558635394456,0,0,1,1,0
5,69,11270,3942,36,0.07058823529411765,1,0,0,0,0
6,41,7164,6407,48,0.105,0,0,1,0,0
3,23,27100,27100,84,0.2746153846153846,0,0,0,0,1
5,57,15990,15318,72,0.1048,0,0,1,0,0
20,65,26495,26989,84,0.1433962264150943,0,0,1,1,1
1,27,10950,6465,60,0.07,0,0,0,0,0
19,55,20590,16071,84,0.09391304347826086,0,0,0,0,1
7,72,6900,6900,60,0.04096774193548387,0,0,0,1,1
0,47,8850,9443,60,0.068,0,0,0,0,0
32,54,9200,8694,60,0.05416666666666667,0,0,1,1,0
0,25,10990,10100,48,0.1008,0,0,0,0,0
1,51,5500,5894,36,0.0845,0,0,1,0,0
0,38,16585,17988,96,0.1678571428571428,0,0,0,0,1
1,55,6340,7455,36,0.068125,0,0,1,0,1
23,47,22000,22000,72,0.1227272727272727,0,0,1,0,0
3,26,14990,16431,60,0.1151351351351351,0,0,1,0,1
1,25,10100,7700,60,0.06830206830206831,0,0,0,0,0
3,66,12200,6679,36,0.1578947368421053,0,0,1,1,0
13,40,6980,6480,48,0.0975,0,0,1,1,0
1,25,9385,7867,60,0.09666666666666666,0,0,1,0,0
10,69,14490,8541,48,0.1661129568106312,0,0,1,0,0
7,30,18000,8000,48,0.184,1,0,1,1,0
2,68,5990,4490,24,0.156,0,0,0,1,0
29,50,13160,5290,24,0.08407407407407408,1,0,1,0,0
10,59,14750,14750,72,0.1335294117647059,0,0,1,0,0
1,24,7900,8969,60,0.1025,0,0,0,0,1
14,52,9000,11220,96,0.07678571428571429,0,0,0,0,0
3,29,17980,16314,60,0.04135135135135135,0,0,0,0,1
5,71,11054,11054,48,0.1814285714285714,0,0,1,0,0
50,67,8950,11018,96,0.07206703910614524,0,0,1,0,0
20,39,9990,8664,60,0.07380952380952381,0,0,1,0,0
12,76,10993,5800,24,0.07575757575757576,1,0,1,1,0
9,34,17990,17990,72,0.09447236180904522,0,0,0,0,1
27,54,27500,7500,48,0.03755555555555556,1,0,1,1,0
3,36,2897,3140,24,0.08678756476683938,0,0,0,0,0
21,58,9900,10408,60,0.07833333333333334,0,0,1,1,0
5,49,17045,17558,72,0.07872340425531915,0,0,1,0,0
18,52,22890,22890,72,0.1163636363636364,0,0,0,1,0
11,64,6990,6121,72,0.04227272727272727,0,0,1,1,0
10,72,6806,6806,36,0.08375,0,0,1,1,0
2,40,8770,6876,48,0.0924422236102436,0,0,0,0,0
11,43,13990,13990,96,0.06268436578171091,0,0,1,1,0
8,26,7970,8709,72,0.07135135135135136,0,0,0,0,0
0,43,12900,13065,60,0.1004081632653061,0,0,0,0,0
15,60,5825,5825,36,0.0725,0,0,0,0,0
25,61,17525,19012,36,0.3161111111111111,0,0,1,1,1
0,24,10645,9700,36,0.248695652173913,0,0,0,0,0
29,47,5990,5615,36,0.09222222222222222,0,0,0,0,1
0,49,10750,9362,48,0.1464285714285714,0,0,1,0,0
5,24,10985,9866,36,0.07966011683483802,0,0,0,0,0
0,39,5990,6681,72,0.07083065035415326,0,0,0,0,0
8,26,7777,7777,48,0.07777777777777778,0,0,0,0,0
10,66,30970,19970,48,0.105,0,0,1,1,0
14,38,18000,10785,48,0.1104545454545455,1,0,1,1,0
5,43,4517,4872,48,0.07790368271954674,0,1,1,0,1
18,35,7500,7000,60,0.09777777777777778,0,0,0,1,0
4,51,3810,4211,36,0.04627151051625239,0,0,0,0,0
2,32,12000,9000,48,0.08357142857142857,0,0,0,0,0
14,43,4990,3913,36,0.05507662835249042,0,0,1,1,1
4,36,6500,6500,60,0.04450930317402408,0,0,0,0,1
9,33,11105,10990,60,0.04870967741935484,0,0,1,1,1
26,48,1700,1743,12,0.05285714285714286,0,0,1,0,0
0,37,7475,7475,36,0.1792,0,0,0,0,0
0,38,19480,13619,72,0.1166666666666667,0,0,1,1,0
2,38,25200,12700,48,0.1482479784366577,0,0,1,1,0
11,75,15990,12990,60,0.07068273092369477,0,0,1,1,0
1,36,9690,8936,60,0.1050702504581552,0,0,0,0,1
1,46,6409,7476,72,0.06047619047619048,0,0,0,0,0
7,39,14390,12465,36,0.0345945945945946,0,0,1,1,0
14,50,15600,10703,36,0.1413636363636364,0,0,1,1,0
15,79,8500,2675,24,0.0725,1,0,1,1,0
40,59,4990,4990,72,0.03391304347826087,0,0,1,0,0
6,55,10680,7680,60,0.058,0,0,1,1,0
0,53,12100,13781,72,0.2136842105263158,0,0,0,0,0
2,64,16990,12990,60,0.1664285714285714,0,0,0,1,0
16,43,15724,9440,60,0.0426179604261796,0,0,0,0,0
1,46,13900,13038,72,0.2255555555555556,0,0,1,1,0
18,51,5364,6160,60,0.07532956685499058,0,0,1,0,0
9,68,7500,5900,48,0.06476190476190476,0,0,1,1,0
15,48,6850,4684,48,0.04952380952380953,0,0,1,1,0
4,40,27500,26500,60,0.1832258064516129,0,0,1,1,0
11,41,6390,4000,36,0.067816091954023,0,0,0,0,0
8,54,6990,7277,48,0.1113333333333333,0,0,0,1,0
2,32,6500,5988,60,0.06174863387978142,0,0,0,0,0
6,27,8500,4000,24,0.174,0,0,0,0,0
24,51,4761,4761,48,0.0334375,0,0,1,1,0
15,50,27590,22906,96,0.09403508771929825,0,0,1,0,0
4,54,9586,9586,48,0.09833333333333333,0,0,1,1,0
23,40,11900,5900,48,0.0663265306122449,0,0,1,1,0
30,47,13690,11690,48,0.094,0,0,0,1,0
1,46,11950,13092,72,0.06375,0,0,1,0,1
0,33,6400,2900,60,0.02409090909090909,0,0,0,0,0
2,23,12109,13369,84,0.1814432989690722,0,0,0,0,0
1,27,11984,10318,48,0.151394422310757,0,0,1,0,1
14,69,11990,11990,60,0.1083032490974729,0,0,1,0,0
1,23,4184,4008,24,0.1448792672772689,0,0,0,0,0
2,47,11500,8500,60,0.08421052631578947,0,0,1,0,0
6,49,7900,7900,48,0.08844221105527639,0,0,1,0,0
4,53,9980,11057,84,0.0755,0,0,1,0,0
2,63,11990,7596,60,0.1160714285714286,0,0,1,1,0
3,24,7790,8629,60,0.05555555555555555,0,0,1,0,1
32,50,20990,12990,60,0.05555555555555555,0,0,0,0,0
12,77,11590,7590,72,0.1056,0,0,0,1,1
8,33,13750,15154,84,0.1087796797349531,0,0,1,0,0
3,60,24200,17200,36,0.08771929824561403,0,0,1,1,0
25,64,16000,11000,60,0.1071428571428571,0,0,1,1,0
0,52,29500,23101,72,0.05175,0,0,0,0,0
2,45,5900,4296,36,0.09202898550724638,0,0,0,0,1
25,53,12500,8000,60,0.045,0,0,0,1,0
4,30,7990,8122,60,0.07684210526315789,0,0,0,0,0
1,28,8500,9313,72,0.1115384615384615,0,0,0,0,0
4,41,9150,10313,96,0.1227272727272727,0,0,0,0,0
6,25,7671,5504,24,0.2033333333333333,0,0,0,0,0
2,22,19085,19674,60,0.1521212121212121,0,0,0,0,0
0,63,14722,5670,48,0.134,1,0,0,0,0
12,48,4440,4440,24,0.1484615384615385,0,0,1,0,0
40,66,16150,14104,60,0.0803448275862069,0,0,1,1,0
2,41,16500,18213,72,0.07368421052631578,0,0,1,0,0
2,64,16590,14590,96,0.1362962962962963,0,0,1,1,0
1,67,11850,10850,60,0.07497360084477296,0,1,0,1,0
0,44,11750,13562,60,0.105,0,0,0,1,0
3,26,14030,14598,48,0.1090225563909774,0,0,0,0,1
17,68,4326,4935,60,0.0744,0,0,0,1,1
20,52,10740,10740,48,0.1764285714285714,0,0,1,1,0
1,36,10880,12588,72,0.1568,0,0,0,0,1
19,43,4985,4339,60,0.05655172413793103,0,0,1,1,0
0,24,12980,13904,48,0.1593959731543624,0,0,0,0,0
0,19,6450,7171,84,0.08416666666666667,0,0,0,0,1
8,45,20000,10280,60,0.072,1,0,1,1,0
3,50,14200,9869,36,0.09896551724137931,0,0,1,1,0
26,45,22300,20500,84,0.135,0,0,0,1,0
15,62,4000,4000,36,0.02608695652173913,0,0,1,1,0
0,66,12500,6500,48,0.1295652173913044,1,0,1,1,0
1,27,6300,4821,36,0.04827586206896552,0,0,0,0,0
1,39,9190,10525,72,0.05739400206825233,0,0,0,0,1
1,42,7310,8189,48,0.1154838709677419,0,0,0,1,1
0,21,8690,7330,72,0.07125,0,0,0,0,0
22,62,9790,5480,36,0.3521739130434783,1,0,1,1,0
10,57,6290,3290,12,0.281,0,0,0,0,0
6,46,8280,7886,60,0.06398537477148081,0,0,1,1,0
0,47,11288,12647,48,0.2078571428571429,0,0,1,1,0
13,77,5841,5841,48,0.039375,0,0,0,0,0
3,29,9280,10532,60,0.1453846153846154,0,0,1,0,0
35,68,10690,8690,60,0.0656,0,0,1,1,0
24,51,26444,17844,60,0.05531453362255966,0,0,1,1,0
18,43,19990,21815,60,0.1462857142857143,0,0,1,0,1
13,54,25500,13690,24,0.1285484734868773,1,0,1,1,0
15,43,14320,13510,60,0.07069767441860465,0,0,1,0,0
10,59,24099,21599,60,0.07965489566613163,0,0,1,1,0
2,20,10880,12638,72,0.1385714285714286,0,0,0,0,0
19,60,18000,18433,60,0.1009375,0,0,1,1,1
17,46,22500,12500,84,0.06071428571428571,0,0,1,0,0
1,34,4900,5424,36,0.05939123979213066,0,0,1,0,0
4,29,4490,4827,36,0.07543216343635412,0,0,1,0,0
2,24,12990,14556,48,0.1179640718562874,0,0,1,0,1
0,56,6987,7308,36,0.106,0,1,1,0,0
20,40,3848,3848,36,0.1058931860036832,0,0,1,0,0
31,60,9200,9731,48,0.06478260869565218,0,0,1,1,0
1,36,9999,11338,60,0.1269565217391304,0,0,1,0,0
2,38,8490,9684,60,0.07528230865746549,0,0,0,0,1
30,47,16850,18274,60,0.1181818181818182,0,0,1,1,0
19,50,14600,10600,60,0.03333333333333333,0,0,1,1,0
2,54,11532,11532,48,0.0725,0,0,0,1,0
7,40,10983,8904,36,0.1315,0,0,0,0,0
14,55,23719,22720,36,0.05114285714285714,0,0,1,1,0
29,49,4450,4823,24,0.09173913043478261,0,0,0,0,0
9,32,7990,8228,72,0.08949152542372882,0,0,1,1,1
7,53,7990,8796,60,0.1509090909090909,0,0,1,1,0
0,40,12390,7390,36,0.1327160493827161,0,0,0,0,0
6,34,20081,22174,72,0.1341176470588235,0,0,0,1,0
16,35,9700,9584,72,0.06954225352112677,0,0,1,1,0
28,60,11501,1646,12,0.05384615384615385,1,0,1,1,0
8,35,9250,9714,96,0.05894736842105263,0,0,0,0,0
27,46,10400,10400,84,0.0604,0,0,1,1,0
2,52,9290,3790,36,0.09416666666666666,1,0,1,1,0
2,44,12990,12990,48,0.07130434782608695,0,0,0,0,1
1,40,29990,27490,48,0.1583732057416268,0,0,1,1,0
8,51,15900,12897,48,0.2153846153846154,0,0,0,0,0
1,32,9990,9140,60,0.05826271186440678,0,0,1,1,0
2,35,25538,25531,60,0.1415675010258514,0,0,1,1,0
6,39,16990,20762,60,0.1487179487179487,0,0,0,0,1
1,23,3888,4216,24,0.1558333333333333,0,0,0,0,0
20,51,22360,11156,48,0.1204878048780488,0,0,1,1,0
15,35,13725,13262,60,0.06107142857142857,0,0,0,0,0
0,39,21490,19290,60,0.1156498673740053,0,0,0,0,0
3,44,9250,7722,48,0.03866525423728814,0,0,1,1,0
3,31,15400,17357,96,0.141875,0,0,1,0,1
17,52,11950,10450,60,0.06480263157894736,0,0,1,1,0
2,34,9700,9700,72,0.04921875,0,0,0,0,1
7,55,19089,11639,48,0.0845,0,0,1,1,0
2,67,11500,4929,48,0.1047169811320755,1,0,1,0,0
21,59,12200,13088,60,0.07727272727272727,0,0,1,1,0
35,54,11000,11718,36,0.1595454545454545,0,0,0,0,0
32,53,8230,8749,60,0.07,0,0,1,1,0
42,58,4692,4940,48,0.03758620689655173,0,0,1,1,0
3,65,6990,3790,48,0.06692307692307692,0,0,0,0,0
20,63,7000,7000,12,0.06818181818181818,0,0,1,1,0
16,79,14595,15349,48,0.0716,0,0,1,1,0
9,47,9900,13263,60,0.1089420654911839,0,0,0,1,0
29,48,6500,6645,48,0.08571428571428572,0,0,0,0,0
5,52,10990,10990,48,0.1837037037037037,0,0,1,1,0
2,46,12189,7189,48,0.06054054054054054,0,0,1,0,0
16,46,14790,11790,72,0.04880774962742176,0,0,1,1,0
0,28,6880,6880,36,0.1127777777777778,0,0,0,0,0
3,67,7233,7233,60,0.095,0,0,1,0,1
3,21,13450,7650,36,0.1614285714285714,0,0,0,0,0
4,67,10937,13937,72,0.1492537313432836,0,0,1,0,1
10,74,14500,5500,12,0.234,1,0,1,1,0
16,46,17900,16000,60,0.09913043478260869,0,0,0,0,0
1,43,13000,13000,60,0.09666666666666666,0,0,1,0,0
10,35,5281,5281,48,0.07677419354838709,0,0,0,0,0
1,43,19000,19000,60,0.0948,0,0,1,0,0
24,57,4296,4445,24,0.07592446892210858,0,0,1,1,0
7,70,8209,8462,36,0.1266009852216749,0,0,0,0,0
3,58,14367,12891,60,0.08055555555555556,0,0,1,1,0
10,62,7682,8583,48,0.07035714285714285,0,0,1,0,0
20,66,10990,12588,60,0.0832904884318766,0,0,0,0,1
24,59,10669,6478,60,0.06757524134014764,1,0,0,1,0
0,50,12990,14089,60,0.0708029197080292,0,0,1,1,0
0,25,13900,12900,36,0.1910891089108911,0,0,0,1,0
2,44,4990,4052,60,0.04074074074074074,0,0,0,1,0
2,57,13000,8607,60,0.0632,0,0,1,1,0
2,42,11889,7950,48,0.1078787878787879,0,0,1,1,0
0,30,12950,8034,48,0.08227272727272728,0,0,0,0,0
1,22,18100,18100,60,0.149375,0,0,0,0,1
2,33,13220,9887,48,0.0625,0,0,0,0,0
9,26,16200,14300,72,0.1013636363636364,0,0,0,0,0
3,20,10490,9076,48,0.07741935483870968,0,0,0,0,0
1,38,14980,17142,60,0.1778947368421053,0,0,1,0,1
14,77,13990,8990,72,0.1,0,0,0,0,1
4,50,14400,15147,72,0.1246153846153846,0,0,0,1,1
24,83,9850,2592,12,0.111,1,0,1,1,0
7,69,19900,20008,60,0.146,0,0,1,1,0
0,33,29990,29990,48,0.09120603015075376,0,0,1,0,1
2,24,23900,23900,72,0.2235973597359736,0,0,0,0,0
0,64,11990,9207,60,0.1133333333333333,0,0,1,0,0
18,48,17900,18635,48,0.08183079056865465,0,0,1,1,0
27,44,12800,13130,72,0.098922624877571,0,0,0,1,0
0,34,6999,6999,60,0.06116504854368932,0,0,0,0,1
21,57,4582,4839,24,0.0875,0,1,1,0,1
17,62,7990,1611,12,0.1133333333333333,1,0,0,0,0
17,77,6990,6290,36,0.116875,0,0,1,0,0
3,20,18490,12629,48,0.07692307692307693,0,0,0,0,0
2,41,13290,12025,60,0.08059701492537313,0,0,1,0,0
6,39,14840,15480,48,0.1146579804560261,1,0,1,0,0
24,45,7990,9447,72,0.04454545454545455,0,0,1,1,0
8,28,13750,15173,72,0.1538461538461539,0,0,0,0,0
0,25,18078,19815,60,0.1447661469933185,0,0,1,1,0
0,50,2550,2183,24,0.08930232558139535,0,0,0,0,1
1,32,14715,12072,48,0.0605,0,0,1,1,0
10,47,8790,5426,36,0.08486486486486486,0,0,1,1,0
11,61,6630,5168,60,0.09001956947162426,0,0,0,0,0
0,25,25459,24434,72,0.17625,0,0,0,0,1
22,60,17030,17158,60,0.1815384615384615,0,0,1,0,0
17,51,11576,11576,36,0.1705,0,0,1,1,0
1,48,11990,3990,60,0.05357142857142857,1,0,0,0,1
6,30,13992,15090,48,0.2,0,1,0,1,0
4,36,13361,9189,48,0.100802407221665,0,0,0,0,0
2,43,21959,15959,72,0.06514206514206514,0,0,1,0,0
10,48,11450,12756,48,0.123125,0,0,0,0,0
0,34,8990,6990,48,0.07767857142857143,0,0,1,0,0
8,73,22990,22990,60,0.3388235294117647,0,0,1,1,1
22,57,14990,2829,48,0.0580952380952381,1,0,0,0,0
31,53,5900,5900,48,0.07687861271676301,0,0,1,0,0
8,41,19590,21591,84,0.1081916537867079,0,0,1,0,0
4,68,11688,13729,72,0.2252631578947368,0,0,1,1,0
0,33,5200,4839,60,0.03822222222222222,0,0,0,0,0
0,24,7800,7800,72,0.07575757575757576,0,0,0,0,1
37,54,7950,8932,48,0.07523809523809524,0,0,1,0,0
3,43,7960,8090,60,0.0784313725490196,0,0,1,0,1
4,36,11679,12511,48,0.1809090909090909,0,0,1,0,0
1,28,21590,23625,60,0.1313755795981453,0,0,0,0,1
0,22,16000,18241,60,0.204375,0,0,0,0,1
3,32,25380,24830,72,0.1788461538461538,0,0,0,0,1
1,25,6190,5757,24,0.1509090909090909,0,0,0,0,1
12,51,6147,6147,60,0.04708333333333333,0,0,0,1,0
0,23,12500,11500,60,0.10625,0,0,0,0,1
25,68,5990,6318,60,0.05870445344129555,0,0,1,0,1
32,51,10010,10135,60,0.1052631578947368,0,0,1,1,0
2,50,5543,6214,48,0.10703125,0,0,0,0,0
2,26,15990,18873,84,0.1460227272727273,0,1,0,0,1
0,38,13900,15830,60,0.1652941176470588,0,1,0,0,1
18,48,22500,22500,60,0.08599167822468794,0,0,1,1,0
9,70,6000,4123,24,0.1248275862068965,0,0,0,0,0
0,35,13200,7381,12,0.15575,0,0,0,0,0
14,57,20600,20600,72,0.06257861635220126,0,0,1,0,0
2,48,14500,4853,48,0.03643048128342246,1,0,1,1,0
17,53,13980,11980,60,0.04985074626865672,0,0,0,1,0
2,31,8990,5500,48,0.07875,0,0,0,0,0
2,67,16339,19779,60,0.07096774193548387,0,0,1,0,0
3,20,25078,22217,72,0.16,0,0,0,0,0
17,51,21471,18786,60,0.15,1,0,1,0,0
21,57,3486,3682,24,0.06666666666666667,0,1,1,0,1
11,28,8910,3889,24,0.08206388206388206,0,0,0,0,0
4,25,11500,10997,60,0.18,0,0,0,0,0
31,56,13760,10558,48,0.04772727272727273,0,0,0,0,0
0,59,10050,9164,60,0.1314553990610329,0,0,1,0,1
1,26,5151,3744,12,0.2593495934959349,0,0,0,0,0
5,39,14000,14000,48,0.07016840417000803,0,0,0,0,0
3,44,13000,12898,60,0.05075503355704698,0,0,1,0,0
13,73,11320,3820,36,0.06647058823529411,1,0,0,0,0
1,49,12500,10500,48,0.07636363636363637,0,0,0,1,0
2,32,27500,27500,60,0.8123569794050344,0,0,1,0,1
1,22,7950,9190,72,0.1008922443376802,0,0,0,0,0
5,28,14335,13335,36,0.1425,0,0,0,0,0
22,55,19240,10926,72,0.1153333333333333,0,0,1,0,0
3,31,14300,15181,60,0.1826729348556078,0,0,0,0,0
2,57,18900,10677,72,0.05464285714285715,0,0,1,1,0
26,60,18990,16759,84,0.1033333333333333,0,0,1,1,0
7,46,16619,18477,84,0.1750841750841751,0,0,0,0,1
23,45,10380,8548,60,0.02725,0,0,1,1,0
5,31,9950,7950,48,0.0716,0,0,0,0,0
1,54,7890,5890,36,0.08864864864864865,0,0,1,0,0
16,36,5300,2358,12,0.1,0,0,1,1,0
4,23,12035,13167,96,0.1254901960784314,0,0,0,1,1
16,41,15490,9326,48,0.09171597633136094,0,0,0,0,0
1,44,12950,12950,72,0.08146067415730338,0,0,0,0,0
0,23,15990,15579,60,0.066,0,0,0,0,1
0,48,19990,19610,36,0.09532710280373832,0,0,1,0,0
0,28,13379,15487,72,0.08475452196382428,1,0,0,0,0
0,56,16769,17279,84,0.08137931034482758,0,0,1,1,0
21,65,8950,1525,12,0.1058333333333333,1,0,1,1,0
1,33,17690,16150,72,0.08333333333333333,0,0,1,1,0
3,50,7900,8469,48,0.09,0,0,0,0,0
2,50,5400,2258,36,0.034,1,0,0,0,0
1,66,5287,5287,36,0.14,0,0,0,1,1
3,57,13390,15202,96,0.106875,0,0,0,0,0
42,59,4538,4538,36,0.08,0,0,1,0,0
7,52,5893,5893,36,0.176,0,0,1,1,0
0,25,9500,7877,60,0.08055555555555556,0,0,0,0,0
0,26,22120,23936,60,0.2409090909090909,0,0,0,0,1
5,50,14950,14950,60,0.1142857142857143,0,0,1,0,0
37,63,8828,8828,12,0.09416195856873823,0,0,1,1,0
0,52,10980,10980,72,0.1127272727272727,0,0,1,0,1
30,72,11717,11717,12,0.1173333333333333,0,0,1,1,0
15,36,14450,3163,36,0.02126168224299066,1,0,1,1,1
7,51,3981,3981,36,0.04526315789473685,0,0,1,0,0
3,43,22990,27561,96,0.1447858472998138,0,0,1,1,1
7,65,16000,16000,48,0.1789473684210526,0,0,1,1,0
0,49,14900,16223,60,0.1848484848484848,0,0,1,0,1
3,44,9970,10120,60,0.1583333333333333,0,0,0,0,0
3,65,12700,11200,60,0.1224686595949855,0,0,1,0,0
10,32,8415,9429,48,0.1205555555555556,0,0,0,1,1
25,50,13600,15435,60,0.1007272727272727,0,0,0,0,1
6,27,15990,12295,48,0.09090909090909091,0,0,0,0,0
6,31,16400,16400,60,0.14,0,0,0,0,1
39,56,19987,15000,48,0.0555864369093941,0,0,1,1,0
2,47,16800,18133,60,0.1404632824051257,0,0,1,1,0
42,59,4959,5421,48,0.0782051282051282,0,1,1,0,0
13,42,14736,4856,12,0.206,1,0,0,0,0
6,52,20600,14600,60,0.05142857142857143,0,0,1,1,0
14,43,5650,5650,48,0.09285714285714286,0,0,0,1,0
36,66,10000,4371,24,0.0384,1,0,1,1,0
11,38,23186,6557,24,0.07239478957915832,1,0,1,1,0
12,50,7455,7455,12,0.02334104938271605,0,0,1,1,0
31,53,19480,18965,60,0.1004347826086956,0,0,0,0,0
14,46,11859,6006,72,0.02466487935656837,0,0,1,1,1
0,33,17000,12000,48,0.1441489361702128,0,0,0,0,0
8,31,13639,16085,84,0.09818007662835249,0,0,1,1,0
3,66,12990,7990,72,0.082,0,0,0,1,0
16,51,5472,5472,36,0.05217109526895658,0,0,1,1,0
19,45,5390,5845,60,0.0328125,0,0,1,1,0
2,32,3500,3759,36,0.08538461538461538,0,0,0,0,0
14,74,21500,21500,84,0.1172,0,0,1,0,1
5,62,10400,9827,48,0.135625,0,0,0,0,0
17,44,10900,5900,60,0.1132075471698113,0,0,0,0,0
3,31,11800,12905,36,0.08098068350668648,0,0,1,0,0
1,45,18900,21025,96,0.2117039586919105,0,0,1,0,0
1,32,12490,14719,72,0.09637814610190301,0,0,0,0,0
18,51,15180,13080,36,0.1544,0,0,1,1,0
5,32,13800,13800,60,0.1007751937984496,0,0,1,0,1
1,22,11990,12762,36,0.1511111111111111,0,0,0,0,1
1,31,9990,9159,60,0.05885311871227364,0,0,0,0,0
0,22,11485,12463,60,0.1166666666666667,0,0,0,0,0
13,50,13160,12760,60,0.1093333333333333,0,0,1,0,1
6,32,29877,29877,60,0.1837988826815642,0,0,0,0,0
1,35,8802,7900,72,0.07765151515151515,0,0,1,0,0
18,80,11502,11502,36,0.1306201550387597,0,0,1,0,0
5,41,16834,15584,60,0.1525925925925926,0,0,1,0,0
25,47,21920,9920,60,0.04387096774193548,1,0,1,1,0
1,33,13440,13570,96,0.114,0,0,1,0,1
34,55,24190,16850,60,0.2038461538461538,0,0,1,1,0
7,34,14390,6325,36,0.1038888888888889,1,0,0,1,0
4,67,8575,7662,72,0.1618421052631579,0,0,1,1,0
16,76,4690,4690,12,0.1,0,0,0,0,0
4,27,24890,28513,60,0.1852631578947369,0,0,0,0,1
5,45,8871,8962,12,0.08112493239588967,0,0,0,1,0
13,62,15830,10524,36,0.1536585365853659,0,0,1,1,0
1,34,17809,16810,48,0.06419354838709677,0,0,0,0,0
2,44,15800,15800,72,0.06535947712418301,0,0,1,0,1
4,43,26500,21500,60,0.09637795275590551,0,0,1,0,0
5,66,3455,3455,24,0.0604,0,0,1,0,0
18,45,7870,9454,84,0.0516,0,0,1,1,0
3,54,12078,13274,60,0.1742857142857143,0,0,1,0,1
0,35,14320,12820,60,0.1470588235294118,0,0,0,0,0
3,41,6990,7820,48,0.1005714285714286,0,0,1,0,0
6,49,5900,6499,72,0.06857142857142857,0,0,0,0,0
19,47,19000,20835,72,0.1194444444444445,0,0,0,0,0
11,45,16980,12980,72,0.06578947368421052,0,0,1,0,0
27,61,14060,15873,60,0.1049317943336831,0,0,0,0,1
3,26,7990,9456,84,0.078125,0,0,0,0,0
1,28,2950,1900,72,0.0275,0,0,1,1,0
1,38,8000,8710,60,0.09371428571428571,0,0,0,0,1
11,65,6486,6646,12,0.090625,0,0,1,1,0
7,59,18790,6615,48,0.13,1,0,0,1,0
8,25,15250,13800,60,0.07882352941176471,0,0,0,0,0
0,56,11500,11500,60,0.1176923076923077,0,1,0,0,1
0,29,12990,14171,60,0.1614035087719298,0,0,1,0,0
5,26,13585,9907,48,0.1564285714285714,0,0,0,0,0
1,29,15195,15195,72,0.1062573789846517,0,0,0,0,0
2,68,12800,12800,48,0.1336363636363636,0,0,1,1,1
2,54,4888,4888,60,0.08455882352941177,0,0,1,1,0
5,31,7790,9061,72,0.04040114613180516,0,0,1,0,1
4,65,20990,16000,72,0.1475,0,0,0,1,0
33,60,4400,4627,48,0.04545454545454546,0,0,0,1,0
3,37,8650,7165,60,0.03978300180831826,0,0,1,0,1
1,36,13490,14983,60,0.16625,0,0,0,0,1
7,70,21850,17500,60,0.1427272727272727,0,0,0,1,0
12,72,7950,8359,60,0.07603686635944701,0,0,0,1,0
1,33,10453,10844,48,0.122,0,0,1,0,0
1,21,10200,10028,60,0.046875,0,0,0,0,1
10,52,5990,3211,36,0.04418604651162791,0,0,1,1,0
1,37,22990,19990,96,0.10125,0,0,1,0,0
1,22,25040,25154,60,0.1772222222222222,0,0,0,0,1
8,71,23989,12679,96,0.0888235294117647,0,0,1,1,0
6,24,10600,9100,60,0.06833333333333333,0,0,0,0,1
1,39,9790,11705,96,0.08303030303030302,0,0,1,0,1
2,59,11990,11182,48,0.1835714285714286,0,0,1,0,0
20,82,9200,9200,96,0.07707129094412331,0,0,0,0,1
14,41,16390,15347,96,0.06984603830266617,0,0,0,0,0
5,57,10850,7537,48,0.05,0,1,1,0,1
15,32,13900,12683,72,0.09675925925925925,0,0,1,0,0
11,61,15900,10900,48,0.0825,0,0,1,1,0
2,32,17780,16298,72,0.092802338326635,0,0,1,0,0
1,31,14090,5558,48,0.09084084084084085,1,0,1,0,0
5,27,8990,1990,24,0.05716162943495401,1,0,1,1,0
4,63,9417,9417,36,0.1875,0,0,1,1,0
13,32,23990,22990,60,0.1495454545454545,0,0,1,1,0
1,50,23000,20561,60,0.1406666666666667,0,0,1,0,1
15,36,15040,18176,72,0.1246987951807229,1,0,0,0,1
25,61,9990,7990,48,0.05575757575757576,0,0,0,0,0
13,34,15985,15985,60,0.09937673130193905,0,0,1,0,0
8,49,6155,6743,72,0.06867233485938522,0,0,0,1,0
9,54,9490,5990,60,0.1045454545454545,0,0,0,0,0
7,47,3846,4325,48,0.05202312138728324,0,0,1,0,0
2,65,6700,6700,72,0.07714285714285714,0,0,0,1,1
26,52,10590,8425,72,0.1105527638190955,0,0,1,1,0
1,43,14000,10290,60,0.04170141784820684,0,0,1,0,0
6,51,7900,6400,48,0.04819672131147541,0,0,0,1,0
42,58,14990,5162,24,0.0925,1,0,1,1,0
12,53,9850,6000,60,0.055,0,0,1,0,0
23,50,8560,4224,36,0.0625,0,0,1,1,0
30,53,9900,8400,36,0.0681663258350375,0,0,1,1,0
16,35,16990,8500,72,0.09259259259259259,0,0,0,1,0
2,26,21000,21000,72,0.1160919540229885,0,0,1,1,0
3,65,9990,8490,36,0.2058333333333333,0,0,1,1,0
8,25,6990,6344,72,0.066,0,0,1,0,0
1,22,13000,10881,60,0.0825,0,0,0,0,0
4,49,8990,9829,60,0.12125,0,0,1,1,0
1,35,4490,1688,12,0.08313953488372093,1,0,1,0,0
1,51,16290,9557,48,0.03768844221105527,1,0,0,1,0
16,76,8630,9162,72,0.1119047619047619,0,0,0,1,0
0,30,9589,9202,60,0.07558945908460471,0,0,0,0,0
5,67,12990,9024,48,0.1309677419354839,0,0,1,0,0
0,31,11729,10573,60,0.05835806132542037,0,0,0,0,0
16,41,16300,13800,60,0.0782608695652174,0,0,1,1,0
1,53,12638,13610,48,0.1584210526315789,0,0,1,1,0
0,21,11990,13396,96,0.1358333333333333,0,0,0,0,1
8,27,15899,14665,60,0.093,0,0,1,0,0
4,68,4342,3342,24,0.1959459459459459,0,0,0,0,0
0,65,10980,12718,60,0.1179039301310044,0,0,0,0,0
9,42,14990,15975,96,0.1058688147295742,0,0,0,0,0
6,47,16400,6400,36,0.07411764705882352,1,0,0,0,0
9,58,5950,5919,60,0.04739130434782609,0,0,1,1,0
8,47,23269,29648,72,0.2442857142857143,1,1,0,0,1
10,41,13980,16044,60,0.03547169811320755,0,0,1,1,0
4,36,11990,11990,72,0.07105263157894737,0,0,1,0,0
23,40,15344,15344,96,0.06666666666666667,0,0,1,1,0
15,38,9990,9206,60,0.09428571428571429,0,0,0,0,0
2,64,5730,5730,48,0.07444444444444444,0,0,1,0,0
23,47,12340,13984,72,0.04666666666666667,0,0,1,0,0
10,26,4554,5101,48,0.05913410770855333,0,0,0,0,1
4,53,4700,4700,60,0.06013986013986014,0,0,0,0,0
31,55,12669,13881,72,0.09294117647058824,0,0,0,0,0
0,37,6890,2890,24,0.08,1,0,0,0,0
3,46,18459,17458,60,0.09441176470588235,0,0,1,1,0
1,26,8890,8260,24,0.08992805755395683,0,0,1,0,0
16,56,15950,13950,36,0.256875,0,0,1,0,0
1,32,11750,12786,60,0.03828600405679513,0,0,1,1,0
30,50,7500,5500,60,0.03976833976833977,0,0,1,0,0
0,58,16125,17111,96,0.0832,0,0,1,0,1
20,40,7419,3847,24,0.06185185185185185,0,0,1,1,0
7,25,4090,2090,24,0.06428571428571428,0,0,0,0,0
33,62,13500,14459,48,0.1374468085106383,0,0,1,0,0
17,49,6150,6150,48,0.08057142857142857,0,0,0,0,0
12,70,17990,13602,60,0.08333333333333333,0,0,0,0,0
4,42,12990,14077,60,0.08982035928143713,0,0,0,0,0
26,61,5000,5000,36,0.07085498346717052,0,1,1,0,0
13,42,20700,10700,48,0.07277710109622412,0,0,1,1,0
14,62,13000,11000,60,0.08782608695652173,0,0,1,1,0
6,31,13070,11070,72,0.09549356223175966,0,0,1,1,0
3,31,10990,9490,84,0.08037383177570094,0,0,1,0,0
5,38,21740,23648,60,0.1672077922077922,0,0,1,0,0
0,21,5500,2500,12,0.1258823529411765,0,0,0,0,0
0,25,15490,15327,72,0.1991666666666667,0,0,0,0,1
4,66,2500,2500,12,0.1783333333333333,0,0,1,1,0
0,21,7540,8424,96,0.1122112211221122,0,0,1,0,0
0,55,23500,29967,96,0.1283582089552239,0,0,1,0,1
0,33,9500,9500,72,0.08216216216216216,0,0,1,0,1
11,32,10500,10500,60,0.09243295019157088,0,0,1,1,0
20,59,16400,17122,72,0.08333333333333333,0,0,1,1,0
1,37,16810,18488,72,0.133125,0,0,0,0,0
7,30,13300,13544,60,0.06913043478260869,0,0,1,0,0
29,45,10394,11637,48,0.1325,0,0,1,0,0
12,44,31000,25000,96,0.07826982492276004,0,0,1,1,0
4,47,7990,6105,60,0.06222222222222222,0,0,0,1,0
35,63,4492,4639,24,0.08608695652173913,0,0,0,1,0
2,26,11400,9237,60,0.02875215641173088,0,0,1,0,0
3,28,8262,8712,36,0.04170008019246191,0,0,0,0,0
6,66,12860,7990,36,0.1387878787878788,0,0,1,0,0
1,38,8000,8028,60,0.08132875143184422,0,0,1,0,1
15,49,4490,4879,60,0.05507955936352509,0,0,1,1,0
3,21,27685,19498,60,0.1977142857142857,0,0,0,0,0
4,35,8900,2900,12,0.1458823529411765,1,0,1,0,0
18,82,4888,4888,48,0.08121827411167512,0,1,0,1,0
2,58,11490,12948,60,0.08070175438596491,0,0,1,1,0
40,69,6550,6550,48,0.0596,0,0,0,1,0
23,63,21950,17352,48,0.1196,0,0,1,1,0
7,51,10500,9575,48,0.01971014492753623,0,0,1,1,0
1,21,11750,12767,60,0.1938943894389439,0,0,1,0,1
3,32,12495,10859,36,0.2206896551724138,0,0,1,0,0
7,72,15800,13477,48,0.1646903820816864,0,0,0,1,0
2,25,18990,17599,72,0.126,0,0,0,0,0
23,49,12500,13526,60,0.06986301369863014,0,0,1,1,0
1,55,7860,5990,60,0.0625,0,0,0,0,0
25,49,5700,3700,36,0.04274509803921569,0,0,0,0,0
1,36,5790,5736,60,0.08547717842323652,0,0,0,0,0
1,40,23790,25885,60,0.1825581395348837,0,0,0,0,1
5,54,7590,4620,48,0.09454545454545454,1,0,0,1,0
6,53,11600,6916,36,0.1460014673514307,0,0,0,0,0
1,48,7919,3135,36,0.06571428571428571,1,0,0,0,0
10,73,13050,11676,48,0.08722222222222223,0,0,1,1,0
13,61,23900,23900,96,0.145,0,0,1,0,0
1,21,22995,22995,72,0.156875,0,0,0,0,1
1,19,8990,10012,48,0.12,0,0,0,0,1
4,66,17877,15516,60,0.1637037037037037,0,0,1,0,0
8,37,13990,12990,60,0.04065040650406504,0,0,0,0,0
12,42,14500,16009,84,0.09173913043478261,0,0,0,1,0
15,44,11400,8900,24,0.07733333333333334,0,0,1,1,0
3,54,22900,26530,72,0.100625,0,0,1,0,0
1,29,8626,8626,72,0.0607843137254902,0,0,1,0,1
11,37,9300,7050,48,0.1050583657587549,0,0,1,1,0
6,31,18889,16338,60,0.06392132759680394,0,0,1,1,1
5,47,8456,10114,84,0.1130769230769231,0,0,1,1,1
12,77,10000,5000,12,0.1029411764705882,0,0,1,1,0
0,42,21500,21500,72,0.148005148005148,0,0,1,1,0
1,42,11990,11872,84,0.0893491124260355,0,0,1,1,0
24,48,15690,15390,60,0.05857142857142857,0,0,1,1,0
0,57,10990,8490,36,0.2142197599261311,0,0,1,1,0
15,45,9600,6110,60,0.05363636363636363,0,0,1,0,0
8,28,14121,12621,36,0.1570306923625981,0,0,0,0,0
15,50,16490,11490,60,0.06242603550295858,0,0,1,1,0
2,26,17650,15150,60,0.1288888888888889,0,0,0,0,0
0,63,29393,15394,48,0.210625,1,0,0,1,0
3,66,14490,5124,36,0.125,1,0,1,0,0
6,46,15900,15900,48,0.137277648878577,0,0,1,0,0
17,35,10775,5823,48,0.02957110609480813,1,0,1,1,0
3,26,13430,10089,72,0.09675324675324676,0,0,0,0,0
2,67,15675,5800,36,0.105625,1,0,0,0,0
3,63,21970,14970,60,0.1371009942438514,0,0,1,1,0
27,51,9100,6474,48,0.07010014306151645,0,0,0,1,0
7,41,13900,12457,72,0.189,0,0,1,1,0
20,76,13990,11853,72,0.1090909090909091,0,0,0,0,1
2,35,7990,9111,48,0.1090425531914894,0,0,1,0,0
3,31,3795,4265,48,0.09272727272727273,0,0,0,0,0
11,49,9660,10893,60,0.1608333333333333,0,0,0,0,0
16,40,10500,6969,36,0.06128048780487805,0,0,0,0,0
35,56,11890,8890,60,0.042,0,0,1,1,0
10,30,11689,5189,36,0.07285714285714286,0,0,0,0,0
1,25,4500,6248,36,0.1248959200666112,0,0,1,0,1
24,47,15200,10200,36,0.199058507061197,0,0,1,1,0
4,32,16250,12096,48,0.1824512534818941,0,0,1,0,0
7,33,26950,26950,60,0.1486363636363636,0,0,1,0,1
13,54,11940,17359,72,0.09903846153846153,0,0,0,0,0
12,57,5364,5864,48,0.066,0,0,1,0,0
4,32,22777,25107,72,0.1428571428571428,0,0,0,0,1
5,31,19990,24490,96,0.137189292543021,0,0,1,1,0
14,50,5490,6150,48,0.06733167082294264,0,0,0,0,0
27,58,7067,7067,72,0.06277777777777778,0,0,1,1,0
1,21,25990,25990,60,0.2876470588235294,0,0,0,0,0
2,34,17589,18379,72,0.033,0,0,1,0,0
16,57,19200,10990,60,0.06187185929648241,1,0,1,1,0
11,65,7990,7990,72,0.07955251709136109,0,0,1,0,0
0,65,5042,5042,36,0.0888235294117647,0,0,1,1,0
2,44,9500,10230,48,0.09112903225806451,0,0,1,1,0
4,44,7301,7301,36,0.09098497495826377,0,0,0,1,0
6,32,11970,11005,60,0.093125,0,0,1,0,0
1,48,15990,6080,48,0.056,1,0,1,1,0
5,42,15190,13190,60,0.08580980683506687,0,0,1,1,0
7,52,5877,2377,24,0.07555555555555556,0,0,0,0,0
8,59,17855,6222,24,0.1892857142857143,1,0,0,1,0
1,26,11880,9738,60,0.1022458628841608,0,0,0,0,0
9,36,8900,8900,48,0.136,0,0,0,0,0
13,46,8400,8659,36,0.159375,0,0,1,1,0
12,66,15699,13699,72,0.07724867724867725,0,0,1,0,0
2,30,9000,5000,12,0.1339622641509434,0,0,1,1,0
18,52,5325,5599,60,0.05,0,0,0,1,0
5,34,10450,7450,48,0.1292307692307692,0,0,0,0,1
10,30,6800,7058,60,0.0782608695652174,0,0,0,1,0
3,54,22000,22000,48,0.1282828282828283,0,0,1,1,0
17,52,8000,4314,48,0.05105263157894737,0,0,0,0,0
35,51,22077,23104,84,0.125,0,0,0,0,0
13,40,9990,5353,36,0.07242339832869081,0,0,1,1,0
8,69,22490,24986,60,0.2012158054711246,0,0,1,0,1
1,40,14500,16131,96,0.1219354838709677,0,0,1,0,0
0,39,16500,16500,96,0.1124324324324324,0,0,1,0,0
6,28,11318,12367,72,0.1074285714285714,0,0,0,0,0
5,32,10390,4658,24,0.1310160427807487,1,0,0,0,0
10,48,11500,6500,48,0.0745,0,0,0,0,0
15,70,5490,5490,60,0.1015075376884422,0,0,0,0,0
24,57,10881,10881,48,0.1166666666666667,0,0,0,0,0
1,24,8069,3440,36,0.0825,1,0,0,0,0
20,43,13620,14907,72,0.07795918367346939,0,0,1,1,0
4,57,18890,18270,72,0.1507692307692308,0,0,0,0,0
8,50,6194,6680,48,0.05243055555555556,0,0,0,1,0
0,46,15439,3939,12,0.159047619047619,1,0,0,0,0
8,37,18690,15047,60,0.08323529411764706,0,0,0,1,0
4,57,7800,7800,48,0.0838095238095238,0,0,1,0,0
5,45,4090,4090,24,0.09421052631578947,0,0,1,0,0
4,58,10350,11087,60,0.1064,0,0,1,0,0
15,58,5037,5618,60,0.06058823529411764,0,0,1,0,1
1,33,5490,5530,36,0.1633663366336634,0,0,0,0,1
1,23,9800,10795,72,0.1618181818181818,0,0,0,0,1
5,49,16960,18209,48,0.07763975155279502,1,0,1,1,0
7,71,6990,7437,48,0.1005882352941176,0,0,0,0,0
23,49,6990,8415,96,0.06387096774193549,0,0,0,1,1
23,58,15775,10000,48,0.1916666666666667,0,0,1,1,0
9,60,16470,12797,24,0.2025,0,0,1,0,0
1,30,6534,7036,48,0.07650809220205983,0,0,0,0,0
0,36,12900,12900,96,0.09702380952380953,0,0,0,0,1
25,53,6090,5090,36,0.02515479876160991,0,0,0,0,0
7,66,11950,10900,60,0.09761904761904762,0,0,0,1,0
15,76,15390,9885,24,0.3269230769230769,0,0,0,0,1
2,32,4378,4490,12,0.2546666666666667,0,0,0,0,0
7,23,10690,9990,60,0.09142857142857143,0,0,0,0,0
10,47,7914,8239,48,0.04846153846153846,0,1,1,1,0
10,61,9829,8545,60,0.08547486033519552,0,0,0,0,0
32,59,13900,10283,60,0.0624,0,0,1,0,0
16,52,14500,11500,48,0.1918518518518519,0,0,1,1,0
28,52,10490,9327,72,0.08333333333333333,0,0,0,0,0
1,31,11900,13567,60,0.09090909090909091,0,0,0,0,0
6,30,16950,17837,60,0.1777777777777778,0,0,0,0,0
0,33,4500,4731,60,0.04689655172413793,0,0,0,0,0
2,59,5349,3533,48,0.09131905298759865,0,0,0,0,0
1,53,12450,12450,48,0.1172131147540984,0,0,1,0,0
16,48,12750,4750,36,0.069,1,0,0,1,0
5,54,13970,13934,60,0.1177873152122079,0,0,1,0,0
18,73,15650,9650,24,0.1729166666666667,0,0,1,1,0
0,37,8990,9729,96,0.02628062360801782,0,0,1,0,1
4,25,18490,14490,72,0.1115,0,0,1,1,0
0,20,7950,9397,84,0.1096,0,0,0,1,1
5,24,14490,15638,60,0.1176470588235294,0,0,1,0,0
10,74,18450,16397,60,0.2508333333333334,0,0,1,1,0
0,64,14120,13119,72,0.06854460093896714,0,0,1,1,0
16,41,19248,20047,60,0.09826361483820048,1,0,1,0,0
4,27,15509,17056,72,0.1313333333333333,0,0,0,0,0
10,34,17990,17990,72,0.09195979899497488,0,1,0,0,1
4,34,12790,12790,48,0.2096296296296296,0,0,0,0,0
2,21,24800,26756,96,0.22,0,0,0,0,1
44,60,5263,5371,24,0.1165,0,0,0,0,0
0,25,23490,23490,72,0.1273092369477912,0,0,1,0,1
21,54,10989,9489,96,0.1025641025641026,0,0,0,1,0
9,35,9600,11361,84,0.07142857142857142,0,0,0,0,0
12,60,2900,3135,36,0.06571428571428571,0,0,0,0,0
7,24,12490,12587,60,0.11,0,0,0,0,0
1,67,6482,7255,60,0.09769230769230769,0,0,1,0,1
0,31,12500,11000,60,0.04676409185803758,0,0,1,0,0
1,18,5050,5916,60,0.05517241379310345,0,0,0,0,1
2,51,6500,2500,12,0.1528571428571429,1,0,0,0,0
2,62,16690,16820,72,0.072,0,0,1,1,0
7,30,7200,4992,60,0.04478323010957599,0,0,1,1,0
2,56,5000,5174,24,0.1325443786982249,0,0,1,1,0
9,46,3738,3834,12,0.1987878787878788,0,0,1,1,0
7,38,29490,21490,60,0.130718954248366,0,0,0,0,0
1,48,13200,14462,72,0.1883333333333333,0,0,1,0,0
7,32,5750,6248,60,0.0732484076433121,0,0,0,0,0
22,59,4551,4551,24,0.09333333333333334,0,0,1,1,0
14,52,15200,12096,60,0.1035,0,0,1,1,0
0,50,8330,8963,48,0.1031578947368421,0,0,0,1,0
0,43,10420,10334,60,0.2048611111111111,0,0,0,0,0
7,39,12100,6200,48,0.04018109790605546,0,0,1,1,0
6,64,5438,6655,96,0.08823529411764706,0,0,1,0,0
14,38,4980,5166,48,0.02285714285714286,0,0,0,0,0
1,18,13690,8690,60,0.12,0,0,0,0,0
27,60,10402,11569,48,0.075,0,0,1,1,0
36,57,14000,10000,60,0.05015673981191222,0,0,1,0,0
1,40,19700,22931,72,0.07998661311914324,0,0,1,0,1
11,76,10500,10500,36,0.1354545454545455,0,0,0,0,0
0,50,9800,8092,48,0.05128205128205128,0,0,1,0,0
0,27,18400,20469,96,0.1090909090909091,0,0,0,1,1
2,65,5254,5590,36,0.07106382978723404,0,0,0,0,0
27,50,12500,7000,60,0.1075,0,0,0,1,0
1,48,27350,27350,48,0.1285714285714286,0,0,1,0,0
15,38,12485,11184,48,0.03540372670807453,0,0,0,1,0
10,67,4475,4478,48,0.1193181818181818,0,0,1,0,0
0,52,13447,10000,84,0.1017569546120059,0,0,1,1,0
3,65,5000,5103,24,0.1692307692307692,0,0,0,0,0
20,38,27100,20600,72,0.045,0,0,1,1,0
2,44,6100,7244,84,0.05216016859852476,0,0,1,1,0
0,23,8800,6264,48,0.096,0,0,0,0,0
17,42,10905,12401,60,0.076,0,1,1,1,0
3,24,2500,2563,12,0.1211111111111111,0,0,0,0,0
10,26,15790,12577,48,0.09090909090909091,0,0,0,0,0
1,64,9480,7619,60,0.1059259259259259,0,0,1,0,0
7,70,13690,13600,48,0.2483498349834984,0,0,1,0,0
1,38,6500,6111,72,0.07,0,0,0,0,0
22,53,9700,5200,36,0.085,0,0,0,0,0
4,41,8990,4115,96,0.04545454545454546,1,0,1,0,0
12,73,5900,5000,36,0.07894736842105263,0,0,0,1,0
6,42,12900,13990,60,0.1111111111111111,0,0,1,1,0
9,35,8835,7000,24,0.07085160396953612,0,0,0,0,0
2,67,9742,6654,48,0.1132075471698113,1,0,0,0,0
34,54,15700,3000,24,0.02532391048292108,1,0,1,1,0
2,41,13990,15393,72,0.1224928366762178,0,0,1,0,1
0,55,9185,10121,60,0.1362962962962963,0,0,1,1,0
2,53,7500,7500,60,0.06666666666666667,0,0,1,1,0
21,58,15000,4000,36,0.04916666666666666,1,0,1,0,1
3,57,14990,15749,72,0.0955,0,0,1,0,0
9,38,29980,28341,48,0.208235294117647,0,0,0,0,0
3,19,7990,5000,36,0.07833603457590492,0,0,0,1,1
0,27,10980,8480,60,0.07352941176470588,0,0,0,0,0
2,64,25800,21391,36,0.09272727272727273,0,0,0,0,0
4,39,12500,12500,60,0.08198433420365535,0,0,0,0,0
2,34,25877,25877,60,0.1555555555555556,0,0,0,0,1
8,52,10125,10887,48,0.0944,0,0,0,1,0
3,48,10800,8100,36,0.04615384615384616,0,0,1,1,0
8,55,9900,10205,36,0.1433333333333333,0,0,0,0,0
10,36,5540,6001,60,0.06,0,0,1,0,0
3,49,11000,6433,36,0.093,0,0,0,0,0
2,27,8690,9427,48,0.09818181818181818,0,0,1,0,1
0,60,9950,5709,60,0.04420921544209216,1,0,0,0,0
5,51,14390,7890,48,0.05333333333333334,1,0,1,1,0
2,20,16604,12604,48,0.1670588235294118,0,0,0,0,0
15,42,16100,18324,60,0.163125,0,0,1,1,0
1,31,19286,19286,36,0.08043478260869565,0,0,1,0,0
27,44,21920,18000,60,0.0937227550130776,0,0,1,0,0
2,40,16990,15990,84,0.1102941176470588,0,0,0,1,1
0,18,4700,4700,24,0.2423529411764706,0,0,0,0,0
1,24,3800,2800,12,0.1714285714285714,0,0,0,0,0
0,28,15990,15990,48,0.0788,0,0,0,0,0
1,32,3761,1596,24,0.04761904761904762,0,0,0,0,0
3,50,10000,9799,60,0.1314285714285714,0,0,1,1,0
2,34,16480,15480,96,0.115625,0,0,0,0,1
45,62,15270,6280,96,0.0431578947368421,1,0,1,1,0
3,22,12490,14349,60,0.1289147851420248,0,0,0,0,1
10,75,10750,7992,48,0.035,0,0,0,0,0
10,26,27842,27842,24,0.1546666666666667,0,0,1,1,0
3,52,8900,7687,60,0.1007142857142857,0,0,1,0,0
8,54,4653,4944,24,0.1247058823529412,0,0,0,0,0
22,82,5714,5714,48,0.07818181818181819,0,0,0,0,1
16,41,18800,18800,60,0.02440408626560726,0,1,1,1,0
31,54,29990,28990,72,0.0826470588235294,0,0,1,1,0
8,73,4190,4190,36,0.03263157894736842,0,0,1,1,0
33,55,6990,7658,72,0.075,0,0,1,0,0
19,52,9995,9995,96,0.04352517985611511,0,0,1,1,0
1,36,16872,16872,60,0.06791666666666667,0,0,0,0,0
0,40,13000,3000,12,0.2318181818181818,1,0,1,0,0
9,28,5961,5961,36,0.1173333333333333,0,0,0,0,0
0,45,10500,9500,24,0.1454545454545454,0,0,1,0,1
0,30,9576,8576,48,0.1195244055068836,0,0,1,1,0
11,76,18200,14800,60,0.05615384615384615,0,0,0,0,0
18,64,12495,13669,60,0.1255,0,0,1,1,0
1,25,10930,11975,72,0.1626086956521739,0,0,0,0,0
1,28,13300,3532,36,0.07168458781362007,1,0,0,0,0
3,60,6849,5731,48,0.120952380952381,0,0,1,1,0
4,27,17590,15719,60,0.108695652173913,0,0,1,0,0
8,30,12990,10879,72,0.058,0,0,1,0,0
2,67,15118,10394,36,0.07157894736842105,0,0,1,0,0
1,44,16735,18999,60,0.08194138039710054,0,0,0,0,1
4,46,10390,11256,60,0.09882515549412578,0,0,0,0,0
2,35,10985,11172,96,0.09066666666666667,0,0,0,0,0
6,53,8920,4920,48,0.0925,0,0,0,0,0
10,35,9000,3222,36,0.059375,1,0,0,0,0
3,20,8500,8738,36,0.174,0,0,0,0,1
30,47,4270,3270,36,0.02909090909090909,0,0,1,0,0
2,67,14400,13400,48,0.0764,0,0,1,0,0
2,41,7990,7081,60,0.05714285714285714,0,0,1,0,1
1,49,28365,27800,96,0.1641414141414141,0,0,1,1,0
22,62,3399,1947,12,0.1571428571428571,0,0,0,0,0
6,52,7990,7990,60,0.05387931034482758,0,0,1,1,0
4,55,9490,10621,72,0.095,0,0,0,0,0
20,65,8505,8505,72,0.076,0,0,1,0,0
20,41,13990,16557,84,0.1153439153439153,0,0,1,0,0
33,50,20720,22861,96,0.1227106227106227,0,0,1,1,1
9,67,16990,13990,48,0.07878787878787878,0,0,1,0,0
1,25,7825,8562,72,0.07333333333333333,0,0,0,0,1
4,25,10800,12098,48,0.1557907113462669,0,0,0,0,0
10,41,19200,20066,60,0.1084,0,0,1,0,1
0,37,9227,9227,36,0.1332445036642239,0,1,0,0,1
34,52,26410,23410,48,0.108695652173913,0,0,1,1,0
24,62,22990,20000,36,0.1594444444444444,0,0,1,1,0
1,34,6900,2900,24,0.076875,1,0,0,1,0
10,40,8888,3914,48,0.116,1,0,0,0,0
5,58,9200,9200,72,0.08705882352941176,0,0,1,1,1
18,47,16500,14751,72,0.1464052287581699,0,0,1,1,0
1,36,15990,18850,72,0.0826863354037267,0,0,1,0,0
1,41,6350,1912,24,0.06833333333333333,1,0,0,0,0
3,64,12190,13688,60,0.1,0,0,1,0,1
1,19,4400,4802,36,0.05862068965517241,0,0,0,0,0
16,80,19690,19690,60,0.1833333333333333,0,0,1,0,0
1,43,10390,7389,48,0.0475,0,0,0,0,0
10,71,23180,15500,48,0.1666666666666667,0,0,1,1,0
0,23,23990,23990,96,0.088,0,0,0,0,0
0,28,13490,13490,60,0.1153005464480874,0,0,0,0,0
2,29,15730,14620,48,0.0911300121506683,0,0,1,1,0
25,59,13700,11461,60,0.08526315789473685,0,0,1,0,0
2,42,8250,6791,60,0.07383343177790903,0,0,1,0,0
3,68,22689,22804,60,0.2621359223300971,0,0,0,1,1
3,21,22750,22522,60,0.1872909698996655,0,0,0,0,0
3,31,10250,9991,48,0.1277777777777778,0,0,0,0,0
2,43,19340,19340,72,0.08823529411764706,0,0,1,1,0
0,65,3000,3189,36,0.1044444444444445,0,0,0,1,1
0,52,14500,14500,36,0.2094736842105263,0,0,1,1,0
6,25,10513,10513,48,0.0659090909090909,0,0,0,0,0
3,38,15190,15732,72,0.105,0,0,0,0,1
26,61,11680,9810,60,0.05405405405405406,0,0,1,0,0
2,39,7625,8189,36,0.1343366778149387,0,0,0,0,0
2,26,14040,16185,60,0.1342281879194631,0,0,0,0,1
3,30,15480,16591,48,0.085625,0,0,1,0,0
6,25,7579,8541,96,0.0784,0,0,0,0,1
35,58,14971,17289,60,0.1009090909090909,0,0,1,0,1
2,42,4700,4602,72,0.04054054054054054,0,0,1,0,0
2,33,25566,26334,72,0.1648936170212766,0,0,0,0,1
8,56,14750,13550,72,0.07614035087719298,0,0,1,0,0
3,42,5990,5647,24,0.1626666666666667,0,0,0,0,0
35,52,13530,10830,72,0.0375,0,0,1,0,0
3,23,17950,17950,72,0.134375,0,0,0,0,1
15,82,7995,7995,36,0.075,0,0,1,0,0
37,53,3764,3764,24,0.06133828996282528,0,0,1,0,0
2,22,8490,9659,60,0.1062893081761006,0,0,0,0,1
2,68,8950,11055,60,0.1035398230088496,0,0,1,0,0
36,56,4749,4749,36,0.1166666666666667,0,0,1,1,0
0,55,14850,8850,48,0.03556034482758621,0,0,1,1,0
7,44,19400,21018,60,0.0916165546515741,0,0,0,0,1
25,57,6500,7413,72,0.07733333333333334,0,0,0,1,0
31,48,25100,25100,72,0.1384430176565008,0,0,1,1,0
1,27,9980,9730,60,0.08461538461538462,0,0,0,0,1
5,34,8250,8635,60,0.1094594594594595,0,0,1,1,0
1,65,9985,8485,72,0.1,0,0,1,0,0
33,57,18990,17405,48,0.09653846153846155,0,0,1,0,0
0,19,9000,10155,48,0.143125,0,0,0,0,0
4,22,8950,8620,60,0.08611111111111111,0,0,0,0,0
6,33,15340,16330,96,0.1175,0,0,1,0,0
2,43,5924,6423,60,0.07931034482758621,0,0,1,0,0
4,41,3900,2900,48,0.03457446808510638,0,0,1,1,0
26,46,9990,6999,48,0.08315789473684211,0,0,1,1,0
5,52,10000,10866,60,0.141643059490085,0,0,0,1,0
12,75,16500,16500,72,0.1225,0,0,0,1,1
3,35,11990,13005,96,0.1128571428571429,0,0,0,0,1
4,29,15980,13608,48,0.1584210526315789,0,0,0,0,0
2,46,11069,2184,24,0.04588910133843212,1,0,1,0,0
0,53,7500,8755,72,0.06058823529411764,0,0,0,0,1
30,58,24554,8737,60,0.08944444444444444,1,0,0,1,0
1,31,3950,2000,12,0.1425,0,0,1,1,0
1,25,11000,7896,48,0.1164254247954688,0,0,0,0,0
5,35,5500,6175,48,0.05720164609053498,0,0,0,0,1
1,24,16789,16289,72,0.1110344827586207,0,0,0,0,1
20,53,17500,13460,48,0.18625,0,0,1,1,0
5,70,11557,12032,48,0.1594117647058824,0,0,0,1,0
0,19,19900,21650,60,0.177429876060013,0,0,0,0,1
0,46,11681,8370,48,0.02888888888888889,0,0,1,1,0
11,37,13548,15290,48,0.1769230769230769,0,0,0,0,0
13,30,11300,8397,24,0.077,0,0,1,1,0
22,53,8900,5319,24,0.101304347826087,0,0,1,1,0
3,56,21900,18031,60,0.1504545454545455,0,0,1,0,0
2,44,9000,9000,60,0.04918839153959666,0,0,1,1,0
3,68,17950,13190,84,0.1536,0,0,0,1,1
3,67,12000,10000,72,0.1230769230769231,0,0,0,1,0
11,43,4524,4524,48,0.034,0,0,1,0,0
9,32,8450,9079,36,0.1384615384615385,0,0,0,0,1
19,53,4730,5138,24,0.1055813953488372,0,0,1,1,0
1,41,22300,24302,72,0.1827462991322103,0,0,0,0,0
5,51,12495,11639,72,0.4675,0,1,1,1,1
10,49,7450,2873,24,0.0492,0,0,1,1,0
0,45,12900,13974,60,0.1652231845436376,0,0,0,0,1
13,51,5480,5047,48,0.0912,0,0,0,1,0
10,39,5900,5900,60,0.06076923076923077,0,0,1,0,0
4,69,14320,11941,24,0.3017647058823529,0,0,0,1,0
14,79,11990,8282,48,0.116875,0,0,1,1,0
4,66,25950,21150,72,0.1547619047619048,0,0,1,1,0
3,34,5500,4900,36,0.0722488038277512,0,0,1,0,1
0,37,16885,13885,60,0.06487889273356401,0,0,1,1,0
1,29,3798,1911,24,0.0415,1,0,0,0,0
1,22,9990,11087,84,0.09625,0,0,0,0,0
26,51,10550,10700,72,0.104375,0,0,1,1,0
9,70,7750,8112,60,0.09176470588235294,0,0,1,0,0
31,49,22850,23030,72,0.1076595744680851,0,0,1,1,0
33,49,9818,10429,36,0.05017561465127948,0,0,0,0,0
5,61,18990,18990,72,0.08448979591836735,0,0,1,0,1
1,29,8490,8350,72,0.06188340807174888,0,0,1,0,0
22,61,4706,4706,18,0.0455,0,0,1,1,0
31,52,8690,6514,48,0.0473186119873817,0,0,1,1,0
3,56,9090,10101,96,0.05503731343283582,0,0,1,0,0
16,76,15900,15900,84,0.1607407407407407,0,0,0,0,0
9,50,17900,13900,48,0.09637625289128758,0,0,1,1,0
1,33,3838,3838,36,0.09583333333333334,0,0,0,0,1
3,20,21490,18836,84,0.1428571428571428,0,0,0,1,0
3,52,8490,6850,48,0.09090909090909091,0,0,0,0,0
15,46,16700,11828,72,0.112,0,0,0,1,1
8,41,7490,7942,84,0.07297297297297298,0,0,0,0,1
20,47,26780,26780,48,0.1401384083044983,0,0,1,1,0
3,27,12890,17259,60,0.1593333333333333,0,0,0,0,0
2,52,13990,13990,60,0.03125,0,0,1,1,0
0,25,14900,14273,48,0.1625,0,0,0,0,0
2,38,11154,8293,48,0.06925925925925926,0,0,1,1,1
15,58,8140,8630,60,0.09,0,0,1,0,0
0,23,11890,12948,48,0.06977777777777777,0,0,0,0,1
11,47,29500,29500,48,0.2375,0,0,0,1,0
16,49,16875,18834,84,0.09284682080924855,0,0,1,1,0
0,22,8350,9101,60,0.09066666666666667,0,0,0,0,0
3,41,15755,15671,72,0.08716981132075471,0,0,0,0,0
8,39,12990,14585,48,0.2193333333333333,0,0,0,0,1
12,32,5196,5604,48,0.03947368421052631,0,0,1,1,0
2,58,19680,12825,60,0.09876543209876543,0,0,1,1,0
0,54,6543,7035,48,0.1025469168900804,0,0,1,1,0
4,26,7000,7622,60,0.08411764705882353,0,0,0,0,1
6,69,21600,18331,72,0.05470588235294117,0,0,1,1,0
6,42,14600,13100,48,0.07168458781362007,0,0,1,1,0
0,32,8200,8149,60,0.08823529411764706,0,0,1,1,1
29,60,9050,7430,48,0.07590909090909091,0,0,0,1,0
5,41,9100,4415,48,0.05961070559610705,0,0,0,1,0
6,52,14990,6978,48,0.06863636363636363,0,0,1,1,0
19,78,6990,8750,60,0.0988235294117647,0,0,1,0,1
12,39,23980,23980,60,0.08123448031216743,0,0,1,0,0
8,59,10109,10238,60,0.08952380952380952,0,0,1,0,0
25,42,6010,3652,48,0.04692737430167598,1,0,1,1,0
3,27,24900,22400,60,0.19125,0,0,0,0,1
0,32,7390,7390,96,0.05739644970414201,0,0,1,0,1
1,42,7032,7641,60,0.05177514792899408,0,0,0,0,0
14,55,7000,5000,60,0.03357142857142857,0,0,0,1,0
4,40,8500,8500,60,0.09696969696969697,0,0,0,1,0
41,63,6700,4700,36,0.03815384615384616,0,0,1,0,0
7,29,5990,7196,96,0.03807339449541285,0,1,1,1,0
20,45,9338,9338,36,0.02621621621621622,0,0,1,0,0
7,33,15990,14222,60,0.085,0,0,0,0,0
5,29,13100,15156,72,0.133134328358209,0,0,0,0,0
39,56,5985,6004,48,0.11,0,0,1,1,0
37,55,23622,25560,72,0.07685714285714286,0,0,1,1,0
10,56,16450,15707,48,0.1452173913043478,0,0,1,1,0
24,44,11049,11169,60,0.06756756756756757,0,0,1,1,0
0,61,6500,6500,36,0.062,0,0,0,0,0
5,30,15775,15775,48,0.126063829787234,0,0,1,1,0
9,27,11458,12456,60,0.09789473684210526,0,0,0,0,0
12,54,8990,6490,36,0.1141176470588235,0,0,1,1,0
1,50,6600,1025,12,0.0725,1,0,0,1,0
3,48,9841,10901,72,0.0815,0,0,0,0,0
39,56,10890,9390,72,0.0576,0,0,1,1,0
26,55,10200,8820,60,0.04454545454545455,0,0,1,0,0
36,65,14990,8364,48,0.04411764705882353,0,0,1,1,0
28,45,6500,6500,48,0.0768,0,0,1,0,0
7,34,14990,14794,60,0.07538461538461538,0,0,1,0,0
1,29,19400,19400,84,0.235,0,0,0,0,1
5,52,9590,10535,72,0.07222222222222222,0,0,1,1,1
4,47,4852,5225,48,0.03515151515151515,0,0,1,1,0
6,43,8250,8414,72,0.05053191489361702,0,0,0,0,0
9,51,9990,6990,48,0.05255878284923928,0,0,1,0,0
3,58,7795,7795,84,0.03655172413793104,0,0,1,1,0
17,48,17000,17000,84,0.1904382470119522,0,0,1,1,0
1,23,6500,6927,96,0.08983957219251337,0,0,0,0,0
0,27,11990,12088,60,0.1681481481481482,0,0,0,0,1
1,46,16410,17678,60,0.1386904761904762,0,0,0,0,1
7,32,10690,11753,72,0.1083398285268901,0,0,0,1,1
22,40,9217,9887,36,0.1435,0,0,0,1,0
2,26,12990,6990,24,0.07593052109181142,0,0,0,0,0
0,35,8850,9833,72,0.09085365853658536,0,0,1,0,0
3,45,10100,3100,36,0.04840425531914894,1,0,0,1,0
7,43,11990,13186,72,0.0608,0,0,0,0,0
32,48,21300,16300,60,0.1237458193979933,0,0,1,1,0
15,71,5990,6158,36,0.2317073170731707,0,0,1,1,0
9,36,9470,6420,48,0.0725,0,0,0,0,0
13,66,12490,7490,36,0.08384615384615385,0,0,1,1,0
20,55,7900,6363,48,0.065,0,0,1,0,0
15,38,11500,11500,48,0.1177272727272727,0,0,0,0,0
16,46,23940,23940,60,0.1328571428571429,0,0,0,0,1
8,55,4200,4526,36,0.07878787878787878,0,0,1,0,0
36,56,14500,11596,60,0.05786516853932584,0,0,1,1,0
3,37,10000,5000,36,0.073,0,0,1,0,0
4,24,5990,6489,60,0.05476190476190476,0,0,0,0,0
27,51,17850,13902,60,0.06620689655172414,0,0,1,1,0
0,57,12200,12999,60,0.1365714285714286,0,0,0,0,1
3,23,9490,10346,60,0.075,0,0,1,0,1
3,25,13830,15027,60,0.1427832384893947,0,0,0,0,0
22,65,9596,10497,60,0.1072222222222222,0,0,0,0,0
1,51,4500,3759,36,0.06166666666666667,0,0,0,0,0
17,62,12500,12500,48,0.07761904761904762,0,0,1,1,0
1,46,7490,7122,60,0.1190909090909091,0,0,0,0,0
2,65,11500,11500,48,0.1411764705882353,0,0,0,1,0
37,59,10490,5902,24,0.1693333333333333,1,0,0,1,0
11,59,9300,4300,36,0.05291666666666667,1,0,1,1,0
6,53,17990,20740,60,0.1983333333333333,0,0,1,1,0
15,54,17500,12000,60,0.1625,0,0,1,1,0
0,24,10548,12423,72,0.1492307692307692,0,0,0,0,0
7,40,8675,9425,48,0.0867579908675799,0,0,1,1,0
8,68,14400,14400,60,0.0514820592823713,0,0,0,0,0
7,71,7950,7000,36,0.1378205128205128,0,0,0,1,1
2,26,16850,18312,60,0.1528795811518324,0,0,0,0,0
12,75,10490,10490,48,0.08625,0,0,0,1,1
3,45,12965,12965,48,0.110718492343934,0,0,1,0,1
1,25,12900,12400,36,0.2,0,0,0,0,1
10,56,19880,21779,96,0.159375,0,0,1,1,0
1,25,3300,3544,36,0.07703703703703704,0,0,0,0,1
11,76,6850,4992,36,0.1401693320790216,0,0,1,1,0
21,74,11043,11043,48,0.125,0,0,1,1,0
0,31,21850,12837,60,0.04827586206896552,0,0,1,0,0
3,61,26524,25521,48,0.1542222222222222,0,0,1,0,0
8,55,8990,9875,60,0.07,0,0,0,1,1
3,51,23100,18568,60,0.04716981132075472,0,0,1,1,0
6,68,13189,13189,84,0.132,0,0,0,0,1
24,53,6019,3353,36,0.04347826086956522,0,0,1,1,0
9,69,13190,8190,36,0.1768558951965065,1,0,0,1,0
6,33,15000,5444,60,0.03820224719101124,1,0,1,0,0
36,55,4683,4683,48,0.0568421052631579,0,0,0,0,0
6,37,21037,18037,72,0.08739130434782609,0,0,1,0,0
38,56,5031,3169,36,0.07,0,0,0,1,0
8,28,10990,12130,72,0.02213740458015267,0,0,1,1,0
6,33,8990,7647,72,0.03738738738738739,0,0,0,1,0
16,53,8990,10487,72,0.1873684210526316,0,0,0,1,1
16,52,4246,4572,48,0.07271418286537078,0,0,1,0,0
36,54,34705,11365,36,0.132,1,0,0,0,0
15,44,22900,22900,60,0.1033057851239669,0,0,1,1,0
6,34,7190,7951,36,0.08418367346938775,0,0,0,1,0
4,30,11479,12621,60,0.1092857142857143,0,0,0,0,0
2,37,12490,14129,60,0.13625,0,0,1,0,1
3,20,21990,25044,60,0.1866666666666667,0,0,0,0,1
1,54,5300,5716,48,0.06508577194752775,0,0,1,1,0
5,31,12950,12334,60,0.08,0,0,0,0,0
7,55,10690,12184,60,0.1183431952662722,0,0,0,1,0
13,35,13990,13031,48,0.086875,0,0,1,0,0
3,53,9470,9470,96,0.05502392344497608,0,0,1,1,0
1,34,20900,15900,36,0.1112347052280311,0,0,1,0,0
21,50,23000,16000,60,0.1866666666666667,0,0,0,0,0
29,59,18150,13150,12,0.07142857142857142,0,0,1,0,0
10,29,23500,23500,72,0.087,0,0,1,0,1
3,27,6490,1539,12,0.04333333333333333,1,0,1,0,0
2,68,5800,5800,48,0.04563758389261745,0,0,1,1,0
1,24,23490,25741,72,0.1309090909090909,0,0,1,1,0
2,45,12978,10963,48,0.08066666666666666,0,0,0,0,1
4,26,6900,6900,60,0.1181818181818182,0,0,0,0,1
0,18,5690,3090,48,0.068,0,0,0,0,0
2,49,19990,19990,72,0.192,0,0,0,0,1
19,43,11800,12894,72,0.0890909090909091,0,0,0,1,0
3,21,11800,10932,36,0.1460920379839299,0,0,0,0,0
9,45,8461,9301,36,0.07722007722007722,0,0,1,1,0
8,25,6480,7724,72,0.06243550051599587,0,0,0,0,1
20,48,22250,11150,60,0.04949494949494949,1,0,1,1,0
9,54,20990,12990,72,0.15,0,0,1,0,0
13,44,9000,4500,36,0.07277777777777777,0,0,0,0,0
10,44,21125,20891,84,0.1806666666666667,1,0,1,1,0
6,53,20000,23476,72,0.166138237159163,0,0,1,0,0
25,59,6079,6079,72,0.035,0,0,0,1,0
22,48,3450,2673,24,0.05523809523809524,0,0,1,1,0
8,71,6990,4849,60,0.06275862068965517,0,0,1,1,0
8,35,9900,6050,36,0.055625,0,0,0,1,0
14,38,14950,16950,60,0.08916938110749185,0,0,1,1,0
4,33,18390,11146,48,0.07171428571428572,0,0,0,0,0
29,46,7610,8275,60,0.052,0,0,0,1,0
7,55,21524,21524,72,0.17125,0,0,0,1,0
6,51,15990,10404,48,0.1678571428571428,0,0,1,1,0
0,34,13030,13150,48,0.1285,0,0,1,0,1
5,37,26152,20820,84,0.14,1,0,0,0,0
13,67,7900,9847,72,0.1717391304347826,0,0,1,0,1
27,45,20200,12100,48,0.1770186335403727,0,0,1,0,0
13,51,9597,6791,48,0.052,0,0,0,0,0
4,66,6500,3000,36,0.06428571428571428,0,0,0,1,0
16,56,9000,8594,72,0.09571428571428571,0,0,1,0,0
5,38,8950,6935,48,0.05,0,0,1,1,0
3,40,9180,7866,72,0.07265209686946249,0,0,1,1,0
12,50,8500,9217,60,0.113013698630137,0,0,0,1,0
7,57,32190,12190,12,0.3498305084745763,1,0,1,0,0
24,53,22300,23627,36,0.1293333333333333,0,1,0,1,0
11,76,16990,6570,60,0.059,1,0,1,1,0
2,26,24600,22065,96,0.1593333333333333,0,0,0,0,1
0,51,16790,15149,72,0.1567741935483871,0,0,0,0,0
33,52,6200,6200,84,0.06474820143884892,0,0,1,1,0
0,44,22000,23603,48,0.1542553191489362,0,0,1,0,0
2,39,12990,12499,60,0.05006257822277847,0,0,1,1,0
17,62,12500,9125,60,0.096,0,0,1,1,0
8,57,15967,9821,60,0.08571428571428572,0,0,1,1,0
4,25,27400,12400,48,0.1272727272727273,1,0,0,0,0
6,31,5674,5674,16,0.1428571428571428,0,0,0,0,0
32,62,3629,3629,12,0.124,0,0,1,1,0
26,47,8900,9547,48,0.05357142857142857,0,0,1,1,0
10,51,26999,19897,60,0.1358361774744027,0,0,0,1,0
19,51,20750,17750,60,0.03698030634573304,0,0,1,1,0
0,19,9990,10628,24,0.1877934272300469,0,0,0,0,1
15,66,8990,7386,72,0.05706806282722513,0,0,1,0,0
6,23,8990,8469,36,0.0764872521246459,0,0,0,0,0
5,69,5900,5600,60,0.08583333333333333,0,0,0,0,1
1,65,8850,7600,60,0.1216666666666667,0,0,1,0,0
1,64,21125,15487,60,0.1273972602739726,0,0,1,1,0
6,47,12450,10924,48,0.05882352941176471,0,0,1,1,0
9,44,19800,18776,60,0.0784,0,0,0,0,0
17,73,9990,9990,36,0.145,0,0,1,1,0
13,63,7990,6990,84,0.0875,0,0,1,1,0
5,44,5489,5964,60,0.0650887573964497,0,0,0,0,0
35,59,26470,27490,72,0.1057142857142857,0,0,1,0,0
4,26,2800,2870,12,0.1333333333333333,0,0,0,0,0
1,32,10000,10000,60,0.04932735426008968,0,0,0,0,0
3,27,9377,11000,72,0.1539130434782609,0,0,0,0,0
1,22,5823,6279,48,0.07517204870301747,0,0,0,0,1
5,62,5200,5624,36,0.09277777777777778,0,0,1,1,0
18,63,19980,10160,48,0.274251497005988,0,0,1,1,0
0,33,10500,8341,60,0.08222222222222222,0,0,0,0,0
2,56,4650,4906,48,0.0353125,0,0,1,1,0
33,52,10500,11545,72,0.05787234042553192,0,0,1,1,0
5,43,9990,9990,60,0.0543859649122807,0,0,0,0,0
2,40,13980,15434,84,0.06375,0,0,1,0,0
6,69,16800,11492,60,0.1623076923076923,0,0,1,1,0
1,36,23490,25708,72,0.05888888888888889,0,0,1,0,0
8,51,7350,7450,60,0.03231797919762259,0,0,1,1,0
6,62,3990,3990,48,0.09029126213592233,0,0,0,0,1
2,25,27750,26449,60,0.1868571428571429,0,0,0,0,1
10,42,19980,15180,60,0.09472049689440994,0,0,1,1,0
2,25,13900,13900,48,0.1304166666666667,0,0,0,0,0
0,63,17150,3150,24,0.08375,1,0,1,0,0
4,68,4720,4366,48,0.07692307692307693,0,0,0,0,1
5,68,23490,16490,60,0.1417142857142857,0,0,1,1,0
23,83,6420,6420,48,0.07631578947368421,0,0,1,1,1
7,32,4634,4998,48,0.08212209302325581,0,0,0,0,1
11,46,13900,11400,60,0.09857142857142857,0,0,1,1,0
2,25,19303,17573,60,0.1151631477927063,0,0,0,0,0
2,26,9283,9283,12,0.04782608695652174,0,0,0,0,0
15,64,7890,8133,36,0.1266666666666667,0,0,0,1,1
2,21,24627,25232,48,0.1932555123216602,0,0,1,0,1
13,60,8500,8500,60,0.09153846153846154,0,0,0,1,0
4,46,28650,18650,60,0.04352678571428571,0,0,1,1,0
24,45,7250,5566,60,0.04857142857142857,0,0,1,1,0
1,26,9950,9250,72,0.1076923076923077,0,0,0,0,0
19,49,19118,19118,72,0.05915244261330194,0,0,0,0,0
6,47,13900,7527,48,0.1253846153846154,1,0,0,0,0
25,49,6833,6833,48,0.06541666666666666,0,0,0,0,0
33,50,7592,7592,36,0.1168421052631579,0,0,1,1,0
3,36,13490,11490,60,0.1168903803131991,0,0,1,1,0
5,70,13680,16275,60,0.16,0,0,1,1,0
10,39,9899,8868,24,0.05241061755146263,1,0,1,1,0
31,50,12290,11590,48,0.06333333333333334,0,0,1,1,0
2,23,8950,10034,48,0.185,0,0,0,0,1
2,20,16877,17016,72,0.08714285714285715,0,0,0,0,1
5,37,10990,12279,48,0.08308751229105212,0,0,1,0,0
9,29,6002,6655,36,0.1485714285714286,0,0,0,0,0
0,23,20990,20895,72,0.1862348178137652,0,0,0,0,0
6,59,13880,11077,60,0.0832,0,0,1,1,0
4,64,35200,25200,24,0.2058823529411765,0,0,1,1,0
8,39,12510,13200,60,0.08352941176470588,0,1,0,0,0
9,61,10930,10930,60,0.04625,0,0,0,1,0
0,33,5500,5500,36,0.09166666666666666,0,0,1,1,0
26,51,8600,8600,60,0.07383773928896992,0,0,1,1,0
1,18,5640,3040,24,0.1257142857142857,0,0,0,0,0
0,40,8790,4983,24,0.1465753424657534,1,0,0,0,0
17,57,12950,9200,60,0.05827586206896552,0,0,1,0,0
40,59,39136,21650,60,0.1213333333333333,1,0,1,1,0
38,61,9179,11156,84,0.06444444444444444,0,0,1,1,0
4,45,16660,19447,72,0.1218085106382979,0,0,1,1,1
4,34,19490,17795,60,0.08876629889669008,0,0,1,0,1
2,52,16700,16700,96,0.0640378548895899,0,0,1,1,0
8,45,11090,9090,72,0.09125,0,0,1,0,0
3,34,8900,3085,24,0.135,1,0,1,0,0
3,57,15500,15500,72,0.1546153846153846,0,0,1,1,0
5,41,6985,6736,48,0.06846846846846846,0,0,0,1,1
13,46,8028,6824,48,0.09625,0,0,1,1,0
0,46,8700,8200,48,0.07600657354149548,0,0,0,0,0
20,54,14500,11221,96,0.05875,0,0,1,1,0
2,59,12985,14339,48,0.1509523809523809,0,0,1,0,1
1,55,2681,2748,12,0.1325714285714286,0,0,0,0,0
21,47,6412,6894,48,0.06797445255474452,0,0,1,1,0
12,48,22500,21565,48,0.05584112149532711,0,0,0,1,0
4,52,17490,18741,48,0.1110180142438207,0,0,0,1,1
3,65,6950,7525,36,0.1085,0,0,0,0,1
0,31,11685,12999,96,0.09212121212121212,0,0,1,0,1
20,47,6900,6464,72,0.03482758620689655,0,0,1,1,0
0,19,15280,16300,72,0.1091428571428571,0,0,0,0,1
3,44,26490,29023,72,0.2265,0,0,1,0,0
7,72,23770,22991,60,0.2112676056338028,0,0,1,1,0
3,38,3380,3502,12,0.1086642599277978,0,0,1,0,0
9,69,11885,12000,60,0.064375,0,0,0,0,0
7,35,30500,25800,60,0.1102941176470588,0,0,1,1,0
7,59,9035,9742,36,0.1066843736166445,0,0,1,0,0
10,58,14980,14980,84,0.1386206896551724,0,0,0,0,1
10,50,5849,6652,60,0.04874446085672083,0,0,0,1,0
8,33,25900,17000,48,0.02955082742316785,0,0,1,1,0
22,42,19690,20290,48,0.07277777777777777,0,0,1,1,0
0,47,6750,5550,36,0.07579908675799087,0,0,1,1,0
5,27,9489,9104,72,0.09733333333333333,0,0,0,0,0
1,42,5490,3490,36,0.04333193100546908,0,0,0,1,0
11,44,8270,8986,60,0.06375579598145285,0,0,1,1,0
2,23,25379,21269,48,0.1367469879518072,1,0,0,0,0
7,72,6790,6790,48,0.07470588235294118,0,0,1,1,0
0,25,11800,4074,36,0.08428571428571428,1,0,0,0,1
32,54,15000,15000,72,0.04406779661016949,0,0,1,0,0
8,57,14000,8000,36,0.09666666666666666,1,0,1,0,0
8,30,11872,12860,60,0.12,0,0,0,0,0
2,26,13990,11990,60,0.1384057971014493,0,0,1,0,1
0,29,7300,8156,96,0.0548172757475083,0,0,0,0,0
1,55,9950,9586,60,0.09666666666666666,0,0,1,0,0
3,54,14975,16682,84,0.1517241379310345,0,0,1,1,0
1,60,24078,24217,60,0.1551912568306011,0,0,0,0,1
0,40,3313,3590,24,0.1427272727272727,0,0,0,0,0
3,67,3700,4080,36,0.05409090909090909,0,0,0,0,0
0,39,12750,15033,96,0.06329537843268587,0,0,1,0,0
12,35,29980,23430,60,0.07908847184986595,0,0,1,1,0
1,35,21400,7680,48,0.1636363636363636,1,0,1,1,0
16,48,11040,11967,60,0.1182352941176471,0,0,1,1,0
6,25,11569,11708,72,0.1037037037037037,0,0,0,0,1
17,46,10396,10396,60,0.08217391304347826,0,0,1,1,0
2,26,9000,7500,36,0.1578571428571429,0,0,0,0,0
9,57,4900,4900,60,0.04787234042553191,0,0,1,0,0
17,48,12000,10866,60,0.08,0,0,1,0,0
1,23,15500,15723,60,0.2169230769230769,0,0,0,0,0
6,44,7200,5700,72,0.06148648648648649,0,0,0,0,0
6,26,13330,8230,36,0.1685714285714286,1,0,0,0,0
13,37,23800,15800,48,0.1836842105263158,0,0,0,0,0
8,35,12990,12990,72,0.05908096280087528,0,0,1,0,0
1,35,10522,11363,60,0.1293333333333333,0,0,1,0,1
2,66,13140,8270,24,0.1367585946354364,1,0,1,1,0
15,47,9700,9532,72,0.04318840579710145,0,0,1,1,0
4,59,7119,7119,48,0.0795,0,0,0,0,0
1,22,6200,4711,36,0.07628062360801782,0,0,0,0,0
9,46,5712,5712,48,0.07277777777777777,0,0,0,0,1
11,46,6537,5000,24,0.1028571428571429,0,0,0,1,0
18,38,9089,4412,36,0.02662337662337662,0,0,1,1,0
3,25,17775,12775,60,0.07579908675799087,1,0,0,0,0
9,55,10760,8639,48,0.04948717948717949,0,0,0,0,0
1,52,15800,3700,36,0.0568421052631579,1,0,0,1,0
15,40,9300,9734,60,0.075,0,0,1,0,0
25,51,29500,26000,72,0.02966666666666667,0,0,1,1,0
7,55,21849,21849,96,0.1305,0,0,1,1,0
1,20,14500,14500,48,0.17,0,0,0,0,1
39,55,22000,16000,72,0.1136363636363636,0,0,1,1,0
6,43,21639,23449,60,0.09146341463414634,0,0,1,1,1
16,36,23000,24032,72,0.07695652173913044,0,0,1,1,0
3,48,4600,2764,24,0.09230769230769231,0,0,1,0,0
8,56,3490,3490,36,0.0416,0,0,1,0,0
3,22,3990,3990,48,0.06571428571428571,0,0,0,0,0
24,62,9000,4462,24,0.09426627793974733,1,0,1,1,0
7,52,13800,4000,36,0.08137931034482758,1,0,0,0,0
8,25,4267,4420,12,0.1111764705882353,0,0,0,0,0
5,25,8000,8728,60,0.0625,0,0,1,1,0
4,46,9000,8200,60,0.1372727272727273,0,0,1,0,1
15,40,25164,22884,60,0.06833333333333333,0,0,1,0,0
2,55,7750,8298,60,0.07407407407407407,0,0,0,0,1
5,48,9000,9991,96,0.09583333333333334,0,0,0,0,0
4,31,8050,8871,60,0.07821497120921306,0,0,0,0,0
3,68,14790,6790,48,0.08742857142857142,1,0,0,0,0
10,51,20500,6430,36,0.1314285714285714,1,0,1,0,0
1,25,7738,6803,48,0.08823529411764706,0,0,0,0,0
39,62,15995,10995,60,0.06274509803921569,0,0,1,1,0
17,46,11400,13445,84,0.05357142857142857,0,0,1,1,0
4,67,15500,6710,48,0.0930817610062893,1,0,1,1,0
0,53,10400,11169,36,0.1499544211485871,0,0,1,1,1
18,44,5850,5850,36,0.07393939393939394,0,0,0,0,0
10,73,7079,7211,24,0.149047619047619,0,0,1,1,0
14,74,9679,10131,60,0.1901840490797546,0,0,0,0,1
0,20,5850,6202,60,0.08857142857142856,0,0,0,0,0
1,27,5991,6564,72,0.04788732394366197,0,0,1,0,1
39,58,20885,16098,60,0.1165714285714286,0,0,1,1,0
15,60,7695,7461,60,0.1076923076923077,0,0,0,0,1
10,41,29000,25500,60,0.09366925064599484,0,0,0,1,0
8,69,4989,4989,48,0.1095238095238095,0,0,1,1,0
4,23,9000,9167,48,0.115,0,0,0,0,0
4,44,14490,16174,48,0.177,0,0,0,0,1
20,37,6949,7477,48,0.07627906976744186,0,0,0,0,0
33,69,8298,8298,48,0.0718125960061444,0,0,1,1,0
2,22,7240,7240,60,0.0890909090909091,0,0,1,0,0
4,36,10120,4120,36,0.03014553014553015,1,0,0,1,0
3,33,7500,6000,12,0.1977640709329221,0,0,0,0,0
3,31,9150,10102,84,0.04211526282457251,0,0,0,0,0
17,48,12990,9990,72,0.04875,0,0,0,0,0
19,37,15550,14408,84,0.08260869565217391,0,0,1,0,0
0,30,19990,9990,36,0.1523076923076923,0,0,1,0,0
29,54,10000,3500,36,0.03678571428571428,1,0,1,1,0
20,51,11300,5000,36,0.075,0,0,1,1,0
26,49,19800,23458,72,0.09407407407407407,0,0,1,1,0
18,48,8600,8600,60,0.05363636363636363,0,0,0,1,0
0,36,13900,13900,72,0.07228915662650602,0,0,1,0,0
8,44,17980,18719,48,0.095,0,0,0,0,0
10,64,11990,11978,48,0.09733333333333333,0,0,1,1,0
22,43,23900,27815,72,0.1158497772119669,0,0,1,1,0
22,45,7900,9096,60,0.1135714285714286,0,0,1,0,0
9,38,4502,4856,48,0.08384615384615385,0,1,0,0,1
1,33,22900,17900,60,0.098,0,0,0,0,0
3,27,25858,25972,24,0.1816666666666667,0,0,0,0,0
6,32,12300,11300,72,0.0919629057187017,0,0,0,1,0
5,47,15900,17764,96,0.135,0,0,1,0,0
24,54,8099,8099,28,0.03975,0,0,1,1,0
16,76,10490,7990,36,0.1,0,0,0,1,0
29,51,7990,4136,36,0.06,1,0,0,0,0
0,26,29700,29212,72,0.1961770623742455,0,0,1,0,1
10,70,21492,11492,60,0.04166666666666666,1,0,0,0,0
1,24,17990,17990,72,0.126,0,0,0,1,0
2,43,23000,24418,72,0.1655011655011655,0,0,1,0,0
1,22,16990,18283,60,0.0868421052631579,0,0,0,0,1
1,27,13490,6426,36,0.1038888888888889,1,0,0,0,0
12,54,11300,10000,72,0.0505,0,0,1,0,1
